date,issue_hour,physical_slot0,right_endpoint_hour,实际光伏,官方预报（对齐后）,自建基础预测,融合预测
2025-03-20,0,1,0.3333333333333333,0.0,0.0,0.0,0.0
2025-03-20,0,2,0.5,0.0,0.0,0.0,0.0
2025-03-20,0,3,0.6666666666666666,0.0,0.0,0.0,0.0
2025-03-20,0,4,0.8333333333333334,0.0,0.0,0.0,0.0
2025-03-20,0,5,1.0,0.0,0.0,0.0,0.0
2025-03-20,0,6,1.1666666666666667,0.0,0.0,0.0,0.0
2025-03-20,0,7,1.3333333333333333,0.0,0.0,0.0,0.0
2025-03-20,0,8,1.5,0.0,0.0,0.0,0.0
2025-03-20,0,9,1.6666666666666667,0.0,0.0,0.0,0.0
2025-03-20,0,10,1.8333333333333333,0.0,0.0,0.0,0.0
2025-03-20,0,11,2.0,0.0,0.0,0.0,0.0
2025-03-20,0,12,2.1666666666666665,0.0,0.0,0.0,0.0
2025-03-20,0,13,2.3333333333333335,0.0,0.0,0.0,0.0
2025-03-20,0,14,2.5,0.0,0.0,0.0,0.0
2025-03-20,0,15,2.6666666666666665,0.0,0.0,0.0,0.0
2025-03-20,0,16,2.8333333333333335,0.0,0.0,0.0,0.0
2025-03-20,0,17,3.0,0.0,0.0,0.0,0.0
2025-03-20,0,18,3.1666666666666665,0.0,0.0,0.0,0.0
2025-03-20,0,19,3.3333333333333335,0.0,0.0,0.0,0.0
2025-03-20,0,20,3.5,0.0,0.0,0.0,0.0
2025-03-20,0,21,3.6666666666666665,0.0,0.0,0.0,0.0
2025-03-20,0,22,3.8333333333333335,0.0,0.0,0.0,0.0
2025-03-20,0,23,4.0,0.0,0.0,0.0,0.0
2025-03-20,0,24,4.166666666666667,0.0019,0.0,0.0,0.0007331196581196586
2025-03-20,0,25,4.333333333333333,0.0,0.0,0.0,0.0007331196581196586
2025-03-20,0,26,4.5,0.0,0.0,0.0,0.0
2025-03-20,0,27,4.666666666666667,0.0271,0.0,0.0,0.0007331196581196586
2025-03-20,0,28,4.833333333333333,0.0,0.0,0.0,0.0007331196581196586
2025-03-20,0,29,5.0,0.0,0.0,0.0,0.0
2025-03-20,0,30,5.166666666666667,0.3776,0.0,0.0,0.1514739316239317
2025-03-20,0,31,5.333333333333333,0.0,0.0,0.0,0.1514739316239317
2025-03-20,0,32,5.5,0.0,0.0,0.0,0.0
2025-03-20,0,33,5.666666666666667,5.2594,0.0,0.0,0.1514739316239317
2025-03-20,0,34,5.833333333333333,0.0,0.0,0.0,0.1514739316239317
2025-03-20,0,35,6.0,0.0,0.0,11.132073615632958,0.0
2025-03-20,0,36,6.166666666666667,153.4202,290.7432166666672,141.63586078329857,169.77063084094684
2025-03-20,0,37,6.333333333333333,401.044,581.4864333333344,379.9363050420152,435.402084659203
2025-03-20,0,38,6.5,675.525,872.22965,665.2451302457035,731.8453104851685
2025-03-20,0,39,6.666666666666667,952.6316,1162.9728666666672,981.5908697015092,1048.6317667422898
2025-03-20,0,40,6.833333333333333,1302.5378,1453.7160833333344,1307.717687273522,1371.8292574330148
2025-03-20,0,41,7.0,1693.2375,1744.4593,1642.142027551826,1700.4653821016745
2025-03-20,0,42,7.166666666666667,2009.9231,2087.0072333333337,1990.4918907325348,2081.797797599001
2025-03-20,0,43,7.333333333333333,2305.9149,2429.555166666668,2287.834362020087,2422.4527439976605
2025-03-20,0,44,7.5,2609.7375,2772.1031000000003,2525.658204531273,2754.93334796991
2025-03-20,0,45,7.666666666666667,2894.0148,3114.651033333334,2830.405510790289,3096.6052811156137
2025-03-20,0,46,7.833333333333333,3179.5684,3457.1989666666677,3195.1063071073763,3446.5112809303323
2025-03-20,0,47,8.0,3476.5125,3799.7469,3485.591467416322,3786.2244380234247
2025-03-20,0,48,8.166666666666666,3761.2255,4090.2856666666657,3763.735293993602,3989.8824306343317
2025-03-20,0,49,8.333333333333334,3976.3717,4380.824433333331,4056.288643368998,4269.687122247945
2025-03-20,0,50,8.5,4220.325,4671.3632,4304.0524220108255,4534.124045501321
2025-03-20,0,51,8.666666666666666,4653.7429,4961.901966666666,4522.895630191432,4788.6380197195795
2025-03-20,0,52,8.833333333333334,5037.5027,5252.440733333331,4801.167846170209,5063.542705676375
2025-03-20,0,53,9.0,5180.8875,5542.9795,5168.509661644657,5369.008099194562
2025-03-20,0,54,9.166666666666666,5166.4978,5841.8637499999995,5440.992662866277,5723.888269776059
2025-03-20,0,55,9.333333333333334,5533.329,6140.747999999998,5731.932268407746,6011.351992313723
2025-03-20,0,56,9.5,6107.7375,6439.632250000001,6051.051374398794,6310.512443177933
2025-03-20,0,57,9.666666666666666,6182.795,6738.516499999999,6291.708231530348,6577.104835909198
2025-03-20,0,58,9.833333333333334,6198.386,7037.400749999998,6498.261241010665,6829.541426213089
2025-03-20,0,59,10.0,6426.1875,7336.285,6646.957622879688,7057.962925963116
2025-03-20,0,60,10.166666666666666,6675.2481,7488.569233333333,6827.709076360554,7162.373178100328
2025-03-20,0,61,10.333333333333334,6774.004,7640.853466666666,6972.092090236736,7298.9980281319495
2025-03-20,0,62,10.5,6879.075,7793.1377,7076.794917475572,7418.265812837234
2025-03-20,0,63,10.666666666666666,7268.5137,7945.421933333333,7170.065211954976,7532.532733515225
2025-03-20,0,64,10.833333333333334,7455.3554,8097.706166666666,7367.233413127066,7692.24709047209
2025-03-20,0,65,11.0,7263.0,8249.9904,7519.593288327565,7832.361210964325
2025-03-20,0,66,11.166666666666666,7021.6679,8182.815300000001,7544.283893002652,7823.614125006364
2025-03-20,0,67,11.333333333333334,7052.8842,8115.640200000001,7635.813422632876,7829.507561066095
2025-03-20,0,68,11.5,7317.5625,8048.4651,7772.177009117685,7853.794370225324
2025-03-20,0,69,11.666666666666666,7505.6333,7981.290000000001,7787.471226236939,7828.4119270819065
2025-03-20,0,70,11.833333333333334,7635.0323,7914.1149000000005,7762.524298335145,7786.520373537797
2025-03-20,0,71,12.0,7818.45,7846.9398,7757.272585596179,7752.70887043257
2025-03-20,0,72,12.166666666666666,8082.9395,7596.228716666667,7775.52509355029,7565.9455814254725
2025-03-20,0,73,12.333333333333334,8090.5707,7345.517633333336,7875.579176607829,7501.650291474869
2025-03-20,0,74,12.5,7709.3625,7094.80655,7957.8041580760755,7430.132705949576
2025-03-20,0,75,12.666666666666666,7205.256,6844.095466666668,7845.1066702012895,7279.655017993271
2025-03-20,0,76,12.833333333333334,7206.9442,6593.384383333336,7728.432047903634,7127.566253887203
2025-03-20,0,77,13.0,7525.8,6342.6733,7687.472672667954,7006.148574975943
2025-03-20,0,78,13.166666666666666,7339.075,6266.766433333334,7605.57522785083,7025.029961042571
2025-03-20,0,79,13.333333333333334,6900.6338,6190.859566666668,7402.286208562162,6887.53052014905
2025-03-20,0,80,13.5,6610.0125,6114.9527,7203.472670999792,6752.560526912002
2025-03-20,0,81,13.666666666666666,6642.1795,6039.045833333334,7145.503642834292,6697.192872821513
2025-03-20,0,82,13.833333333333334,6806.5377,5963.138966666667,7036.9229029610515,6613.220549245507
2025-03-20,0,83,14.0,6799.95,5887.2321,6738.133152235772,6421.746113905165
2025-03-20,0,84,14.166666666666666,6453.6137,5556.052500000002,6483.112100045563,6135.925118294806
2025-03-20,0,85,14.333333333333334,6203.5886,5224.872900000002,6304.712332126843,5919.296059123309
2025-03-20,0,86,14.5,6115.6875,4893.6933,6035.9605571442125,5645.350715265041
2025-03-20,0,87,14.666666666666666,5837.6616,4562.513700000001,5812.161200659975,5399.921678899426
2025-03-20,0,88,14.833333333333334,5431.9635,4231.334100000003,5568.708786706121,5142.02540164455
2025-03-20,0,89,15.0,5072.775,3900.1545,5333.88700780802,4889.6041099706035
2025-03-20,0,90,15.166666666666666,4855.4545,3642.360700000001,5136.146162609632,4622.483098998893
2025-03-20,0,91,15.333333333333334,4561.8383,3384.566900000002,4872.463989909883,4365.796685950348
2025-03-20,0,92,15.5,4146.825,3126.7731000000003,4545.411559684929,4069.1027389725978
2025-03-20,0,93,15.666666666666666,3778.6785,2868.979300000001,4247.968586710225,3791.1021256158065
2025-03-20,0,94,15.833333333333334,3471.4229,2611.185500000002,3957.9832903792676,3517.8097659889145
2025-03-20,0,95,16.0,3156.225,2353.3917,3665.079760935864,3242.6750387463762
2025-03-20,0,96,16.166666666666668,2779.805,2169.4160166666657,3318.800824334345,2708.031498667993
2025-03-20,0,97,16.333333333333332,2507.3559,1985.4403333333307,2921.1237836443543,2427.528258527599
2025-03-20,0,98,16.5,2334.4125,1801.4646500000001,2496.763483239146,2135.0806118172254
2025-03-20,0,99,16.666666666666668,2077.0816,1617.4889666666654,2152.0221865298563,1878.273353912067
2025-03-20,0,100,16.833333333333332,1733.8533,1433.513283333331,1846.361822879099,1638.9601562741834
2025-03-20,0,101,17.0,1377.7125,1249.5376,1546.3644755991859,1402.181932648763
2025-03-20,0,102,17.166666666666668,1083.9022,1041.281333333332,1243.0287918280196,1056.9932466246223
2025-03-20,0,103,17.333333333333332,831.8823,833.0250666666639,936.8666253968088,809.9129531496648
2025-03-20,0,104,17.5,597.3375,624.7688,647.9200179911168,571.3508458206726
2025-03-20,0,105,17.666666666666668,374.8971,416.51253333333193,373.4750241967898,339.96407586964756
2025-03-20,0,106,17.833333333333332,156.1276,208.2562666666638,143.80231056139667,130.73044169584028
2025-03-20,0,107,18.0,0.0,0.0,10.463639380764526,0.0
2025-03-20,0,108,18.166666666666668,0.0,0.0,0.0,0.1599729751201775
2025-03-20,0,109,18.333333333333332,5.5774,0.0,0.0,0.1599729751201775
2025-03-20,0,110,18.5,0.0,0.0,0.0,0.0
2025-03-20,0,111,18.666666666666668,0.0,0.0,0.0,0.1599729751201775
2025-03-20,0,112,18.833333333333332,0.4004,0.0,0.0,0.1599729751201775
2025-03-20,0,113,19.0,0.0,0.0,0.0,0.0
2025-03-20,0,114,19.166666666666668,0.0,0.0,0.0,0.0007722222222222228
2025-03-20,0,115,19.333333333333332,0.0288,0.0,0.0,0.0007722222222222228
2025-03-20,0,116,19.5,0.0,0.0,0.0,0.0
2025-03-20,0,117,19.666666666666668,0.0,0.0,0.0,0.0007722222222222228
2025-03-20,0,118,19.833333333333332,0.0021,0.0,0.0,0.0007722222222222228
2025-03-20,0,119,20.0,0.0,0.0,0.0,0.0
2025-03-20,0,120,20.166666666666668,0.0,0.0,0.0,0.0
2025-03-20,0,121,20.333333333333332,0.0,0.0,0.0,0.0
2025-03-20,0,122,20.5,0.0,0.0,0.0,0.0
2025-03-20,0,123,20.666666666666668,0.0,0.0,0.0,0.0
2025-03-20,0,124,20.833333333333332,0.0,0.0,0.0,0.0
2025-03-20,0,125,21.0,0.0,0.0,0.0,0.0
2025-03-20,0,126,21.166666666666668,0.0,0.0,0.0,0.0
2025-03-20,0,127,21.333333333333332,0.0,0.0,0.0,0.0
2025-03-20,0,128,21.5,0.0,0.0,0.0,0.0
2025-03-20,0,129,21.666666666666668,0.0,0.0,0.0,0.0
2025-03-20,0,130,21.833333333333332,0.0,0.0,0.0,0.0
2025-03-20,0,131,22.0,0.0,0.0,0.0,0.0
2025-03-20,0,132,22.166666666666668,0.0,0.0,0.0,0.0
2025-03-20,0,133,22.333333333333332,0.0,0.0,0.0,0.0
2025-03-20,0,134,22.5,0.0,0.0,0.0,0.0
2025-03-20,0,135,22.666666666666668,0.0,0.0,0.0,0.0
2025-03-20,0,136,22.833333333333332,0.0,0.0,0.0,0.0
2025-03-20,0,137,23.0,0.0,0.0,0.0,0.0
2025-03-20,0,138,23.166666666666668,0.0,0.0,0.0,0.0
2025-03-20,0,139,23.333333333333332,0.0,0.0,0.0,0.0
2025-03-20,0,140,23.5,0.0,0.0,0.0,0.0
2025-03-20,0,141,23.666666666666668,0.0,0.0,0.0,0.0
2025-03-20,0,142,23.833333333333332,0.0,0.0,0.0,0.0
2025-03-20,0,143,24.0,0.0,0.0,0.0,0.0
2025-03-20,12,72,12.166666666666666,8082.9395,7785.682116666667,7775.52509355029,7834.837784001785
2025-03-20,12,73,12.333333333333334,8090.5707,7752.914233333334,7875.579176607829,7800.0464588135965
2025-03-20,12,74,12.5,7709.3625,7720.14635,7957.8041580760755,7765.467774971903
2025-03-20,12,75,12.666666666666666,7205.256,7687.378466666667,7845.1066702012895,7733.21386201875
2025-03-20,12,76,12.833333333333334,7206.9442,7654.610583333334,7728.432047903634,7701.007382931776
2025-03-20,12,77,13.0,7525.8,7621.8427,7687.472672667954,7667.897875051961
2025-03-20,12,78,13.166666666666666,7339.075,7499.565200000001,7605.57522785083,7534.768524026828
2025-03-20,12,79,13.333333333333334,6900.6338,7377.287700000001,7402.286208562162,7409.715065200362
2025-03-20,12,80,13.5,6610.0125,7255.010200000001,7203.472670999792,7284.895144009578
2025-03-20,12,81,13.666666666666666,6642.1795,7132.7327000000005,7145.503642834292,7167.4247095858245
2025-03-20,12,82,13.833333333333334,6806.5377,7010.455200000001,7036.9229029610515,7047.313276893516
2025-03-20,12,83,14.0,6799.95,6888.1777,6738.133152235772,6917.27644054711
2025-03-20,12,84,14.166666666666666,6453.6137,6607.6682500000015,6483.112100045563,6636.973759319457
2025-03-20,12,85,14.333333333333334,6203.5886,6327.158800000002,6304.712332126843,6363.693906786693
2025-03-20,12,86,14.5,6115.6875,6046.64935,6035.9605571442125,6081.138682251774
2025-03-20,12,87,14.666666666666666,5837.6616,5766.139900000001,5812.161200659975,5803.198190886805
2025-03-20,12,88,14.833333333333334,5431.9635,5485.630450000002,5568.708786706121,5523.240152541596
2025-03-20,12,89,15.0,5072.775,5205.121,5333.88700780802,5244.168119425913
2025-03-20,12,90,15.166666666666666,4855.4545,4880.425166666668,5136.146162609632,4953.775506748892
2025-03-20,12,91,15.333333333333334,4561.8383,4555.7293333333355,4872.463989909883,4634.643506946233
2025-03-20,12,92,15.5,4146.825,4231.0335,4545.411559684929,4306.370312487636
2025-03-20,12,93,15.666666666666666,3778.6785,3906.3376666666677,4247.968586710225,3982.3682985946803
2025-03-20,12,94,15.833333333333334,3471.4229,3581.641833333336,3957.9832903792676,3659.442058677464
2025-03-20,12,95,16.0,3156.225,3256.946,3665.079760935864,3336.0948620216404
2025-03-20,12,96,16.166666666666668,2779.805,2946.7262666666643,3318.800824334345,2978.2425318672545
2025-03-20,12,97,16.333333333333332,2507.3559,2636.5065333333287,2921.1237836443543,2657.2264072155126
2025-03-20,12,98,16.5,2334.4125,2326.2868,2496.763483239146,2334.1009841639648
2025-03-20,12,99,16.666666666666668,2077.0816,2016.0670666666645,2152.0221865298563,2017.2694037269484
2025-03-20,12,100,16.833333333333332,1733.8533,1705.8473333333288,1846.361822879099,1703.5271515970162
2025-03-20,12,101,17.0,1377.7125,1395.6276,1546.3644755991859,1390.2325580926333
2025-03-20,12,102,17.166666666666668,1083.9022,1163.0229999999983,1243.0287918280196,1097.1248916006778
2025-03-20,12,103,17.333333333333332,831.8823,930.4183999999967,936.8666253968088,842.6064819413115
2025-03-20,12,104,17.5,597.3375,697.8138,647.9200179911168,596.2312266074637
2025-03-20,12,105,17.666666666666668,374.8971,465.2091999999983,373.4750241967898,356.71539869222397
2025-03-20,12,106,17.833333333333332,156.1276,232.6045999999967,143.80231056139667,138.37736618281548
2025-03-20,12,107,18.0,0.0,0.0,10.463639380764526,0.0
2025-03-20,12,108,18.166666666666668,0.0,0.0,0.0,0.1599729751201775
2025-03-20,12,109,18.333333333333332,5.5774,0.0,0.0,0.1599729751201775
2025-03-20,12,110,18.5,0.0,0.0,0.0,0.0
2025-03-20,12,111,18.666666666666668,0.0,0.0,0.0,0.1599729751201775
2025-03-20,12,112,18.833333333333332,0.4004,0.0,0.0,0.1599729751201775
2025-03-20,12,113,19.0,0.0,0.0,0.0,0.0
2025-03-20,12,114,19.166666666666668,0.0,0.0,0.0,0.0007722222222222228
2025-03-20,12,115,19.333333333333332,0.0288,0.0,0.0,0.0007722222222222228
2025-03-20,12,116,19.5,0.0,0.0,0.0,0.0
2025-03-20,12,117,19.666666666666668,0.0,0.0,0.0,0.0007722222222222228
2025-03-20,12,118,19.833333333333332,0.0021,0.0,0.0,0.0007722222222222228
2025-03-20,12,119,20.0,0.0,0.0,0.0,0.0
2025-03-20,12,120,20.166666666666668,0.0,0.0,0.0,0.0
2025-03-20,12,121,20.333333333333332,0.0,0.0,0.0,0.0
2025-03-20,12,122,20.5,0.0,0.0,0.0,0.0
2025-03-20,12,123,20.666666666666668,0.0,0.0,0.0,0.0
2025-03-20,12,124,20.833333333333332,0.0,0.0,0.0,0.0
2025-03-20,12,125,21.0,0.0,0.0,0.0,0.0
2025-03-20,12,126,21.166666666666668,0.0,0.0,0.0,0.0
2025-03-20,12,127,21.333333333333332,0.0,0.0,0.0,0.0
2025-03-20,12,128,21.5,0.0,0.0,0.0,0.0
2025-03-20,12,129,21.666666666666668,0.0,0.0,0.0,0.0
2025-03-20,12,130,21.833333333333332,0.0,0.0,0.0,0.0
2025-03-20,12,131,22.0,0.0,0.0,0.0,0.0
2025-03-20,12,132,22.166666666666668,0.0,0.0,0.0,0.0
2025-03-20,12,133,22.333333333333332,0.0,0.0,0.0,0.0
2025-03-20,12,134,22.5,0.0,0.0,0.0,0.0
2025-03-20,12,135,22.666666666666668,0.0,0.0,0.0,0.0
2025-03-20,12,136,22.833333333333332,0.0,0.0,0.0,0.0
2025-03-20,12,137,23.0,0.0,0.0,0.0,0.0
2025-03-20,12,138,23.166666666666668,0.0,0.0,0.0,0.0
2025-03-20,12,139,23.333333333333332,0.0,0.0,0.0,0.0
2025-03-20,12,140,23.5,0.0,0.0,0.0,0.0
2025-03-20,12,141,23.666666666666668,0.0,0.0,0.0,0.0
2025-03-20,12,142,23.833333333333332,0.0,0.0,0.0,0.0
2025-03-20,12,143,24.0,0.0,0.0,0.0,0.0
2025-06-21,0,1,0.3333333333333333,0.0,0.0,0.0,0.0
2025-06-21,0,2,0.5,0.0,0.0,0.0,0.0
2025-06-21,0,3,0.6666666666666666,0.0,0.0,0.0,0.0
2025-06-21,0,4,0.8333333333333334,0.0,0.0,0.0,0.0
2025-06-21,0,5,1.0,0.0,0.0,0.0,0.0
2025-06-21,0,6,1.1666666666666667,0.0,0.0,0.0,0.0
2025-06-21,0,7,1.3333333333333333,0.0,0.0,0.0,0.0
2025-06-21,0,8,1.5,0.0,0.0,0.0,0.0
2025-06-21,0,9,1.6666666666666667,0.0,0.0,0.0,0.0
2025-06-21,0,10,1.8333333333333333,0.0,0.0,0.0,0.0
2025-06-21,0,11,2.0,0.0,0.0,0.0,0.0
2025-06-21,0,12,2.1666666666666665,0.0,0.0,0.0,0.0
2025-06-21,0,13,2.3333333333333335,0.0,0.0,0.0,0.0
2025-06-21,0,14,2.5,0.0,0.0,0.0,0.0
2025-06-21,0,15,2.6666666666666665,0.0,0.0,0.0,0.0
2025-06-21,0,16,2.8333333333333335,0.0,0.0,0.0,0.0
2025-06-21,0,17,3.0,0.0,0.0,0.0,0.0
2025-06-21,0,18,3.1666666666666665,0.0012,0.0,0.0,0.0007457115009746591
2025-06-21,0,19,3.3333333333333335,0.0,0.0,0.0,0.0
2025-06-21,0,20,3.5,0.0,0.0,0.0,0.0
2025-06-21,0,21,3.6666666666666665,0.0162,0.0,0.0,0.0007457115009746591
2025-06-21,0,22,3.8333333333333335,0.0,0.0,0.0,0.0
2025-06-21,0,23,4.0,0.0,0.0,0.0,0.0
2025-06-21,0,24,4.166666666666667,0.2263,1.1609166666666686,0.0,0.9366905592982541
2025-06-21,0,25,4.333333333333333,0.0,0.0,0.0,0.0
2025-06-21,0,26,4.5,0.0,0.0,0.0,0.0
2025-06-21,0,27,4.666666666666667,3.1516,4.643666666666668,0.0,3.4048062684942004
2025-06-21,0,28,4.833333333333333,0.0,0.0,0.0,0.0
2025-06-21,0,29,5.0,7.275,6.9655,30.922998529741754,6.5205228349185145
2025-06-21,0,30,5.166666666666667,116.7655,149.04488333333356,120.1151003359043,122.99915012416209
2025-06-21,0,31,5.333333333333333,263.9703,291.12426666666715,307.25810777207863,305.40524710064597
2025-06-21,0,32,5.5,417.075,433.20365,498.8553480963097,491.50913247827043
2025-06-21,0,33,5.666666666666667,587.5961,575.2830333333336,696.7080673179071,682.806153888877
2025-06-21,0,34,5.833333333333333,735.8325,717.3624166666672,904.2567211790374,882.1524882899243
2025-06-21,0,35,6.0,890.7,859.4418,1110.5156221917441,1080.4281033902303
2025-06-21,0,36,6.166666666666667,1136.9554,1138.3141833333339,1317.922038193558,1212.9019848388102
2025-06-21,0,37,6.333333333333333,1453.4028,1417.1865666666677,1512.2738733274894,1457.5408103873838
2025-06-21,0,38,6.5,1765.9125,1696.05895,1682.0652029945563,1690.0970360331053
2025-06-21,0,39,6.666666666666667,2022.3026,1974.931333333334,1921.981351152761,1957.1513352722882
2025-06-21,0,40,6.833333333333333,2350.4923,2253.8037166666677,2186.6781154962955,2236.396518413165
2025-06-21,0,41,7.0,2699.25,2532.6761,2472.776714080368,2526.17038552858
2025-06-21,0,42,7.166666666666667,2874.6231,2766.1286666666674,2768.5395926216647,2779.2430379017064
2025-06-21,0,43,7.333333333333333,3006.0287,2999.5812333333342,3025.888636660918,3020.1672966620386
2025-06-21,0,44,7.5,3224.8875,3233.0338,3257.077537976998,3252.005466306616
2025-06-21,0,45,7.666666666666667,3537.527,3466.486366666667,3512.660460528554,3492.316305736775
2025-06-21,0,46,7.833333333333333,3785.3986,3699.9389333333343,3775.2229391995756,3735.0513241770013
2025-06-21,0,47,8.0,4003.425,3933.3915,4016.6585619488847,3970.448443215389
2025-06-21,0,48,8.166666666666666,4334.7324,4030.971983333333,4247.260577708255,4170.160299384677
2025-06-21,0,49,8.333333333333334,4441.8035,4128.552466666666,4472.600314323064,4320.3855638028
2025-06-21,0,50,8.5,4358.7,4226.13295,4693.512344732611,4468.712420756332
2025-06-21,0,51,8.666666666666666,4479.895,4323.713433333332,4912.08265365918,4616.035249588485
2025-06-21,0,52,8.833333333333334,4668.5166,4421.293916666666,5028.895891729373,4719.729080936768
2025-06-21,0,53,9.0,4746.075,4518.8744,5188.963602775197,4841.968545298441
2025-06-21,0,54,9.166666666666666,4746.9534,4889.578816666665,5490.559986158336,5261.862346245369
2025-06-21,0,55,9.333333333333334,5139.4381,5260.283233333331,5672.329416932016,5534.875202805233
2025-06-21,0,56,9.5,5794.3125,5630.98765,5732.336174542273,5753.154524634805
2025-06-21,0,57,9.666666666666666,6109.068,6001.692066666666,5924.777834897683,6030.964654720992
2025-06-21,0,58,9.833333333333334,6385.1018,6372.396483333331,6102.841432866249,6302.311702513081
2025-06-21,0,59,10.0,6643.5375,6743.1009,6245.253699203487,6557.6331215362825
2025-06-21,0,60,10.166666666666666,6589.8893,6864.0090666666665,6487.899850849494,6762.874398150945
2025-06-21,0,61,10.333333333333334,6695.6004,6984.917233333333,6655.284579983642,6895.051080628583
2025-06-21,0,62,10.5,7000.9875,7105.8254,6741.97870879855,6991.42321560908
2025-06-21,0,63,10.666666666666666,7093.8409,7226.733566666666,6890.796829741907,7115.361404356372
2025-06-21,0,64,10.833333333333334,7243.1188,7347.641733333332,6987.012531426344,7215.958512341232
2025-06-21,0,65,11.0,7400.1,7468.5499,6975.77964417749,7268.877847565174
2025-06-21,0,66,11.166666666666666,7306.5816,7584.002666666666,6926.5245573629945,7335.477796291798
2025-06-21,0,67,11.333333333333334,7782.8954,7699.455433333333,6867.808727592598,7364.263029143456
2025-06-21,0,68,11.5,8490.225,7814.9082,6799.322727618571,7388.782629857882
2025-06-21,0,69,11.666666666666666,8180.7164,7930.360966666666,6744.232808734029,7419.150926430959
2025-06-21,0,70,11.833333333333334,7677.6706,8045.8137333333325,6676.846768327303,7444.150766770912
2025-06-21,0,71,12.0,7665.1125,8161.2665,6608.288719469271,7468.638911120846
2025-06-21,0,72,12.166666666666666,8044.2631,8150.975533333333,6590.141212853883,7397.983413987609
2025-06-21,0,73,12.333333333333334,8300.9755,8140.684566666667,6720.393745942524,7454.60525341832
2025-06-21,0,74,12.5,8383.0125,8130.393599999999,6888.206187163304,7528.865475316515
2025-06-21,0,75,12.666666666666666,8605.7877,8120.102633333333,6853.364647698144,7507.9580411245615
2025-06-21,0,76,12.833333333333334,8542.7209,8109.8116666666665,6733.425436656663,7447.0881748341335
2025-06-21,0,77,13.0,8049.6,8099.5207,6720.884156491558,7436.653090608391
2025-06-21,0,78,13.166666666666666,7493.4162,7753.108766666668,6805.4134128095575,7202.060165507527
2025-06-21,0,79,13.333333333333334,7354.9231,7406.696833333336,6655.434745032904,6987.420792751543
2025-06-21,0,80,13.5,7340.8875,7060.284900000001,6334.42558098576,6684.848797587018
2025-06-21,0,81,13.666666666666666,6714.7449,6713.872966666668,6240.005924919165,6498.774211255823
2025-06-21,0,82,13.833333333333334,6127.755,6367.461033333336,6146.975905580932,6313.414084651895
2025-06-21,0,83,14.0,5956.2,6021.0491,5995.305071797655,6097.904711528971
2025-06-21,0,84,14.166666666666666,5941.7978,6055.135716666667,5966.448750916964,5994.921524342994
2025-06-21,0,85,14.333333333333334,5827.294,6089.222333333333,5859.181497602361,5940.770129297717
2025-06-21,0,86,14.5,5738.1375,6123.308950000001,5633.917152509806,5814.55170887668
2025-06-21,0,87,14.666666666666666,5964.2607,6157.395566666667,5442.063479020912,5708.738941527274
2025-06-21,0,88,14.833333333333334,5979.2451,6191.4821833333335,5325.937610568073,5649.177124645816
2025-06-21,0,89,15.0,5680.4625,6225.5688,5184.323353719379,5574.048209409358
2025-06-21,0,90,15.166666666666666,5457.1539,5777.956266666668,4920.585607196245,5181.054268824197
2025-06-21,0,91,15.333333333333334,5153.0688,5330.343733333337,4692.054491651439,4892.658082312953
2025-06-21,0,92,15.5,4811.1,4882.7312,4507.119697743723,4632.797189144321
2025-06-21,0,93,15.666666666666666,4680.9532,4435.118666666668,4185.700316056909,4283.602434705415
2025-06-21,0,94,15.833333333333334,4481.2341,3987.5061333333365,3865.188623144961,3935.0017938174237
2025-06-21,0,95,16.0,4055.4,3539.8936,3614.850217615322,3632.3319852812597
2025-06-21,0,96,16.166666666666668,3562.8565,3367.066866666665,3371.9684136963724,3372.5221933747234
2025-06-21,0,97,16.333333333333332,3361.4888,3194.240133333331,3146.930736557385,3170.6145753241644
2025-06-21,0,98,16.5,3406.575,3021.4134,2955.6632433881887,2989.096836113981
2025-06-21,0,99,16.666666666666668,3291.2298,2848.586666666665,2803.272182289556,2831.052043938196
2025-06-21,0,100,16.833333333333332,2964.175,2675.759933333331,2597.4369167021387,2640.738524555556
2025-06-21,0,101,17.0,2623.6125,2502.9332,2318.848619620946,2406.4979274064767
2025-06-21,0,102,17.166666666666668,2479.2426,2251.6603833333315,2081.3686206437956,2149.616825473109
2025-06-21,0,103,17.333333333333332,2185.8548,2000.3875666666631,1882.4962349923096,1928.0795724542731
2025-06-21,0,104,17.5,1750.4625,1749.11475,1671.1396437540277,1698.743528023029
2025-06-21,0,105,17.666666666666668,1528.3871,1497.8419333333316,1431.2666729668535,1451.5935110171774
2025-06-21,0,106,17.833333333333332,1310.4274,1246.5691166666631,1228.3003223839055,1227.4987882155656
2025-06-21,0,107,18.0,1034.1,995.2963,1052.1040806432286,1020.1271555214428
2025-06-21,0,108,18.166666666666668,860.3286,830.6427166666655,849.9462739525487,859.6384418876252
2025-06-21,0,109,18.333333333333332,677.2547,665.989133333331,635.8272996953568,648.7002411032355
2025-06-21,0,110,18.5,452.7,501.33555,436.6093415410392,450.785561915428
2025-06-21,0,111,18.666666666666668,276.0564,336.6819666666655,273.19453329707517,284.16291629526347
2025-06-21,0,112,18.833333333333332,121.8367,172.02838333333102,107.61183293700596,115.64552808853745
2025-06-21,0,113,19.0,7.7625,7.3748,30.499144691141712,24.451129499743857
2025-06-21,0,114,19.166666666666668,0.0,0.0,0.0,0.0
2025-06-21,0,115,19.333333333333332,3.2619,4.916533333333316,0.0,2.559790619769841
2025-06-21,0,116,19.5,0.0,0.0,0.0,0.0
2025-06-21,0,117,19.666666666666668,0.0,0.0,0.0,0.0
2025-06-21,0,118,19.833333333333332,0.2342,1.2291333333333156,0.0,0.7294929778755378
2025-06-21,0,119,20.0,0.0,0.0,0.0,0.0
2025-06-21,0,120,20.166666666666668,0.0,0.0,0.0,0.0
2025-06-21,0,121,20.333333333333332,0.0168,0.0,0.0,0.0007526315789473688
2025-06-21,0,122,20.5,0.0,0.0,0.0,0.0
2025-06-21,0,123,20.666666666666668,0.0,0.0,0.0,0.0
2025-06-21,0,124,20.833333333333332,0.0012,0.0,0.0,0.0007526315789473688
2025-06-21,0,125,21.0,0.0,0.0,0.0,0.0
2025-06-21,0,126,21.166666666666668,0.0,0.0,0.0,0.0
2025-06-21,0,127,21.333333333333332,0.0,0.0,0.0,0.0
2025-06-21,0,128,21.5,0.0,0.0,0.0,0.0
2025-06-21,0,129,21.666666666666668,0.0,0.0,0.0,0.0
2025-06-21,0,130,21.833333333333332,0.0,0.0,0.0,0.0
2025-06-21,0,131,22.0,0.0,0.0,0.0,0.0
2025-06-21,0,132,22.166666666666668,0.0,0.0,0.0,0.0
2025-06-21,0,133,22.333333333333332,0.0,0.0,0.0,0.0
2025-06-21,0,134,22.5,0.0,0.0,0.0,0.0
2025-06-21,0,135,22.666666666666668,0.0,0.0,0.0,0.0
2025-06-21,0,136,22.833333333333332,0.0,0.0,0.0,0.0
2025-06-21,0,137,23.0,0.0,0.0,0.0,0.0
2025-06-21,0,138,23.166666666666668,0.0,0.0,0.0,0.0
2025-06-21,0,139,23.333333333333332,0.0,0.0,0.0,0.0
2025-06-21,0,140,23.5,0.0,0.0,0.0,0.0
2025-06-21,0,141,23.666666666666668,0.0,0.0,0.0,0.0
2025-06-21,0,142,23.833333333333332,0.0,0.0,0.0,0.0
2025-06-21,0,143,24.0,0.0,0.0,0.0,0.0
2025-06-21,12,72,12.166666666666666,8044.2631,7699.6236,6590.141212853883,7710.245518490005
2025-06-21,12,73,12.333333333333334,8300.9755,7734.1347,6720.393745942524,7747.33488934282
2025-06-21,12,74,12.5,8383.0125,7768.6458,6888.206187163304,7785.351491951078
2025-06-21,12,75,12.666666666666666,8605.7877,7803.1569,6853.364647698144,7818.365228056096
2025-06-21,12,76,12.833333333333334,8542.7209,7837.668,6733.425436656663,7849.278179912065
2025-06-21,12,77,13.0,8049.6,7872.1791,6720.884156491558,7882.8424367613015
2025-06-21,12,78,13.166666666666666,7493.4162,7502.322500000001,6805.4134128095575,7518.62919123841
2025-06-21,12,79,13.333333333333334,7354.9231,7132.465900000003,6655.434745032904,7156.012089788543
2025-06-21,12,80,13.5,7340.8875,6762.6093,6334.42558098576,6791.568083840815
2025-06-21,12,81,13.666666666666666,6714.7449,6392.752700000001,6240.005924919165,6429.544449700011
2025-06-21,12,82,13.833333333333334,6127.755,6022.896100000003,6146.975905580932,6067.535659307221
2025-06-21,12,83,14.0,5956.2,5653.0395,5995.305071797655,5704.90048256811
2025-06-21,12,84,14.166666666666666,5941.7978,5593.80405,5966.448750916964,5652.961657535146
2025-06-21,12,85,14.333333333333334,5827.294,5534.5686000000005,5859.181497602361,5589.742925449773
2025-06-21,12,86,14.5,5738.1375,5475.33315,5633.917152509806,5518.21609158975
2025-06-21,12,87,14.666666666666666,5964.2607,5416.0977,5442.063479020912,5449.041682317995
2025-06-21,12,88,14.833333333333334,5979.2451,5356.86225,5325.937610568073,5385.199220655545
2025-06-21,12,89,15.0,5680.4625,5297.6268,5184.323353719379,5319.562137433581
2025-06-21,12,90,15.166666666666666,5457.1539,5047.112800000001,4920.585607196245,5057.812798126209
2025-06-21,12,91,15.333333333333334,5153.0688,4796.598800000002,4692.054491651439,4808.670062137095
2025-06-21,12,92,15.5,4811.1,4546.0848000000005,4507.119697743723,4564.390256839494
2025-06-21,12,93,15.666666666666666,4680.9532,4295.570800000001,4185.700316056909,4304.886343958811
2025-06-21,12,94,15.833333333333334,4481.2341,4045.056800000002,3865.188623144961,4045.4836787851805
2025-06-21,12,95,16.0,4055.4,3794.5428,3614.850217615322,3793.9084591418514
2025-06-21,12,96,16.166666666666668,3562.8565,3584.5224499999986,3371.9684136963724,3558.135934706362
2025-06-21,12,97,16.333333333333332,3361.4888,3374.502099999997,3146.930736557385,3345.2075214061088
2025-06-21,12,98,16.5,3406.575,3164.48175,2955.6632433881887,3136.235836555238
2025-06-21,12,99,16.666666666666668,3291.2298,2954.461399999999,2803.272182289556,2931.8191604932263
2025-06-21,12,100,16.833333333333332,2964.175,2744.441049999997,2597.4369167021387,2721.140623241938
2025-06-21,12,101,17.0,2623.6125,2534.4207,2318.848619620946,2501.9378804445
2025-06-21,12,102,17.166666666666668,2479.2426,2274.1104499999983,2081.3686206437956,2191.14386457172
2025-06-21,12,103,17.333333333333332,2185.8548,2013.8001999999965,1882.4962349923096,1948.9351347382378
2025-06-21,12,104,17.5,1750.4625,1753.4899500000001,1671.1396437540277,1702.0375022145151
2025-06-21,12,105,17.666666666666668,1528.3871,1493.1796999999983,1431.2666729668535,1444.4294942605516
2025-06-21,12,106,17.833333333333332,1310.4274,1232.8694499999965,1228.3003223839055,1200.683125283959
2025-06-21,12,107,18.0,1034.1,972.5592,1052.1040806432286,966.9912555300865
2025-06-21,12,108,18.166666666666668,860.3286,811.6675999999989,849.9462739525487,845.8117163750234
2025-06-21,12,109,18.333333333333332,677.2547,650.7759999999978,635.8272996953568,639.0872468016693
2025-06-21,12,110,18.5,452.7,489.8844,436.6093415410392,444.828268345149
2025-06-21,12,111,18.666666666666668,276.0564,328.99279999999885,273.19453329707517,280.52052570241113
2025-06-21,12,112,18.833333333333332,121.8367,168.1011999999978,107.61183293700596,114.39922620361762
2025-06-21,12,113,19.0,7.7625,7.2096,30.499144691141712,22.287789019048585
2025-06-21,12,114,19.166666666666668,0.0,0.0,0.0,0.0
2025-06-21,12,115,19.333333333333332,3.2619,4.806399999999983,0.0,2.460768501376619
2025-06-21,12,116,19.5,0.0,0.0,0.0,0.0
2025-06-21,12,117,19.666666666666668,0.0,0.0,0.0,0.0
2025-06-21,12,118,19.833333333333332,0.2342,1.2015999999999831,0.0,0.7048469512068944
2025-06-21,12,119,20.0,0.0,0.0,0.0,0.0
2025-06-21,12,120,20.166666666666668,0.0,0.0,0.0,0.0
2025-06-21,12,121,20.333333333333332,0.0168,0.0,0.0,0.0007526315789473688
2025-06-21,12,122,20.5,0.0,0.0,0.0,0.0
2025-06-21,12,123,20.666666666666668,0.0,0.0,0.0,0.0
2025-06-21,12,124,20.833333333333332,0.0012,0.0,0.0,0.0007526315789473688
2025-06-21,12,125,21.0,0.0,0.0,0.0,0.0
2025-06-21,12,126,21.166666666666668,0.0,0.0,0.0,0.0
2025-06-21,12,127,21.333333333333332,0.0,0.0,0.0,0.0
2025-06-21,12,128,21.5,0.0,0.0,0.0,0.0
2025-06-21,12,129,21.666666666666668,0.0,0.0,0.0,0.0
2025-06-21,12,130,21.833333333333332,0.0,0.0,0.0,0.0
2025-06-21,12,131,22.0,0.0,0.0,0.0,0.0
2025-06-21,12,132,22.166666666666668,0.0,0.0,0.0,0.0
2025-06-21,12,133,22.333333333333332,0.0,0.0,0.0,0.0
2025-06-21,12,134,22.5,0.0,0.0,0.0,0.0
2025-06-21,12,135,22.666666666666668,0.0,0.0,0.0,0.0
2025-06-21,12,136,22.833333333333332,0.0,0.0,0.0,0.0
2025-06-21,12,137,23.0,0.0,0.0,0.0,0.0
2025-06-21,12,138,23.166666666666668,0.0,0.0,0.0,0.0
2025-06-21,12,139,23.333333333333332,0.0,0.0,0.0,0.0
2025-06-21,12,140,23.5,0.0,0.0,0.0,0.0
2025-06-21,12,141,23.666666666666668,0.0,0.0,0.0,0.0
2025-06-21,12,142,23.833333333333332,0.0,0.0,0.0,0.0
2025-06-21,12,143,24.0,0.0,0.0,0.0,0.0
