代号,决策模型,建模范式,风险处理,开发期(2-8月)_元,留出期(9-12月)_元,全年正式期_元,紧急购电_kWh,紧急购电费_元,电网结算费_元,超购费_元,违约费_元,未用计划电量_kWh,调整量_kWh,链式减两元差额_元,计划购电量_kWh,相对M2_元,相对M2_%
M10,储能追索型 LP (q=0.70),确定性优化 + 储能储备,同 M9，q 按开发期标定为 0.70,8250324.68475679,5114907.9014157215,13365232.586172512,46186.92844557858,261685.4364044634,13103547.14976805,602368.4388483563,0.0,504896.488899674,568109.5512184014,0.0,20321033.777862854,-382931.91357594915,-2.785331187904795
M9,储能追索型 LP,确定性优化 + 储能储备,购电按点预报下达，不确定性全交给储能储备带,8276154.592813423,5148121.631491535,13424276.22430496,23286.06944308646,134163.3038473063,13290112.920457654,573001.9481939267,0.0,488848.85190948535,567300.691264958,0.0,20327202.49908555,-323888.27544350177,-2.355865580815735
M1,确定性经济调度 LP,确定性优化,不加安全余量，预报即真值,8297300.1655117385,5229364.654433559,13526664.819945296,116812.66492879321,643213.7700101619,12883451.049935134,601833.2959568206,0.0,501872.1807559809,505384.6725367811,0.0,20309447.869022645,-221499.67980316468,-1.6111218323523644
M2,分位安全余量 LP,确定性优化,约束侧加 q=0.80 历史分位余量（模型3 口径）,8443365.545670435,5304798.954078026,13748164.499748461,15832.903380233409,92209.65077178659,13655954.848976675,306347.31051339174,0.0,1552181.1407679943,283663.93757631467,0.0,21896936.547298998,0.0,0.0
M6,精确链式结算 MILP,混合整数优化,与 M2 同用 q=0.80 分位余量，但结算项用 0-1 变量精确刻画,8443365.545670435,5304798.954078026,13748164.499748463,15832.903380233416,92209.65077178662,13655954.848976675,306347.31051339174,4.0397181120394037e-11,1552181.1407679946,283663.9375763148,9.822542779147625e-11,21896936.547298998,1.862645149230957e-09,1.3548318753860098e-14
M7,规则型启发式,无优化,凭规则留量：净负荷跟随 + 储能在电价高低四分位充放,11349597.361145854,7000214.788827044,18349812.149972897,2967.0855712706257,18422.13449527017,18331390.015477628,4063810.310265745,2057444.0198212578,300656.1561481903,6679712.853413841,2030855.287767446,22381175.26687994,4601647.650224436,33.47099643962384
M4,均值–CVaR 随机规划,风险厌恶随机优化,目标 = 0.5·期望 + 0.5·CVaR(0.90)，在目标里罚尾部而非在约束里留量,11448567.406597903,7118889.537931411,18567456.94452931,2030.187004047718,13164.212089039847,18554292.73244027,259966.0868780044,0.0,7775482.707683405,223792.63691268262,0.0,28931806.03862704,4819292.444780849,35.05407899992049
M3,两阶段随机规划,随机优化,9 个真实历史残差日场景，等权期望，紧急购电为追索,12077068.525086368,7555717.6831974685,19632786.208283834,2096.0768666800977,13615.783334516569,19619170.424949322,5210291.929907519,7.482640285161324e-13,6790053.111025732,4526111.8908259515,0.0,23566440.275011323,5884621.708535373,42.80296259651999
M5,鲁棒优化,鲁棒优化,盒式不确定集取历史累计残差最大的整条日曲线，对最坏情形求可行解,14729585.885580128,9096004.91985529,23825590.80543542,0.0,0.0,23825590.80543542,254951.1730394577,0.0,14082352.709549343,219811.91535834502,0.0,35238772.83804926,10077426.305686958,73.30015803834276
