方案,储备形态,储备分位q,决策时点,开发期(2-8月)_元,留出期(9-12月)_元,全年正式期_元,紧急购电_kWh,未用计划电量_kWh,相对M2_元,相对M2_%
M9·仅下·q0.80·全,仅能量下界,0.80,四点全用,8276154.6,5148121.6,13424276.2,23286.1,488848.9,-323888.3,-2.36
M9·仅下·q0.80·仅0点,仅能量下界,0.80,仅0:00,8648771.7,5248025.4,13896797.1,173860.6,354037.8,148632.6,1.08
M9·仅下·q0.70·全,仅能量下界,0.70,四点全用,8250324.7,5114907.9,13365232.6,46186.9,504896.5,-382931.9,-2.79
M9·仅下·q0.70·仅0点,仅能量下界,0.70,仅0:00,,,14263948.6,274681.6,367060.8,515784.1,3.75
M9·仅下·q0.60·全,仅能量下界,0.60,四点全用,8273929.6,5137571.6,13411501.2,82016.9,508151.9,-336663.3,-2.45
M9·仅下·q0.90·全,仅能量下界,0.90,四点全用,8476997.0,5339971.6,13816968.6,8502.6,436183.3,68804.1,0.50
M9·上下·q0.80·全,能量下界+空间上界,0.80,四点全用,,,13801177.2,16706.4,347569.3,53012.7,0.39
M9·上下·q0.80·仅0点,能量下界+空间上界,0.80,仅0:00,,,14096844.4,145695.1,239799.0,348679.9,2.54
M9·上下·q0.90·全,能量下界+空间上界,0.90,四点全用,,,14899449.5,5426.9,205497.3,1151285.0,8.37
