date,t,time_end,L_actual_kw,P_act_kw,R_reserve_kwh,x_plan_kwh,x_final_kwh,u_charge_kwh,v_discharge_kwh,e_emergency_kwh,E_end_kwh
2025-03-20,1,0:10,3299.0689,0.0,948.9384397298129,588.8857389609852,588.8857389609852,0.0,0.0,0.0,10800.0
2025-03-20,2,0:20,3421.881,0.0,948.9384397298129,583.8888390218841,583.8888390218841,0.0,0.0,0.0,10800.0
2025-03-20,3,0:30,3683.11,0.0,948.9384397298129,583.1476134501797,583.1476134501797,0.0,30.704053216486955,0.0,10765.884385315014
2025-03-20,4,0:40,3476.737,0.0,948.9384397298129,585.9115625654279,585.9115625654279,6.455395898761253,0.0,0.0,10771.694241623898
2025-03-20,5,0:50,3302.6695,0.0,948.9384397298129,581.2203967761437,581.2203967761437,30.775480109477144,0.0,0.0,10799.392173722428
2025-03-20,6,1:00,3426.94,0.0,948.9384397298129,573.7675564277387,573.7675564277387,0.6753625306353367,0.0,0.0,10800.0
2025-03-20,7,1:10,3609.5343,0.0,948.9384397298129,569.6538726130968,569.6538726130968,0.0,31.935177386903092,0.0,10764.516469570108
2025-03-20,8,1:20,3668.9025,0.0,948.9384397298129,564.6192150592404,564.6192150592404,0.0,46.86453494075954,0.0,10712.444764080376
2025-03-20,9,1:30,3589.3,0.0,948.9384397298129,555.9789279934473,555.9789279934473,0.0,42.23773867321938,0.0,10665.513943332355
2025-03-20,10,1:40,3503.6157,0.0,948.9384397298129,565.1437525509273,565.1437525509273,0.0,18.79219744907266,0.0,10644.633723944497
2025-03-20,11,1:50,3545.9703,0.0,948.9384397298129,585.3322496055578,585.3322496055578,0.0,5.662800394442229,0.0,10638.341723506228
2025-03-20,12,2:00,3590.66,0.0,948.9384397298129,598.1521102583808,598.1521102583808,0.0,0.29122307495242694,0.0,10638.018142311836
2025-03-20,13,2:10,3395.9017,0.0,948.9384397298129,585.859749265927,585.859749265927,19.87613259926036,0.0,0.0,10655.90666165117
2025-03-20,14,2:20,3276.7246,0.0,948.9384397298129,572.2582814800978,572.2582814800978,26.137514813431153,0.0,0.0,10679.430424983258
2025-03-20,15,2:30,3394.28,0.0,948.9384397298129,574.9961776959955,574.9961776959955,9.282844362662104,0.0,0.0,10687.784984909655
2025-03-20,16,2:40,3587.5594,0.0,948.9384397298129,590.558945574717,590.558945574717,0.0,7.3676210919496725,0.0,10679.598739251933
2025-03-20,17,2:50,3605.7268,0.0,948.9384397298129,603.2798218550572,603.2798218550572,2.325355188390631,0.0,0.0,10681.691558921484
2025-03-20,18,3:00,3522.79,0.0,948.9384397298129,598.5863393775032,598.5863393775032,11.454672710836576,0.0,0.0,10692.000764361237
2025-03-20,19,3:10,3631.2618,0.0,948.9384397298129,581.9040752625817,581.9040752625817,0.0,23.306224737418233,0.0,10666.10495909744
2025-03-20,20,3:20,3731.3543,0.0,948.9384397298129,573.3349657326472,573.3349657326472,0.0,48.55741760068611,0.0,10612.152272874455
2025-03-20,21,3:30,3721.01,0.0,948.9384397298129,582.6715203745248,582.6715203745248,0.0,37.496812958808505,0.0,10570.489147364668
2025-03-20,22,3:40,3699.7385,0.0,948.9384397298129,601.4600050945701,601.4600050945701,0.0,15.163078238763205,0.0,10553.641282654931
2025-03-20,23,3:50,3674.7825,0.0,948.9384397298129,592.6943160967573,592.6943160967573,0.0,19.769433903242543,0.0,10531.675244984663
2025-03-20,24,4:00,3623.58,0.0,948.9384397298129,580.2015094143155,580.2015094143155,0.0,23.728490585684426,0.0,10505.310255445012
2025-03-20,25,4:10,3538.7697,0.0019,948.9384397298129,602.9226388862883,602.9226388862883,13.12800555295496,0.0,0.0,10517.125460442672
2025-03-20,26,4:20,3488.7843,0.0,948.9384397298129,606.9838148735831,606.9838148735831,25.5197648735832,0.0,0.0,10540.093248828896
2025-03-20,27,4:30,3513.51,0.0,948.9384397298129,585.2394068625889,585.2394068625889,0.0,0.34559313741112874,0.0,10539.709256453994
2025-03-20,28,4:40,3598.3779,0.0271,948.9384397298129,595.5056137490111,595.5056137490111,0.0,4.219519584322256,0.0,10535.020901360303
2025-03-20,29,4:50,3700.4359,0.0,948.9384397298129,607.8528649050063,607.8528649050063,0.0,8.886451761660283,0.0,10525.14706606957
2025-03-20,30,5:00,3753.57,0.0,948.9384397298129,604.7681795915818,604.7681795915818,0.0,20.826820408418257,0.0,10502.006154504661
2025-03-20,31,5:10,3716.9811,0.3776,948.9384397298129,594.3958413619588,594.3958413619588,0.0,25.03807530470783,0.0,10474.186070832764
2025-03-20,32,5:20,3707.0664,0.0,948.9384397298129,593.9855231401998,593.9855231401998,0.0,23.858876859800148,0.0,10447.676207655208
2025-03-20,33,5:30,3642.69,0.0,948.9384397298129,599.6069469539701,599.6069469539701,0.0,7.508053046029886,0.0,10439.333926492953
2025-03-20,34,5:40,3457.8398,5.2594,948.9384397298129,598.2020651910227,598.2020651910227,22.771998524356036,0.0,0.0,10459.828725164873
2025-03-20,35,5:50,4028.7787,0.0,948.9384397298129,684.7318748536616,684.7318748536616,13.268758186995,0.0,0.0,10471.770607533168
2025-03-20,36,6:00,4962.09,0.0,948.9384397298129,0.0,0.0,0.0,827.015,0.0,9552.865051977613
2025-03-20,37,6:10,4905.1198,153.4202,948.9384397298129,0.0,0.0,0.0,791.9499333333334,0.0,8672.920681607242
2025-03-20,38,6:20,4660.8239,401.044,948.9384397298129,0.0,0.0,0.0,709.9633166666667,0.0,7884.072551977612
2025-03-20,39,6:30,4703.75,675.525,948.9384397298129,0.0,0.0,0.0,671.3708333333333,0.0,7138.10495938502
2025-03-20,40,6:40,4726.9008,952.6316,948.9384397298129,0.0,0.0,0.0,629.0448666666667,0.0,6439.166218644279
2025-03-20,41,6:50,4819.4733,1302.5378,948.9384397298129,0.0,186.89578262325426,0.0,399.2601340434123,0.0,5995.5438474849325
2025-03-20,42,7:00,4880.33,1693.2375,948.9384397298129,0.0,526.6667192394559,0.0,4.5153640938774515,0.0,5990.526776269513
2025-03-20,43,7:10,4689.3761,2009.9231,948.9384397298129,199.4438680599733,431.1740181769062,0.0,15.401481823093832,0.0,5973.414018688298
2025-03-20,44,7:20,4713.3646,2305.9149,948.9384397298129,377.05115272222537,386.1816650475221,0.0,15.059951619144499,0.0,5956.680739111471
2025-03-20,45,7:30,4827.2,2609.7375,948.9384397298129,340.1408251696373,349.8705440360252,0.0,19.706539297308154,0.0,5934.784584336684
2025-03-20,46,7:40,4578.156,2894.0148,948.9384397298129,262.2195852256874,272.5435987901744,0.0,8.146601209825576,0.0,5925.732805214656
2025-03-20,47,7:50,5187.0368,3179.5684,948.9384397298129,0.0,0.0,0.0,334.5780666666667,0.0,5553.9793978072485
2025-03-20,48,8:00,6405.59,3476.5125,948.9384397298129,0.0,0.0,0.0,488.1795833333334,0.0,5011.557638547989
2025-03-20,49,8:10,6658.0486,3761.2255,948.9384397298129,0.0,0.0,0.0,482.8038499999999,0.0,4475.108916325767
2025-03-20,50,8:20,6606.6001,3976.3717,948.9384397298129,0.0,0.0,0.0,438.3713999999999,0.0,3988.0295829924335
2025-03-20,51,8:30,6687.27,4220.325,948.9384397298129,0.0,0.0,0.0,411.15750000000014,0.0,3531.1879163257668
2025-03-20,52,8:40,6649.776,4653.7429,948.9384397298129,0.0,0.0,0.0,332.6721833333331,0.0,3161.552157066508
2025-03-20,53,8:50,6705.5335,5037.5027,948.9384397298129,0.0,0.0,0.0,278.00513333333333,0.0,2852.657564473915
2025-03-20,54,9:00,6757.81,5180.8875,948.9384397298129,0.0,0.0,0.0,262.8204166666668,0.0,2560.6348792887297
2025-03-20,55,9:10,6494.2004,5166.4978,948.9384397298129,0.0,0.0,0.0,221.28376666666668,0.0,2314.7640274368778
2025-03-20,56,9:20,6436.4392,5533.329,948.9384397298129,0.0,0.0,0.0,150.51836666666668,0.0,2147.521397807248
2025-03-20,57,9:30,6570.85,6107.7375,948.9384397298129,0.0,0.0,0.0,77.1854166666667,0.0,2061.759823733174
2025-03-20,58,9:40,6399.3635,6182.795,948.9384397298129,0.0,0.0,0.0,36.094750000000204,0.0,2021.654545955396
2025-03-20,59,9:50,6445.9301,6198.386,948.9384397298129,0.0,0.0,0.0,41.25734999999986,0.0,1975.8130459553963
2025-03-20,60,10:00,6697.43,6426.1875,948.9384397298129,0.0,0.0,0.0,45.20708333333323,0.0,1925.582953362804
2025-03-20,61,10:10,6577.9956,6675.2481,948.9384397298129,0.0,0.0,16.20875000000001,0.0,0.0,1940.1708283628038
2025-03-20,62,10:20,6445.2772,6774.004,948.9384397298129,0.0,0.0,54.787799999999834,0.0,0.0,1989.4798483628038
2025-03-20,63,10:30,6473.61,6879.075,948.9384397298129,0.0,0.0,67.57749999999987,0.0,0.0,2050.2995983628034
2025-03-20,64,10:40,6454.2353,7268.5137,948.9384397298129,0.0,0.0,135.7130666666667,0.0,0.0,2172.4413583628034
2025-03-20,65,10:50,6352.336,7455.3554,948.9384397298129,0.0,0.0,183.83656666666684,0.0,0.0,2337.8942683628034
2025-03-20,66,11:00,6279.9,7263.0,948.9384397298129,0.0,0.0,163.85000000000014,0.0,0.0,2485.3592683628035
2025-03-20,67,11:10,6362.0436,7021.6679,948.9384397298129,648.5123037118153,648.5123037118153,758.4496870451487,0.0,0.0,3167.9639867034375
2025-03-20,68,11:20,6393.8373,7052.8842,948.9384397298129,0.0,0.0,109.8411500000002,0.0,0.0,3266.8210217034375
2025-03-20,69,11:30,6360.1,7317.5625,948.9384397298129,470.4341951958128,470.4341951958128,630.011278529146,0.0,0.0,3833.8311723796687
2025-03-20,70,11:40,6424.0276,7505.6333,948.9384397298129,619.948170129979,619.948170129979,800.2157867966455,0.0,0.0,4554.02538049665
2025-03-20,71,11:50,6379.6216,7635.0323,948.9384397298129,603.4169124105147,603.4169124105147,812.6520290771812,0.0,0.0,5285.412206666113
2025-03-20,72,12:00,6168.32,7818.45,948.9384397298129,566.8585612657619,566.8585612657619,833.3333333333333,0.0,0.0,6035.412206666113
2025-03-20,73,12:10,5958.8116,8082.9395,948.9384397298129,651.7961629223585,651.7961629223585,833.3333333333333,0.0,0.0,6785.412206666113
2025-03-20,74,12:20,5855.2299,8090.5707,948.9384397298129,652.3091973633354,652.3091973633354,833.3333333333333,0.0,0.0,7535.412206666113
2025-03-20,75,12:30,5883.66,7709.3625,948.9384397298129,642.3191167115817,642.3191167115817,833.3333333333333,0.0,0.0,8285.412206666113
2025-03-20,76,12:40,6006.2794,7205.256,948.9384397298129,645.1230250147654,645.1230250147654,833.3333333333333,0.0,0.0,9035.412206666113
2025-03-20,77,12:50,6168.3548,7206.9442,948.9384397298129,0.0,0.0,173.09823333333338,0.0,0.0,9191.200616666112
2025-03-20,78,13:00,6351.38,7525.8,948.9384397298129,0.0,0.0,195.73666666666668,0.0,0.0,9367.363616666113
2025-03-20,79,13:10,6510.6216,7339.075,948.9384397298129,0.0,0.0,138.07556666666665,0.0,0.0,9491.631626666112
2025-03-20,80,13:20,6358.8315,6900.6338,948.9384397298129,0.0,0.0,90.30038333333323,0.0,0.0,9572.901971666113
2025-03-20,81,13:30,6039.3,6610.0125,948.9384397298129,0.0,0.0,95.11874999999986,0.0,0.0,9658.508846666113
2025-03-20,82,13:40,6028.9848,6642.1795,948.9384397298129,0.0,0.0,102.19911666666667,0.0,0.0,9750.488051666112
2025-03-20,83,13:50,6177.7813,6806.5377,948.9384397298129,0.0,0.0,104.79273333333344,0.0,0.0,9844.801511666112
2025-03-20,84,14:00,6280.02,6799.95,948.9384397298129,0.0,0.0,86.65499999999975,0.0,0.0,9922.791011666111
2025-03-20,85,14:10,6283.4823,6453.6137,948.9384397298129,0.0,0.0,28.355233333333217,0.0,0.0,9948.310721666112
2025-03-20,86,14:20,6314.912,6203.5886,948.9384397298129,0.0,0.0,0.0,18.553900000000112,0.0,9927.695277221668
2025-03-20,87,14:30,6352.79,6115.6875,948.9384397298129,0.0,0.0,0.0,39.517083333333176,0.0,9883.787406851297
2025-03-20,88,14:40,6259.4213,5837.6616,948.9384397298129,0.0,0.0,0.0,70.29328333333319,0.0,9805.68375870315
2025-03-20,89,14:50,6190.1146,5431.9635,948.9384397298129,0.0,0.0,0.0,126.35851666666656,0.0,9665.285406851297
2025-03-20,90,15:00,6156.64,5072.775,948.9384397298129,185.90203382816094,185.90203382816094,5.257867161494232,0.0,0.0,9670.017487296642
2025-03-20,91,15:10,6039.3659,4855.4545,948.9384397298129,809.7880320086592,809.7880320086592,612.4694653419924,0.0,0.0,10221.240006104435
2025-03-20,92,15:20,6054.6789,4561.8383,948.9384397298129,259.1377596196123,259.1377596196123,10.330992952945735,0.0,0.0,10230.537899762086
2025-03-20,93,15:30,6187.68,4146.825,948.9384397298129,306.68264915703026,306.68264915703026,0.0,33.459850842969786,0.0,10193.360287714342
2025-03-20,94,15:40,6195.3721,3778.6785,948.9384397298129,358.0295451926753,358.0295451926753,0.0,44.7527214739913,0.0,10143.63504163213
2025-03-20,95,15:50,6186.1376,3471.4229,948.9384397298129,390.69825169452986,390.69825169452986,0.0,61.75419830547003,0.0,10075.019265737163
2025-03-20,96,16:00,6200.17,3156.225,948.9384397298129,403.97443716962084,403.97443716962084,0.0,103.34972949704593,0.0,9960.186232962667
2025-03-20,97,16:10,6153.3743,2779.805,948.9384397298129,483.4102088634246,483.4102088634246,0.0,78.85134113657546,0.0,9872.573631699806
2025-03-20,98,16:20,6101.7592,2507.3559,948.9384397298129,548.844563245862,548.844563245862,0.0,50.222653420804704,0.0,9816.770683454468
2025-03-20,99,16:30,6118.95,2334.4125,948.9384397298129,608.5276630962243,608.5276630962243,0.0,22.228586903775636,0.0,9792.072253561384
2025-03-20,100,16:40,6209.4949,2077.0816,948.9384397298129,656.2077855975296,656.2077855975296,0.0,32.52776440247044,0.0,9755.930293114194
2025-03-20,101,16:50,6190.199,1733.8533,948.9384397298129,702.6648406664267,702.6648406664267,0.0,40.05944266690642,0.0,9711.419801262076
2025-03-20,102,17:00,6102.19,1377.7125,948.9384397298129,751.0575179695802,751.0575179695802,0.0,36.35539869708634,0.0,9671.02491382087
2025-03-20,103,17:10,6143.2969,1083.9022,948.9384397298129,828.2868142193457,834.0991441332275,0.0,9.133305866772616,0.0,9660.876796191122
2025-03-20,104,17:20,6075.0134,831.8823,948.9384397298129,864.0359371381911,869.7779395381397,0.0,4.077243795193567,0.0,9656.346525307574
2025-03-20,105,17:30,6025.68,597.3375,948.9384397298129,920.945925957284,926.7528504314231,22.029100431423103,0.0,0.0,9676.172715695855
2025-03-20,106,17:40,6213.4416,374.8971,948.9384397298129,993.8315342998494,999.8068300149309,26.716080014931094,0.0,0.0,9700.217187709293
2025-03-20,107,17:50,5394.1467,156.1276,948.9384397298129,916.6671668158415,922.0005066559102,48.99732332257679,0.0,0.0,9744.314778699612
2025-03-20,108,18:00,4094.12,0.0,948.9384397298129,728.9744390879622,733.1253979084806,50.7720645751474,0.0,0.0,9790.009636817245
2025-03-20,109,18:10,4187.9837,0.0,948.9384397298129,703.7686476321973,707.756592137487,9.759308804153761,0.0,0.0,9798.793014740984
2025-03-20,110,18:20,4441.4267,5.5774,948.9384397298129,731.918133401154,736.0655825032161,0.0,3.242634163450475,0.0,9795.190087892706
2025-03-20,111,18:30,4255.45,0.0,948.9384397298129,727.6204082194761,731.7435049433892,22.50183827672265,0.0,0.0,9815.441742341756
2025-03-20,112,18:40,4286.5369,0.0,948.9384397298129,732.4403437034892,736.5907518274101,22.16793516074347,0.0,0.0,9835.392883986426
2025-03-20,113,18:50,4470.2464,0.4004,948.9384397298129,732.1420536698698,736.290771580622,0.0,8.683561752711284,0.0,9825.744482038968
2025-03-20,114,19:00,4579.24,0.0,948.9384397298129,0.0,0.0,0.0,763.2066666666666,0.0,8977.737074631561
2025-03-20,115,19:10,4480.3082,0.0,948.9384397298129,0.0,0.0,0.0,746.7180333333333,0.0,8148.050370927857
2025-03-20,116,19:20,4285.5618,0.0288,948.9384397298129,0.0,14.389025930775347,0.0,699.8664740692246,0.0,7370.420955295385
2025-03-20,117,19:30,4196.78,0.0,948.9384397298129,0.0,0.0,0.0,699.4633333333333,0.0,6593.239473813904
2025-03-20,118,19:40,4330.8684,0.0,948.9384397298129,0.0,0.0,0.0,721.8114,0.0,5791.226807147237
2025-03-20,119,19:50,4370.9481,0.0021,948.9384397298129,0.0,0.0,0.0,728.4909999999999,0.0,4981.792362702793
2025-03-20,120,20:00,4358.21,0.0,948.9384397298129,0.0,0.0,0.0,726.3683333333333,0.0,4174.716436776867
2025-03-20,121,20:10,4586.0191,0.0,948.9384397298129,0.0,0.0,0.0,764.3365166666667,0.0,3325.4536404805713
2025-03-20,122,20:20,4523.6629,0.0,948.9384397298129,288.4320711622093,743.2910623204504,0.0,10.652754346216284,0.0,3313.6172467625533
2025-03-20,123,20:30,4215.37,0.0,948.9384397298129,0.0,0.0,0.0,702.5616666666666,0.0,2532.9931726884793
2025-03-20,124,20:40,4256.2469,0.0,948.9384397298129,0.0,0.0,0.0,709.3744833333333,0.0,1744.7993023181089
2025-03-20,125,20:50,4319.0159,0.0,948.9384397298129,750.0976110700886,754.3479202222916,34.51193688895819,0.0,0.0,1775.8600455181713
2025-03-20,126,21:00,4257.25,0.0,948.9384397298129,752.8950360273717,757.1611963444403,47.6195296777737,0.0,0.0,1818.7176222281676
2025-03-20,127,21:10,4290.2681,0.0,948.9384397298129,734.9276170760733,739.0919678631778,24.047284529844546,0.0,0.0,1840.3601783050276
2025-03-20,128,21:20,4418.7036,0.0,948.9384397298129,722.5891198904998,726.683556540113,0.0,9.76704345988685,0.0,1829.5079077940422
2025-03-20,129,21:30,4553.6,0.0,948.9384397298129,735.057995050181,739.2230846033988,0.0,19.71024872993462,0.0,1807.6076314274483
2025-03-20,130,21:40,4526.2528,0.0,948.9384397298129,735.55798166207,739.7259043101292,0.0,14.649562356537444,0.0,1791.3303399201845
2025-03-20,131,21:50,4001.6252,0.0,948.9384397298129,654.55784205328,658.2667902563762,0.0,8.670743076957024,0.0,1781.6961809457878
2025-03-20,132,22:00,3318.94,0.0,948.9384397298129,1389.8996312879312,1390.750759734897,833.3333333333333,0.0,0.0,2531.696180945788
2025-03-20,133,22:10,3233.4088,0.0,948.9384397298129,1388.8908565308652,1389.740442310056,833.3333333333333,0.0,0.0,3281.696180945788
2025-03-20,134,22:20,3319.971,0.0,948.9384397298129,573.9536627290511,709.9270027183812,156.59850271838127,0.0,0.0,3422.634833392331
2025-03-20,135,22:30,3255.84,0.0,948.9384397298129,1401.038215615382,1401.9063777311392,833.3333333333333,0.0,0.0,4172.634833392331
2025-03-20,136,22:40,3144.1326,0.0,948.9384397298129,1406.4311909536523,1407.307600271479,833.3333333333333,0.0,0.0,4922.634833392331
2025-03-20,137,22:50,3161.8174,0.0,948.9384397298129,1402.7547215820568,1403.625508662824,833.3333333333333,0.0,0.0,5672.634833392331
2025-03-20,138,23:00,3296.4,0.0,948.9384397298129,1400.6924794509932,1401.5601128500716,833.3333333333333,0.0,0.0,6422.634833392331
2025-03-20,139,23:10,3356.4081,0.0,948.9384397298129,1417.9064976398333,1418.8004555587775,833.3333333333333,0.0,0.0,7172.634833392331
2025-03-20,140,23:20,3261.7676,0.0,948.9384397298129,1417.3932339948615,1418.286407005897,833.3333333333333,0.0,0.0,7922.634833392331
2025-03-20,141,23:30,3267.73,0.0,948.9384397298129,1402.6110904485636,1403.481657881565,833.3333333333333,0.0,0.0,8672.63483339233
2025-03-20,142,23:40,3604.076,0.0,948.9384397298129,1407.4768766096304,1408.3548850411864,807.6755517078532,0.0,0.0,9399.542829929398
2025-03-20,143,23:50,3245.8691,0.0,948.9384397298129,1345.3622018845388,1346.145221512736,805.1670381794028,0.0,0.0,10124.19316429086
2025-03-20,144,24:00,2401.0,0.0,948.9384397298129,875.0701495808539,1263.4362572148555,750.8964841212663,0.0,0.0,10800.0
2025-06-21,1,0:10,3087.9838,0.0,1383.6567277307445,534.9646144559815,534.9646144559815,13.228898592389871,0.0,0.0,10800.0
2025-06-21,2,0:20,3200.0919,0.0,1383.6567277307445,539.6017003288807,539.6017003288807,0.0,0.0,0.0,10800.0
2025-06-21,3,0:30,3401.46,0.0,1383.6567277307445,527.8833787655385,527.8833787655385,0.0,39.02662123446146,0.0,10756.637087517265
2025-06-21,4,0:40,3063.5261,0.0,1383.6567277307445,522.8586066501642,522.8586066501642,12.270923316830931,0.0,0.0,10767.680918502412
2025-06-21,5,0:50,2820.2572,0.0,1383.6567277307445,523.4807412062053,523.4807412062053,35.91009055287537,0.0,0.0,10800.0
2025-06-21,6,1:00,2883.38,0.0,1383.6567277307445,530.374685904085,530.374685904085,0.0,0.0,0.0,10800.0
2025-06-21,7,1:10,2869.9796,0.0,1383.6567277307445,519.4673908693939,519.4673908693939,0.0,0.0,0.0,10800.0
2025-06-21,8,1:20,2985.8287,0.0,1383.6567277307445,493.9108424254582,493.9108424254582,0.0,3.72727424120842,0.0,10795.858584176434
2025-06-21,9,1:30,3164.18,0.0,1383.6567277307445,473.65524383753024,473.65524383753024,0.0,53.708089495802994,0.0,10736.182929181097
2025-06-21,10,1:40,3064.8457,0.0,1383.6567277307445,495.5458576344293,495.5458576344293,0.0,15.261759032237308,0.0,10719.225419145278
2025-06-21,11,1:50,2954.0459,0.0,1383.6567277307445,486.64367540419903,486.64367540419903,0.0,5.697307929134297,0.0,10712.895077001795
2025-06-21,12,2:00,2994.62,0.0,1383.6567277307445,476.3130857892563,476.3130857892563,0.0,22.790247544076976,0.0,10687.572579730599
2025-06-21,13,2:10,3072.4014,0.0,1383.6567277307445,496.6004327491299,496.6004327491299,0.0,15.466467250870153,0.0,10670.38761611852
2025-06-21,14,2:20,3013.1015,0.0,1383.6567277307445,491.0490520672115,491.0490520672115,0.0,11.134531266121826,0.0,10658.015914711717
2025-06-21,15,2:30,2838.75,0.0,1383.6567277307445,0.0,0.0,0.0,473.125,0.0,10132.321470267272
2025-06-21,16,2:40,2749.9199,0.0,1383.6567277307445,462.9895566448109,462.9895566448109,4.6695733114775635,0.0,0.0,10136.524086247602
2025-06-21,17,2:50,2820.5847,0.0,1383.6567277307445,457.7182377899067,457.7182377899067,0.0,12.379212210093272,0.0,10122.769406014166
2025-06-21,18,3:00,2936.24,0.0,1383.6567277307445,0.0,0.0,0.0,489.3733333333333,0.0,9579.021257866018
2025-06-21,19,3:10,2920.1894,0.0012,1383.6567277307445,0.0,0.0,0.0,486.69803333333334,0.0,9038.245665273425
2025-06-21,20,3:20,2951.0328,0.0,1383.6567277307445,0.0,0.0,0.0,491.8388,0.0,8491.75810971787
2025-06-21,21,3:30,2977.51,0.0,1383.6567277307445,376.07117365689777,376.07117365689777,0.0,120.1804930097689,0.0,8358.224228595904
2025-06-21,22,3:40,2780.298,0.0162,1383.6567277307445,478.2744289686867,478.2744289686867,14.8941289686868,0.0,0.0,8371.628944667722
2025-06-21,23,3:50,2728.3059,0.0,1383.6567277307445,0.0,0.0,0.0,454.71764999999994,0.0,7866.3871113343885
2025-06-21,24,4:00,2862.19,0.0,1383.6567277307445,0.0,0.0,0.0,477.03166666666664,0.0,7336.351926149204
2025-06-21,25,4:10,2845.9182,0.2263,1383.6567277307445,0.0,0.0,0.0,474.28198333333336,0.0,6809.371944667722
2025-06-21,26,4:20,2748.951,0.0,1383.6567277307445,0.0,0.0,0.0,458.1585,0.0,6300.306944667723
2025-06-21,27,4:30,2677.31,0.0,1383.6567277307445,0.0,0.0,0.0,446.2183333333333,0.0,5804.508796519574
2025-06-21,28,4:40,2660.8713,3.1516,1383.6567277307445,0.0,0.0,0.0,442.9532833333333,0.0,5312.33848170476
2025-06-21,29,4:50,2702.3205,0.0,1383.6567277307445,0.0,0.0,0.0,450.38674999999995,0.0,4811.908759482538
2025-06-21,30,5:00,2732.32,7.275,1383.6567277307445,0.0,0.0,0.0,454.1741666666667,0.0,4307.270796519575
2025-06-21,31,5:10,2664.7178,116.7655,1383.6567277307445,405.36045537138386,405.36045537138386,0.0,19.29826129528277,0.0,4285.828283969261
2025-06-21,32,5:20,2606.871,263.9703,1383.6567277307445,0.0,0.0,0.0,390.48345,0.0,3851.957783969261
2025-06-21,33,5:30,2642.15,417.075,1383.6567277307445,364.67647808774797,364.67647808774797,0.0,6.169355245585393,0.0,3845.1029448074996
2025-06-21,34,5:40,2745.0641,587.5961,1383.6567277307445,355.4676013885431,355.4676013885431,0.0,4.110398611456901,0.0,3840.535835239214
2025-06-21,35,5:50,2758.042,735.8325,1383.6567277307445,0.0,0.0,0.0,337.0349166666666,0.0,3466.0525944984734
2025-06-21,36,6:00,2741.64,890.7,1383.6567277307445,0.0,0.0,0.0,308.48999999999995,0.0,3123.285927831807
2025-06-21,37,6:10,2888.7304,1136.9554,1383.6567277307445,0.0,0.0,0.0,291.9625,0.0,2798.883150054029
2025-06-21,38,6:20,2932.231,1453.4028,1383.6567277307445,0.0,33.241194971053034,0.0,213.23017169561365,0.0,2561.960737058903
2025-06-21,39,6:30,2764.02,1765.9125,1383.6567277307445,0.0,0.0,0.0,166.35125,0.0,2377.1260148366805
2025-06-21,40,6:40,2606.6137,2022.3026,1383.6567277307445,0.0,115.25301482402836,17.86783149069504,0.0,0.0,2393.207063178306
2025-06-21,41,6:50,2867.7649,2350.4923,1383.6567277307445,0.0,93.23106494875822,7.018964948758139,0.0,0.0,2399.524131632188
2025-06-21,42,7:00,3304.27,2699.25,1383.6567277307445,0.0,104.39770035840468,3.561033691738089,0.0,0.0,2402.7290619547525
2025-06-21,43,7:10,3254.3169,2874.6231,1383.6567277307445,0.0,50.31368450868774,0.0,12.968615491312221,0.0,2388.319489186628
2025-06-21,44,7:20,3137.5948,3006.0287,1383.6567277307445,0.0,20.809087010258395,0.0,1.1185963230749394,0.0,2387.0766043832114
2025-06-21,45,7:30,3174.85,3224.8875,1383.6567277307445,0.0,0.0,8.33958333333328,0.0,0.0,2394.582229383211
2025-06-21,46,7:40,3159.7263,3537.527,1383.6567277307445,0.0,0.0,62.9667833333333,0.0,0.0,2451.2523343832113
2025-06-21,47,7:50,3087.5763,3785.3986,1383.6567277307445,0.0,0.0,116.30371666666667,0.0,0.0,2555.9256793832114
2025-06-21,48,8:00,3062.36,4003.425,1383.6567277307445,0.0,0.0,156.84416666666664,0.0,0.0,2697.0854293832112
2025-06-21,49,8:10,3162.0197,4334.7324,1383.6567277307445,0.0,0.0,195.4521166666667,0.0,0.0,2872.9923343832115
2025-06-21,50,8:20,3160.9922,4441.8035,1383.6567277307445,0.0,0.0,213.46854999999994,0.0,0.0,3065.1140293832113
2025-06-21,51,8:30,3037.59,4358.7,1383.6567277307445,0.0,0.0,220.18499999999995,0.0,0.0,3263.280529383211
2025-06-21,52,8:40,3030.9974,4479.895,1383.6567277307445,0.0,0.0,241.48293333333334,0.0,0.0,3480.615169383211
2025-06-21,53,8:50,3289.939,4668.5166,1383.6567277307445,0.0,0.0,229.76293333333342,0.0,0.0,3687.4018093832115
2025-06-21,54,9:00,3650.62,4746.075,1383.6567277307445,0.0,0.0,182.57583333333332,0.0,0.0,3851.7200593832113
2025-06-21,55,9:10,3785.9011,4746.9534,1383.6567277307445,0.0,0.0,160.17538333333334,0.0,0.0,3995.8779043832114
2025-06-21,56,9:20,3849.6183,5139.4381,1383.6567277307445,0.0,0.0,214.96996666666678,0.0,0.0,4189.350874383212
2025-06-21,57,9:30,3824.6,5794.3125,1383.6567277307445,0.0,0.0,328.2854166666667,0.0,0.0,4484.807749383212
2025-06-21,58,9:40,3582.3586,6109.068,1383.6567277307445,0.0,0.0,421.11823333333336,0.0,0.0,4863.8141593832115
2025-06-21,59,9:50,3687.9447,6385.1018,1383.6567277307445,0.0,0.0,449.5261833333334,0.0,0.0,5268.387724383211
2025-06-21,60,10:00,4000.14,6643.5375,1383.6567277307445,0.0,0.0,440.56624999999997,0.0,0.0,5664.897349383211
2025-06-21,61,10:10,3826.1041,6589.8893,1383.6567277307445,0.0,0.0,460.63086666666663,0.0,0.0,6079.465129383211
2025-06-21,62,10:20,3761.4976,6695.6004,1383.6567277307445,0.0,0.0,489.0171333333333,0.0,0.0,6519.580549383211
2025-06-21,63,10:30,3901.91,7000.9875,1383.6567277307445,0.0,0.0,516.5129166666667,0.0,0.0,6984.442174383212
2025-06-21,64,10:40,3726.7535,7093.8409,1383.6567277307445,0.0,0.0,561.1812333333335,0.0,0.0,7489.505284383212
2025-06-21,65,10:50,3565.5609,7243.1188,1383.6567277307445,0.0,0.0,612.9263166666666,0.0,0.0,8041.138969383212
2025-06-21,66,11:00,3679.21,7400.1,1383.6567277307445,0.0,0.0,620.1483333333333,0.0,0.0,8599.272469383212
2025-06-21,67,11:10,3945.6166,7306.5816,1383.6567277307445,0.0,0.0,560.1608333333334,0.0,0.0,9103.417219383211
2025-06-21,68,11:20,3900.6403,7782.8954,1383.6567277307445,0.0,0.0,647.0425166666666,0.0,0.0,9685.755484383211
2025-06-21,69,11:30,3645.76,8490.225,1383.6567277307445,0.0,0.0,807.4108333333332,0.0,0.0,10412.42523438321
2025-06-21,70,11:40,3705.1427,8180.7164,1383.6567277307445,0.0,0.0,430.6386284630995,0.0,0.0,10800.0
2025-06-21,71,11:50,3724.3133,7677.6706,1383.6567277307445,0.0,0.0,0.0,0.0,0.0,10800.0
2025-06-21,72,12:00,3631.08,7665.1125,1383.6567277307445,0.0,0.0,0.0,0.0,0.0,10800.0
2025-06-21,73,12:10,3735.5415,8044.2631,1383.6567277307445,0.0,0.0,0.0,0.0,0.0,10800.0
2025-06-21,74,12:20,3852.2352,8300.9755,1383.6567277307445,0.0,0.0,0.0,0.0,0.0,10800.0
2025-06-21,75,12:30,3928.56,8383.0125,1383.6567277307445,0.0,0.0,0.0,0.0,0.0,10800.0
2025-06-21,76,12:40,4059.9044,8605.7877,1383.6567277307445,0.0,0.0,0.0,0.0,0.0,10800.0
2025-06-21,77,12:50,3912.5928,8542.7209,1383.6567277307445,0.0,0.0,0.0,0.0,0.0,10800.0
2025-06-21,78,13:00,3688.01,8049.6,1383.6567277307445,0.0,0.0,0.0,0.0,0.0,10800.0
2025-06-21,79,13:10,3910.4683,7493.4162,1383.6567277307445,0.0,0.0,0.0,0.0,0.0,10800.0
2025-06-21,80,13:20,3862.6154,7354.9231,1383.6567277307445,0.0,0.0,0.0,0.0,0.0,10800.0
2025-06-21,81,13:30,3589.29,7340.8875,1383.6567277307445,0.0,0.0,0.0,0.0,0.0,10800.0
2025-06-21,82,13:40,3849.2221,6714.7449,1383.6567277307445,0.0,0.0,0.0,0.0,0.0,10800.0
2025-06-21,83,13:50,3978.2382,6127.755,1383.6567277307445,0.0,0.0,0.0,0.0,0.0,10800.0
2025-06-21,84,14:00,3861.85,5956.2,1383.6567277307445,0.0,0.0,0.0,0.0,0.0,10800.0
2025-06-21,85,14:10,4047.8905,5941.7978,1383.6567277307445,0.0,0.0,0.0,0.0,0.0,10800.0
2025-06-21,86,14:20,4095.2281,5827.294,1383.6567277307445,0.0,0.0,0.0,0.0,0.0,10800.0
2025-06-21,87,14:30,4007.39,5738.1375,1383.6567277307445,0.0,0.0,0.0,0.0,0.0,10800.0
2025-06-21,88,14:40,4227.0513,5964.2607,1383.6567277307445,0.0,0.0,0.0,0.0,0.0,10800.0
2025-06-21,89,14:50,4182.4486,5979.2451,1383.6567277307445,0.0,0.0,0.0,0.0,0.0,10800.0
2025-06-21,90,15:00,3879.68,5680.4625,1383.6567277307445,0.0,0.0,0.0,0.0,0.0,10800.0
2025-06-21,91,15:10,3916.2335,5457.1539,1383.6567277307445,0.0,0.0,0.0,0.0,0.0,10800.0
2025-06-21,92,15:20,3924.3398,5153.0688,1383.6567277307445,0.0,0.0,0.0,0.0,0.0,10800.0
2025-06-21,93,15:30,3875.5,4811.1,1383.6567277307445,0.0,0.0,0.0,0.0,0.0,10800.0
2025-06-21,94,15:40,4137.0155,4680.9532,1383.6567277307445,0.7903111112394754,0.7903111112394754,0.0,0.0,0.0,10800.0
2025-06-21,95,15:50,4317.2602,4481.2341,1383.6567277307445,54.248155213814925,54.248155213814925,0.0,0.0,0.0,10800.0
2025-06-21,96,16:00,4217.43,4055.4,1383.6567277307445,89.22939702405404,89.22939702405404,0.0,0.0,0.0,10800.0
2025-06-21,97,16:10,4034.2858,3562.8565,1383.6567277307445,184.15050347688805,184.15303661884462,0.0,0.0,0.0,10800.0
2025-06-21,98,16:20,3980.7146,3361.4888,1383.6567277307445,192.46182788638225,192.46182788638225,0.0,0.0,0.0,10800.0
2025-06-21,99,16:30,4042.02,3406.575,1383.6567277307445,166.4035403679099,166.4035403679099,0.0,0.0,0.0,10800.0
2025-06-21,100,16:40,3983.774,3291.2298,1383.6567277307445,234.34072607970182,234.34072607970182,0.0,0.0,0.0,10800.0
2025-06-21,101,16:50,3621.8931,2964.175,1383.6567277307445,247.19105475347226,247.19105475347226,0.0,0.0,0.0,10800.0
2025-06-21,102,17:00,3240.3,2623.6125,1383.6567277307445,200.53990899359718,200.53990899359718,0.0,0.0,0.0,10800.0
2025-06-21,103,17:10,3335.0072,2479.2426,1383.6567277307445,264.14197035962377,269.2990770588517,0.0,0.0,0.0,10800.0
2025-06-21,104,17:20,3462.6248,2185.8548,1383.6567277307445,302.5068759768403,307.7655018428071,0.0,0.0,0.0,10800.0
2025-06-21,105,17:30,3484.27,1750.4625,1383.6567277307445,323.1577133175325,328.3987254595926,0.0,0.0,0.0,10800.0
2025-06-21,106,17:40,3649.2081,1528.3871,1383.6567277307445,363.36540524456285,368.69102745083325,0.0,0.0,0.0,10800.0
2025-06-21,107,17:50,3604.3529,1310.4274,1383.6567277307445,390.557793638837,395.91241474771425,0.0,0.0,0.0,10800.0
2025-06-21,108,18:00,3349.51,1034.1,1383.6567277307445,411.17205829115676,411.6068626432817,0.0,0.0,0.0,10800.0
2025-06-21,109,18:10,3274.4828,860.3286,1383.6567277307445,451.05902117137447,451.05902117137447,0.0,0.0,0.0,10800.0
2025-06-21,110,18:20,3297.0032,677.2547,1383.6567277307445,494.5874210739026,494.5874210739026,0.0,0.0,0.0,10800.0
2025-06-21,111,18:30,3342.79,452.7,1383.6567277307445,537.7179699040546,537.7179699040546,0.0,0.0,0.0,10800.0
2025-06-21,112,18:40,3456.8314,276.0564,1383.6567277307445,580.3603532433223,580.3603532433223,0.0,0.0,0.0,10800.0
2025-06-21,113,18:50,3634.5648,121.8367,1383.6567277307445,28.21235267885345,28.21235267885345,0.0,557.2423306544799,0.0,10180.841854828355
2025-06-21,114,19:00,3852.72,7.7625,1383.6567277307445,0.0,0.0,0.0,640.8262499999998,0.0,9468.812688161688
2025-06-21,115,19:10,4004.9442,0.0,1383.6567277307445,0.0,0.0,0.0,667.4907,0.0,8727.156354828356
2025-06-21,116,19:20,3706.7434,3.2619,1383.6567277307445,0.0,0.0,0.0,617.2469166666666,0.0,8041.326447420948
2025-06-21,117,19:30,3293.48,0.0,1383.6567277307445,0.0,0.0,0.0,548.9133333333333,0.0,7431.422743717245
2025-06-21,118,19:40,3492.5254,0.0,1383.6567277307445,0.0,0.0,0.0,582.0875666666666,0.0,6784.658780754282
2025-06-21,119,19:50,3490.6667,0.2342,1383.6567277307445,0.0,0.0,0.0,581.73875,0.0,6138.282391865393
2025-06-21,120,20:00,3189.62,0.0,1383.6567277307445,0.0,0.0,0.0,531.6033333333332,0.0,5547.612021495022
2025-06-21,121,20:10,3348.2366,0.0,1383.6567277307445,0.0,0.0,0.0,558.0394333333334,0.0,4927.568206680207
2025-06-21,122,20:20,3725.2052,0.0168,1383.6567277307445,0.0,0.0,0.0,620.8647333333333,0.0,4237.718502976504
2025-06-21,123,20:30,3960.13,0.0,1383.6567277307445,0.0,0.0,0.0,660.0216666666666,0.0,3504.361095569097
2025-06-21,124,20:40,3881.8245,0.0,1383.6567277307445,0.0,0.0,0.0,646.97075,0.0,2785.504706680208
2025-06-21,125,20:50,3513.6729,0.0012,1383.6567277307445,659.3462745100578,663.458689181036,77.84673918103601,0.0,0.0,2855.5667719431403
2025-06-21,126,21:00,3160.32,0.0,1383.6567277307445,623.0293597629949,626.9152618732985,100.19526187329848,0.0,0.0,2945.742507629109
2025-06-21,127,21:10,3214.7106,0.0,1383.6567277307445,599.5271557919637,603.2664720912189,67.48137209121899,0.0,0.0,3006.4757425112057
2025-06-21,128,21:20,3489.1029,0.0,1383.6567277307445,593.2276943854715,596.9277202564513,15.410570256451365,0.0,0.0,3020.345255742012
2025-06-21,129,21:30,3713.49,0.0,1383.6567277307445,596.3155285377767,600.034813567351,0.0,18.880186432648998,0.0,2999.3672708168465
2025-06-21,130,21:40,3715.4477,0.0,1383.6567277307445,600.9268514763183,604.6748978303108,0.0,14.566385503022502,0.0,2983.1823980357103
2025-06-21,131,21:50,3460.6768,0.0,1383.6567277307445,583.896317105625,587.5381421581433,10.758675491476652,0.0,0.0,2992.8652059780393
2025-06-21,132,22:00,3169.68,0.0,1383.6567277307445,1386.3353511153923,1389.784485051422,833.3333333333333,0.0,0.0,3742.8652059780393
2025-06-21,133,22:10,3161.2424,0.0,1383.6567277307445,1375.1456791046216,1378.5250218351507,833.3333333333333,0.0,0.0,4492.86520597804
2025-06-21,134,22:20,3268.4465,0.0,1383.6567277307445,530.9921166058903,534.3039723862637,0.0,10.437110947069641,0.0,4481.268416036852
2025-06-21,135,22:30,3317.19,0.0,1383.6567277307445,1360.9054759872663,1364.196001016867,811.331001016867,0.0,0.0,5211.466316952032
2025-06-21,136,22:40,3281.0391,0.0,1383.6567277307445,1397.9247746223587,1401.4461930575974,833.3333333333333,0.0,0.0,5961.466316952032
2025-06-21,137,22:50,3250.7574,0.0,1383.6567277307445,1419.9637631784406,1423.6226411904986,833.3333333333333,0.0,0.0,6711.466316952032
2025-06-21,138,23:00,3190.39,0.0,1383.6567277307445,1400.0031174626092,1403.5374987489595,833.3333333333333,0.0,0.0,7461.466316952032
2025-06-21,139,23:10,2998.9363,0.0,1383.6567277307445,1337.0527167984483,1340.19446956585,833.3333333333333,0.0,0.0,8211.466316952032
2025-06-21,140,23:20,2920.9743,0.0,1383.6567277307445,1326.1115750221359,1329.1850866942323,833.3333333333333,0.0,0.0,8961.466316952032
2025-06-21,141,23:30,2989.3,0.0,1383.6567277307445,1367.237184853234,1370.5672014420343,833.3333333333333,0.0,0.0,9711.466316952032
2025-06-21,142,23:40,3024.571,0.0,1383.6567277307445,1368.6150920129123,1371.9537027590436,833.3333333333333,0.0,0.0,10461.466316952032
2025-06-21,143,23:50,3193.3141,0.0,1383.6567277307445,1377.2591273632463,1418.2812612508592,376.1485367199647,0.0,0.0,10800.0
2025-06-21,144,24:00,3636.14,0.0,1383.6567277307445,655.9036338892322,704.0035868003598,0.0,0.0,0.0,10800.0
2025-09-23,1,0:10,3421.106,0.0,1892.0753208690373,635.2758803121008,635.2758803121008,65.09154697876738,0.0,0.0,10502.801898492258
2025-09-23,2,0:20,3361.9091,0.0,1892.0753208690373,627.9265907980649,627.9265907980649,67.60840746473161,0.0,0.0,10563.649465210518
2025-09-23,3,0:30,3388.6,0.0,1892.0753208690373,610.2735773741664,610.2735773741664,45.50691070749974,0.0,0.0,10604.605684847267
2025-09-23,4,0:40,3591.0535,0.0,1892.0753208690373,588.2068649567072,588.2068649567072,0.0,10.302051709959414,0.0,10593.15896072509
2025-09-23,5,0:50,3639.0639,0.0,1892.0753208690373,574.989850657212,574.989850657212,0.0,31.520799342787996,0.0,10558.135850344213
2025-09-23,6,1:00,3538.62,0.0,1892.0753208690373,579.4333460881653,579.4333460881653,0.0,10.336653911834674,0.0,10546.650679331064
2025-09-23,7,1:10,3584.1201,0.0,1892.0753208690373,583.154407975804,583.154407975804,0.0,14.198942024195958,0.0,10530.874077081957
2025-09-23,8,1:20,3479.83,0.0,1892.0753208690373,581.6862873447743,581.6862873447743,1.7146206781077353,0.0,0.0,10532.417235692254
2025-09-23,9,1:30,3316.08,0.0,1892.0753208690373,576.3251504028409,576.3251504028409,23.645150402840954,0.0,0.0,10553.69787105481
2025-09-23,10,1:40,3504.3201,0.0,1892.0753208690373,579.8178534649164,579.8178534649164,0.0,4.235496535083485,0.0,10548.991763793607
2025-09-23,11,1:50,3611.1697,0.0,1892.0753208690373,600.4740900522728,600.4740900522728,0.0,1.387526614393778,0.0,10547.450067555392
2025-09-23,12,2:00,3543.64,0.0,1892.0753208690373,617.6298012957379,617.6298012957379,27.023134629071365,0.0,0.0,10571.770888721556
2025-09-23,13,2:10,3627.3783,0.0,1892.0753208690373,598.4138389338192,598.4138389338192,0.0,6.149211066180783,0.0,10564.938431981354
2025-09-23,14,2:20,3646.7973,0.0,1892.0753208690373,586.3079925447441,586.3079925447441,0.0,21.491557455255816,0.0,10541.058923697738
2025-09-23,15,2:30,3569.92,0.0,1892.0753208690373,610.0018279608785,610.0018279608785,15.015161294211794,0.0,0.0,10554.572568862528
2025-09-23,16,2:40,3591.0744,0.0,1892.0753208690373,620.1226262662314,620.1226262662314,21.610226266231393,0.0,0.0,10574.021772502136
2025-09-23,17,2:50,3523.6786,0.0,1892.0753208690373,615.8704218447436,615.8704218447436,28.590655178076986,0.0,0.0,10599.753362162404
2025-09-23,18,3:00,3402.03,0.0,1892.0753208690373,611.8119528487524,611.8119528487524,44.80695284875242,0.0,0.0,10640.07961972628
2025-09-23,19,3:10,3470.8796,0.0,1892.0753208690373,629.5977015669828,629.5977015669828,51.117768233649485,0.0,0.0,10686.085611136565
2025-09-23,20,3:20,3546.3118,0.0,1892.0753208690373,618.740646857635,618.740646857635,27.688680190968398,0.0,0.0,10711.005423308436
2025-09-23,21,3:30,3521.1,0.0,1892.0753208690373,593.148435299425,593.148435299425,6.298435299425137,0.0,0.0,10716.674015077919
2025-09-23,22,3:40,3493.0415,0.0,1892.0753208690373,584.6067233085445,584.6067233085445,2.4331399752112475,0.0,0.0,10718.863841055609
2025-09-23,23,3:50,3616.52,0.0,1892.0753208690373,594.8952840318175,594.8952840318175,0.0,7.858049301515848,0.0,10710.132675165036
2025-09-23,24,4:00,3738.77,0.0,1892.0753208690373,619.6602663464315,619.6602663464315,0.0,3.4680669869018175,0.0,10706.279267401811
2025-09-23,25,4:10,3573.138,0.0019,1892.0753208690373,640.4578836482028,640.4578836482028,44.935200314869576,0.0,0.0,10746.720947685193
2025-09-23,26,4:20,3548.8256,0.0,1892.0753208690373,637.9832210955509,637.9832210955509,46.512287762217625,0.0,0.0,10788.58200667119
2025-09-23,27,4:30,3696.43,0.0,1892.0753208690373,630.6757547516208,630.6757547516208,12.686659254233948,0.0,0.0,10800.0
2025-09-23,28,4:40,3629.4046,0.0268,1892.0753208690373,634.5648461458316,634.5648461458316,0.0,0.0,0.0,10800.0
2025-09-23,29,4:50,3602.4949,0.0,1892.0753208690373,628.1197752911662,628.1197752911662,0.0,0.0,0.0,10800.0
2025-09-23,30,5:00,3708.74,0.0,1892.0753208690373,613.2605815416148,613.2605815416148,0.0,4.862751791718438,0.0,10794.596942453647
2025-09-23,31,5:10,3751.3647,0.3731,1892.0753208690373,598.761579881015,598.761579881015,0.0,26.403686785651644,0.0,10765.259512691811
2025-09-23,32,5:20,3689.4488,0.0,1892.0753208690373,621.9658751337532,621.9658751337532,7.057741800419876,0.0,0.0,10771.611480312189
2025-09-23,33,5:30,3557.68,0.0,1892.0753208690373,634.4430680822586,634.4430680822586,31.542799653123236,0.0,0.0,10800.0
2025-09-23,34,5:40,3509.0644,5.1961,1892.0753208690373,1002.8145455723107,1002.8145455723107,0.0,0.0,0.0,10800.0
2025-09-23,35,5:50,4001.4806,0.0,1892.0753208690373,657.1240266916265,657.1240266916265,0.0,9.789406641706819,0.0,10789.122881509214
2025-09-23,36,6:00,4743.74,0.0,1892.0753208690373,0.0,0.0,0.0,790.6233333333332,0.0,9910.652511138844
2025-09-23,37,6:10,4911.4158,148.7833,1892.0753208690373,0.0,0.0,0.0,793.7720833333332,0.0,9028.683529657363
2025-09-23,38,6:20,4831.9735,376.0146,1892.0753208690373,0.0,0.0,0.0,742.6598166666666,0.0,8203.505955583289
2025-09-23,39,6:30,4792.2,649.3875,1892.0753208690373,0.0,0.0,0.0,690.4687499999999,0.0,7436.318455583289
2025-09-23,40,6:40,4757.3085,973.8044,1892.0753208690373,0.0,0.0,0.0,630.5840166666667,0.0,6735.669548175882
2025-09-23,41,6:50,4755.1526,1245.8597,1892.0753208690373,153.27084505613482,153.27084505613482,0.0,431.6113049438652,0.0,6256.1014315715865
2025-09-23,42,7:00,4789.05,1511.775,1892.0753208690373,529.1658567428851,529.1658567428851,0.0,17.04664325711485,0.0,6237.160716841459
2025-09-23,43,7:10,4816.282,1907.945,1892.0753208690373,436.1731514087626,436.1731514087626,0.0,48.54968192457079,0.0,6183.216625814159
2025-09-23,44,7:20,4786.2179,2234.3678,1892.0753208690373,422.7777738917045,422.7777738917045,0.0,2.5305761082953495,0.0,6180.4048745827195
2025-09-23,45,7:30,4660.51,2492.5875,1892.0753208690373,381.48148334183634,381.48148334183634,20.16106667516965,0.0,0.0,6198.5498345903725
2025-09-23,46,7:40,4606.8822,2894.0726,1892.0753208690373,279.9911523562252,279.9911523562252,0.0,5.477114310441493,0.0,6192.464152023215
2025-09-23,47,7:50,5489.8417,3343.4604,1892.0753208690373,0.0,0.0,0.0,357.7302166666667,0.0,5794.986133504697
2025-09-23,48,8:00,6701.06,3753.1125,1892.0753208690373,0.0,0.0,0.0,491.3245833333333,0.0,5249.069929800993
2025-09-23,49,8:10,6664.9869,4119.6249,1892.0753208690373,0.0,0.0,0.0,424.2270000000001,0.0,4777.706596467659
2025-09-23,50,8:20,6469.7028,4427.9049,1892.0753208690373,0.0,0.0,0.0,340.29964999999993,0.0,4399.595874245438
2025-09-23,51,8:30,6635.97,4698.6375,1892.0753208690373,0.0,0.0,0.0,322.88874999999996,0.0,4040.83059646766
2025-09-23,52,8:40,6600.0815,4997.093,1892.0753208690373,0.0,0.0,0.0,267.16475000000014,0.0,3743.980874245438
2025-09-23,53,8:50,6462.4233,5400.3214,1892.0753208690373,0.0,0.0,0.0,177.01698333333331,0.0,3547.2953372084007
2025-09-23,54,9:00,6427.57,5807.85,1892.0753208690373,0.0,0.0,0.0,103.28666666666652,0.0,3432.532374245438
2025-09-23,55,9:10,6551.7343,6020.5511,1892.0753208690373,0.0,0.0,0.0,88.53053333333332,0.0,3334.1651149861787
2025-09-23,56,9:20,6611.8297,6159.4673,1892.0753208690373,0.0,0.0,0.0,75.39373333333333,0.0,3250.3943001713637
2025-09-23,57,9:30,6584.42,6306.2625,1892.0753208690373,0.0,0.0,0.0,46.359583333333376,0.0,3198.8836520232157
2025-09-23,58,9:40,6627.8893,6423.4053,1892.0753208690373,0.0,0.0,0.0,34.0806666666665,0.0,3161.0162446158083
2025-09-23,59,9:50,6567.1756,6483.305,1892.0753208690373,0.0,0.0,0.0,13.978433333333214,0.0,3145.484652023216
2025-09-23,60,10:00,6455.96,6487.7625,1892.0753208690373,0.0,0.0,5.300416666666479,0.0,0.0,3150.255027023216
2025-09-23,61,10:10,6527.0912,6506.7574,1892.0753208690373,0.0,0.0,0.0,3.388966666666647,0.0,3146.4895085046974
2025-09-23,62,10:20,6488.4499,6763.9313,1892.0753208690373,0.0,0.0,45.91356666666684,0.0,0.0,3187.8117185046976
2025-09-23,63,10:30,6336.11,7139.7,1892.0753208690373,0.0,0.0,133.93166666666662,0.0,0.0,3308.3502185046978
2025-09-23,64,10:40,6376.9432,7257.6775,1892.0753208690373,0.0,0.0,146.78904999999986,0.0,0.0,3440.460363504698
2025-09-23,65,10:50,6473.6947,7240.5731,1892.0753208690373,0.0,0.0,127.8130666666666,0.0,0.0,3555.4921235046977
2025-09-23,66,11:00,6470.56,7359.675,1892.0753208690373,0.0,0.0,148.18583333333322,0.0,0.0,3688.8593735046975
2025-09-23,67,11:10,6357.1346,7784.7849,1892.0753208690373,0.0,0.0,237.94171666666648,0.0,0.0,3903.0069185046973
2025-09-23,68,11:20,6310.6975,8209.6886,1892.0753208690373,0.0,0.0,316.49851666666655,0.0,0.0,4187.855583504697
2025-09-23,69,11:30,6431.52,8399.7375,1892.0753208690373,0.0,0.0,328.03624999999965,0.0,0.0,4483.088208504697
2025-09-23,70,11:40,6604.0357,8379.679,1892.0753208690373,0.0,0.0,295.9405499999998,0.0,0.0,4749.434703504697
2025-09-23,71,11:50,6371.5522,8435.4109,1892.0753208690373,299.05679533749617,299.05679533749617,643.0332453374963,0.0,0.0,5328.164624308443
2025-09-23,72,12:00,5893.69,8613.5625,1892.0753208690373,433.5782497954692,433.5782497954692,833.3333333333333,0.0,0.0,6078.164624308443
2025-09-23,73,12:10,5815.5593,8690.3915,1892.0753208690373,447.2209060915104,447.2209060915104,833.3333333333333,0.0,0.0,6828.164624308443
2025-09-23,74,12:20,5929.8452,8581.2694,1892.0753208690373,448.98297315128866,448.98297315128866,833.3333333333333,0.0,0.0,7578.164624308443
2025-09-23,75,12:30,5958.43,8484.4875,1892.0753208690373,472.3691535891719,472.3691535891719,833.3333333333333,0.0,0.0,8328.164624308443
2025-09-23,76,12:40,5882.5546,8645.3297,1892.0753208690373,486.816638711682,486.816638711682,833.3333333333333,0.0,0.0,9078.164624308443
2025-09-23,77,12:50,6091.5912,8546.664,1892.0753208690373,0.0,0.0,409.1788,0.0,0.0,9446.425544308444
2025-09-23,78,13:00,6408.53,8135.1375,1892.0753208690373,0.0,0.0,287.7679166666667,0.0,0.0,9705.416669308444
2025-09-23,79,13:10,6253.4833,7884.9488,1892.0753208690373,0.0,0.0,271.9109166666667,0.0,0.0,9950.136494308445
2025-09-23,80,13:20,6080.4251,7754.0988,1892.0753208690373,0.0,0.0,278.94561666666664,0.0,0.0,10201.187549308444
2025-09-23,81,13:30,6115.63,7607.2875,1892.0753208690373,0.0,0.0,248.60958333333326,0.0,0.0,10424.936174308445
2025-09-23,82,13:40,6161.9414,7394.5585,1892.0753208690373,0.0,0.0,205.43618333333347,0.0,0.0,10609.828739308445
2025-09-23,83,13:50,6291.8498,7228.1769,1892.0753208690373,0.0,0.0,156.0545166666668,0.0,0.0,10750.277804308445
2025-09-23,84,14:00,6409.53,7094.9625,1892.0753208690373,0.0,0.0,55.24688410172732,0.0,0.0,10800.0
2025-09-23,85,14:10,6298.6605,6838.0168,1892.0753208690373,0.0,0.0,0.0,0.0,0.0,10800.0
2025-09-23,86,14:20,6212.8259,6393.4647,1892.0753208690373,0.0,0.0,0.0,0.0,0.0,10800.0
2025-09-23,87,14:30,6236.6,5854.05,1892.0753208690373,0.0,0.0,0.0,63.75833333333344,0.0,10729.157407407407
2025-09-23,88,14:40,6217.1274,5393.4146,1892.0753208690373,0.0,0.0,0.0,137.2854666666666,0.0,10576.618
2025-09-23,89,14:50,6206.2876,4990.8009,1892.0753208690373,0.0,0.0,0.0,202.5811166666665,0.0,10351.527870370372
2025-09-23,90,15:00,6262.68,4761.6375,1892.0753208690373,147.5110279283033,147.5110279283033,0.0,102.66272207169675,0.0,10237.458179179597
2025-09-23,91,15:10,6377.3851,4842.082,1892.0753208690373,428.1262079162715,428.1262079162715,172.24235791627166,0.0,0.0,10392.476301304241
2025-09-23,92,15:20,6461.0017,4734.2965,1892.0753208690373,251.41669369076817,251.41669369076817,0.0,36.36750630923166,0.0,10352.06796096065
2025-09-23,93,15:30,6382.45,4417.2375,1892.0753208690373,345.080924204708,345.080924204708,17.54550753804142,0.0,0.0,10367.858917744888
2025-09-23,94,15:40,6120.1976,4306.354,1892.0753208690373,364.6850727174119,364.6850727174119,62.37780605074522,0.0,0.0,10423.99894319056
2025-09-23,95,15:50,6153.6297,4035.9346,1892.0753208690373,414.85804577230977,414.85804577230977,61.908862438976485,0.0,0.0,10479.716919385639
2025-09-23,96,16:00,6505.17,3543.675,1892.0753208690373,457.3578737640072,457.3578737640072,0.0,36.2246262359929,0.0,10439.46733467898
2025-09-23,97,16:10,6704.9712,3168.3753,1892.0753208690373,569.7314290030542,569.7314290030542,0.0,19.70122099694572,0.0,10417.577089126818
2025-09-23,98,16:20,6651.3841,2836.5022,1892.0753208690373,631.6517999320422,631.6517999320422,0.0,4.161850067957857,0.0,10412.952811273532
2025-09-23,99,16:30,6512.95,2503.5375,1892.0753208690373,673.895942503716,673.895942503716,5.660525837049363,0.0,0.0,10418.047284526876
2025-09-23,100,16:40,6516.7553,2218.6701,1892.0753208690373,713.8598552321139,713.8598552321139,0.0,2.487678101219444,0.0,10415.283197747744
2025-09-23,101,16:50,6452.5286,1863.5925,1892.0753208690373,770.4681446863405,770.4681446863405,5.645461353007249,0.0,0.0,10420.36411296545
2025-09-23,102,17:00,6349.71,1465.3875,1892.0753208690373,802.3530843420649,802.3530843420649,0.0,11.700665657934906,0.0,10407.363373345523
2025-09-23,103,17:10,6441.2731,1178.7512,1892.0753208690373,848.568807321928,848.568807321928,0.0,28.518176011405103,0.0,10375.676511110629
2025-09-23,104,17:20,6397.9351,917.9154,1892.0753208690373,890.7354196081703,890.7354196081703,0.0,22.601197058496382,0.0,10350.564069934522
2025-09-23,105,17:30,6368.49,630.1875,1892.0753208690373,953.4300451189149,953.4300451189149,0.0,2.9537048810850592,0.0,10347.282175622206
2025-09-23,106,17:40,6667.634,356.458,1892.0753208690373,1048.929880184273,1048.929880184273,0.0,2.932786482393567,0.0,10344.023523975102
2025-09-23,107,17:50,5886.4358,131.4439,1892.0753208690373,947.7436717143416,947.7436717143416,0.0,11.421644952324982,0.0,10331.332807361407
2025-09-23,108,18:00,4515.87,0.0,1892.0753208690373,809.6204288982434,809.6204288982434,56.97542889824342,0.0,0.0,10382.610693369827
2025-09-23,109,18:10,4585.9791,0.0,1892.0753208690373,783.725314637739,783.725314637739,19.39546463773911,0.0,0.0,10400.066611543793
2025-09-23,110,18:20,4985.787,4.4234,1892.0753208690373,811.753542330761,811.753542330761,0.0,18.473724335905786,0.0,10379.540251170563
2025-09-23,111,18:30,5006.5,0.0,1892.0753208690373,812.6961975070312,812.6961975070312,0.0,21.7204691596354,0.0,10355.406396548746
2025-09-23,112,18:40,5016.9579,0.0,1892.0753208690373,831.0380880549665,831.0380880549665,0.0,5.121561945033591,0.0,10349.715772165375
2025-09-23,113,18:50,4862.5058,0.3176,1892.0753208690373,799.8477968897128,799.8477968897128,0.0,10.516903110287103,0.0,10338.030324265055
2025-09-23,114,19:00,4664.56,0.0,1892.0753208690373,300.10656872408833,300.10656872408833,0.0,477.3200979425784,0.0,9807.674659884413
2025-09-23,115,19:10,4794.5933,0.0,1892.0753208690373,0.0,0.0,0.0,799.0988833333333,0.0,8919.787011736265
2025-09-23,116,19:20,4953.598,0.0228,1892.0753208690373,836.9867562476699,836.9867562476699,11.390889581003194,0.0,0.0,8930.038812359167
2025-09-23,117,19:30,4906.9,0.0,1892.0753208690373,0.0,0.0,0.0,817.8166666666666,0.0,8021.353627173982
2025-09-23,118,19:40,4721.0181,0.0,1892.0753208690373,0.0,0.0,0.0,786.83635,0.0,7147.091016062871
2025-09-23,119,19:50,4705.315,0.0016,1892.0753208690373,0.0,0.0,0.0,784.2188999999998,0.0,6275.736682729538
2025-09-23,120,20:00,4871.47,0.0,1892.0753208690373,0.0,0.0,0.0,811.9116666666666,0.0,5373.612608655464
2025-09-23,121,20:10,4963.0687,0.0,1892.0753208690373,0.0,0.0,0.0,827.1781166666666,0.0,4454.525812359168
2025-09-23,122,20:20,5061.4062,0.0,1892.0753208690373,806.9409160285924,806.9409160285924,0.0,36.62678397140769,0.0,4413.829385724271
2025-09-23,123,20:30,5038.25,0.0,1892.0753208690373,0.0,0.0,0.0,833.3333333333333,6.375,3487.9034597983446
2025-09-23,124,20:40,4709.3717,0.0,1892.0753208690373,0.0,0.0,0.0,784.8952833333333,0.0,2615.7975894279743
2025-09-23,125,20:50,4809.9708,0.0,1892.0753208690373,785.4971885840838,785.4971885840838,0.0,16.16461141591617,0.0,2597.8369100769564
2025-09-23,126,21:00,5215.3,0.0,1892.0753208690373,804.0776553190233,804.0776553190233,0.0,65.13901134764342,0.0,2525.460230801797
2025-09-23,127,21:10,5055.1463,0.0,1892.0753208690373,817.4992727478004,817.4992727478004,0.0,25.025110585532957,0.0,2497.654552373427
2025-09-23,128,21:20,4827.5711,0.0,1892.0753208690373,809.5004062519315,809.5004062519315,4.905222918598156,0.0,0.0,2502.0692530001656
2025-09-23,129,21:30,4880.29,0.0,1892.0753208690373,786.1022511771475,786.1022511771475,0.0,27.279415489519124,0.0,2471.7587913451443
2025-09-23,130,21:40,4979.2148,0.0,1892.0753208690373,801.6495841384386,801.6495841384386,0.0,28.219549194894626,0.0,2440.4037366841503
2025-09-23,131,21:50,4609.119,0.0,1892.0753208690373,737.3423068020444,737.3423068020444,0.0,30.84419319795552,0.0,2406.132410908644
2025-09-23,132,22:00,3835.46,0.0,1892.0753208690373,1464.8531364620428,1464.8531364620428,825.6098031287095,0.0,0.0,3149.181233724483
2025-09-23,133,22:10,3320.6494,0.0,1892.0753208690373,1438.7242723627774,1438.7242723627774,833.3333333333333,0.0,0.0,3899.181233724483
2025-09-23,134,22:20,3496.0714,0.0,1892.0753208690373,607.1155232981137,607.1155232981137,24.43695663144706,0.0,0.0,3921.174494692785
2025-09-23,135,22:30,3883.24,0.0,1892.0753208690373,1435.073031806573,1435.073031806573,787.8663651399064,0.0,0.0,4630.254223318701
2025-09-23,136,22:40,3580.1991,0.0,1892.0753208690373,1447.583836604335,1447.583836604335,833.3333333333333,0.0,0.0,5380.254223318701
2025-09-23,137,22:50,3332.1137,0.0,1892.0753208690373,1452.3212824629973,1452.3212824629973,833.3333333333333,0.0,0.0,6130.254223318701
2025-09-23,138,23:00,3416.1,0.0,1892.0753208690373,1452.2897197911225,1452.2897197911225,833.3333333333333,0.0,0.0,6880.254223318701
2025-09-23,139,23:10,3387.9352,0.0,1892.0753208690373,1445.561998557766,1445.561998557766,833.3333333333333,0.0,0.0,7630.254223318701
2025-09-23,140,23:20,3459.0094,0.0,1892.0753208690373,1434.2462651079286,1434.2462651079286,833.3333333333333,0.0,0.0,8380.254223318701
2025-09-23,141,23:30,3661.95,0.0,1892.0753208690373,1434.6014868613838,1434.6014868613838,824.2764868613839,0.0,0.0,9122.103061493946
2025-09-23,142,23:40,3702.4038,0.0,1892.0753208690373,1426.813578680682,1426.813578680682,809.746278680682,0.0,0.0,9850.87471230656
2025-09-23,143,23:50,3409.7885,0.0,1892.0753208690373,845.2512617945517,1187.0775882673618,618.7795049340284,0.0,0.0,10407.776266747185
2025-09-23,144,24:00,3147.61,0.0,1892.0753208690373,635.0643868318458,635.0643868318458,110.46272016517912,0.0,0.0,10507.192714895846
2025-12-21,1,0:10,3576.1063,0.0,1776.8429188333896,594.3479574898314,594.3479574898314,0.0,1.669759176835214,0.0,10369.152577359404
2025-12-21,2,0:20,3537.871,0.0,1776.8429188333896,574.5347699975811,574.5347699975811,0.0,15.110396669085617,0.0,10352.363247727086
2025-12-21,3,0:30,3472.1,0.0,1776.8429188333896,589.7567084493674,589.7567084493674,11.073375116034072,0.0,0.0,10362.329285331516
2025-12-21,4,0:40,3388.2602,0.0,1776.8429188333896,617.2140931122514,617.2140931122514,52.50405977891808,0.0,0.0,10409.582939132542
2025-12-21,5,0:50,3299.4233,0.0,1776.8429188333896,629.6026113126208,629.6026113126208,79.69872797928747,0.0,0.0,10481.3117943139
2025-12-21,6,1:00,3349.26,0.0,1776.8429188333896,617.7764110256628,617.7764110256628,59.566411025662774,0.0,0.0,10534.921564236996
2025-12-21,7,1:10,3662.0911,0.0,1776.8429188333896,604.7272470563098,604.7272470563098,0.0,5.621269610356876,0.0,10528.675709114377
2025-12-21,8,1:20,3799.4157,0.0,1776.8429188333896,609.202458886689,609.202458886689,0.0,24.033491113311015,0.0,10501.971830099586
2025-12-21,9,1:30,3736.18,0.0,1776.8429188333896,622.0264411099304,622.0264411099304,0.0,0.6702255567362272,0.0,10501.227135036546
2025-12-21,10,1:40,3824.9356,0.0,1776.8429188333896,615.6929854789561,615.6929854789561,0.0,21.79628118771052,0.0,10477.009044827979
2025-12-21,11,1:50,3734.208,0.0,1776.8429188333896,615.183644086004,615.183644086004,0.0,7.184355913995887,0.0,10469.026427145762
2025-12-21,12,2:00,3587.15,0.0,1776.8429188333896,626.5951836620875,626.5951836620875,28.736850328754144,0.0,0.0,10494.889592441641
2025-12-21,13,2:10,3856.4774,0.0,1776.8429188333896,630.908956688988,630.908956688988,0.0,11.837276644345252,0.0,10481.737062836813
2025-12-21,14,2:20,3923.2147,0.0,1776.8429188333896,640.5888864195065,640.5888864195065,0.0,13.280230247160148,0.0,10466.98125145108
2025-12-21,15,2:30,3730.5,0.0,1776.8429188333896,659.2251100248589,659.2251100248589,37.47511002485885,0.0,0.0,10500.708850473453
2025-12-21,16,2:40,3819.86,0.0,1776.8429188333896,667.7729410716427,667.7729410716427,31.129607738309346,0.0,0.0,10528.725497437932
2025-12-21,17,2:50,3791.4644,0.0,1776.8429188333896,659.6324832781066,659.6324832781066,27.721749944773364,0.0,0.0,10553.675072388229
2025-12-21,18,3:00,3751.73,0.0,1776.8429188333896,647.8107619155896,647.8107619155896,22.52242858225634,0.0,0.0,10573.945258112259
2025-12-21,19,3:10,4180.5461,0.0,1776.8429188333896,658.6594559336521,658.6594559336521,0.0,38.09822739968115,0.0,10531.613894334836
2025-12-21,20,3:20,4115.3327,0.0,1776.8429188333896,669.3500638128721,669.3500638128721,0.0,16.5387195204612,0.0,10513.237539312102
2025-12-21,21,3:30,3748.74,0.0,1776.8429188333896,664.5217163346556,664.5217163346556,39.73171633465563,0.0,0.0,10548.996084013292
2025-12-21,22,3:40,4220.4858,0.0,1776.8429188333896,647.525129543663,647.525129543663,0.0,55.88917045633707,0.0,10486.897005728473
2025-12-21,23,3:50,4423.9257,0.0,1776.8429188333896,653.6050654762572,653.6050654762572,0.0,83.71588452374272,0.0,10393.879356257648
2025-12-21,24,4:00,4079.15,0.0,1776.8429188333896,674.6120680745023,674.6120680745023,0.0,5.246265258831045,0.0,10388.050172636726
2025-12-21,25,4:10,4038.9424,0.0,1776.8429188333896,671.3992146001308,671.3992146001308,0.0,1.757852066535861,0.0,10386.097003673907
2025-12-21,26,4:20,4082.3954,0.0,1776.8429188333896,677.7173692767662,677.7173692767662,0.0,2.681864056567065,0.0,10383.117154722166
2025-12-21,27,4:30,4064.87,0.0,1776.8429188333896,707.3263585977556,707.3263585977556,29.848025264422404,0.0,0.0,10409.980377460146
2025-12-21,28,4:40,4121.8784,0.0,1776.8429188333896,725.4244081095851,725.4244081095851,38.44467477625187,0.0,0.0,10444.580584758773
2025-12-21,29,4:50,4083.6154,0.0,1776.8429188333896,711.0419102063747,711.0419102063747,30.439343539708034,0.0,0.0,10471.97599394451
2025-12-21,30,5:00,4032.31,0.0,1776.8429188333896,686.8050293041238,686.8050293041238,14.753362637457144,0.0,0.0,10485.254020318222
2025-12-21,31,5:10,4217.9422,0.0023,1776.8429188333896,705.6127723074156,705.6127723074156,2.6227889740823684,0.0,0.0,10487.614530394896
2025-12-21,32,5:20,4253.2484,0.0,1776.8429188333896,710.9867433038918,710.9867433038918,2.1120099705584607,0.0,0.0,10489.5153393684
2025-12-21,33,5:30,4066.58,0.0,1776.8429188333896,684.3222037915922,684.3222037915922,6.558870458258866,0.0,0.0,10495.418322780832
2025-12-21,34,5:40,4077.7781,0.0316,1776.8429188333896,1159.3853736799392,1159.3853736799392,338.42408579907595,0.0,0.0,10800.0
2025-12-21,35,5:50,4717.7146,0.0,1776.8429188333896,770.331048767706,770.331048767706,0.0,15.954717898960666,0.0,10782.272535667822
2025-12-21,36,6:00,5490.65,0.0,1776.8429188333896,894.2754790801383,894.2754790801383,0.0,20.83285425319491,0.0,10759.124919830938
2025-12-21,37,6:10,5439.318,0.4406,1776.8429188333896,222.49926779318798,222.49926779318798,0.0,683.9802988734787,0.0,9999.146809971517
2025-12-21,38,6:20,5407.8325,0.0,1776.8429188333896,878.7705310826202,878.7705310826202,0.0,22.534885584046492,0.0,9974.108048211465
2025-12-21,39,6:30,5587.05,0.0,1776.8429188333896,890.258847565513,890.258847565513,0.0,40.916152434487,0.0,9928.645656617591
2025-12-21,40,6:40,5351.2866,6.1366,1776.8429188333896,901.6201493329584,901.6201493329584,10.761815999625014,0.0,0.0,9938.331291017254
2025-12-21,41,6:50,5233.249,0.0,1776.8429188333896,913.569057635452,913.569057635452,41.3608909687855,0.0,0.0,9975.556092889161
2025-12-21,42,7:00,5374.2,0.0,1776.8429188333896,916.5577216260828,916.5577216260828,20.85772162608282,0.0,0.0,9994.328042352636
2025-12-21,43,7:10,5360.7841,172.6829,1776.8429188333896,862.9939550212603,862.9939550212603,0.0,1.6895783120729675,0.0,9992.450733116999
2025-12-21,44,7:20,5321.3096,420.0356,1776.8429188333896,822.4597096924156,822.4597096924156,5.580709692415667,0.0,0.0,9997.473371840173
2025-12-21,45,7:30,5231.72,690.675,1776.8429188333896,787.9263338393646,787.9263338393646,31.085500506031167,0.0,0.0,10025.450322295601
2025-12-21,46,7:40,5065.8847,996.7377,1776.8429188333896,1577.181542188749,1577.181542188749,833.3333333333333,0.0,0.0,10775.450322295601
2025-12-21,47,7:50,5889.1246,1276.7125,1776.8429188333896,811.5142712305012,811.5142712305012,27.277419671554526,0.0,0.0,10800.0
2025-12-21,48,8:00,7180.79,1539.8625,1776.8429188333896,106.077487310013,108.68462646648504,0.0,831.4699568668482,0.0,9876.14449237017
2025-12-21,49,8:10,7254.351,1860.1541,1776.8429188333896,48.60653555106546,48.60653555106546,0.0,833.3333333333333,17.092947782267856,8950.218566444244
2025-12-21,50,8:20,7152.8955,2211.6206,1776.8429188333896,0.0,0.0,0.0,823.5458166666666,0.0,8035.167659036837
2025-12-21,51,8:30,7367.01,2579.625,1776.8429188333896,0.0,0.0,0.0,797.8975,0.0,7148.614881259059
2025-12-21,52,8:40,7333.1326,2953.1787,1776.8429188333896,0.0,0.0,0.0,729.9923166666667,0.0,6337.512307184985
2025-12-21,53,8:50,7276.0603,3195.6035,1776.8429188333896,0.0,0.0,0.0,680.0761333333332,0.0,5581.872159036837
2025-12-21,54,9:00,7255.65,3341.5875,1776.8429188333896,0.0,0.0,0.0,652.3437499999999,0.0,4857.045770147948
2025-12-21,55,9:10,7076.8086,3572.7867,1776.8429188333896,0.0,0.0,0.0,584.0036500000001,0.0,4208.152825703503
2025-12-21,56,9:20,7014.1683,3848.0561,1776.8429188333896,0.0,0.0,0.0,527.6853666666666,0.0,3621.8357516294295
2025-12-21,57,9:30,7150.59,4116.6,1776.8429188333896,525.2390445800588,525.2390445800588,19.574044580058853,0.0,0.0,3639.4523917514825
2025-12-21,58,9:40,7259.4501,4370.6969,1776.8429188333896,485.625704764004,485.625704764004,4.166838097337404,0.0,0.0,3643.202546039086
2025-12-21,59,9:50,7142.682,4583.0793,1776.8429188333896,436.55389126308523,436.55389126308523,9.953441263085324,0.0,0.0,3652.160643175863
2025-12-21,60,10:00,6912.23,4750.3875,1776.8429188333896,0.0,0.0,0.0,360.30708333333325,0.0,3251.819439472159
2025-12-21,61,10:10,6873.3728,4886.2111,1776.8429188333896,261.25525222824814,261.25525222824814,0.0,69.9383644384186,0.0,3174.110145651694
2025-12-21,62,10:20,6913.1885,4956.6279,1776.8429188333896,322.946927173223,322.946927173223,0.0,3.1465061601102207,0.0,3170.614027696016
2025-12-21,63,10:30,6951.47,4960.7625,1776.8429188333896,278.09499481398143,278.09499481398143,0.0,53.68958851935213,0.0,3110.95892934118
2025-12-21,64,10:40,7040.6919,4946.2149,1776.8429188333896,248.7589079553601,248.7589079553601,0.0,100.32059204463985,0.0,2999.491604847136
2025-12-21,65,10:50,7195.1724,4968.8079,1776.8429188333896,260.7856514063959,260.7856514063959,0.0,110.27509859360407,0.0,2876.963717520909
2025-12-21,66,11:00,7266.62,4979.2125,1776.8429188333896,635.0701727216707,635.0701727216707,253.83558938833744,0.0,0.0,3105.4157479704127
2025-12-21,67,11:10,7080.5804,4907.9946,1776.8429188333896,1016.6837616751942,1016.6837616751942,654.5861283418608,0.0,0.0,3694.5432634780873
2025-12-21,68,11:20,6948.6094,5015.1025,1776.8429188333896,977.7853424271987,977.7853424271987,655.5341924271986,0.0,0.0,4284.524036662566
2025-12-21,69,11:30,6954.16,5256.3375,1776.8429188333896,984.076255612849,984.076255612849,701.1058389461823,0.0,0.0,4915.51929171413
2025-12-21,70,11:40,6860.0706,5348.0182,1776.8429188333896,1004.3770839530578,1004.3770839530578,752.3683506197244,0.0,0.0,5592.6508072718825
2025-12-21,71,11:50,6565.9337,5577.6892,1776.8429188333896,985.4250666473827,985.4250666473827,820.717649980716,0.0,0.0,6331.296692254527
2025-12-21,72,12:00,6330.9,5890.8,1776.8429188333896,935.9603980363597,935.9603980363597,833.3333333333333,0.0,0.0,7081.296692254527
2025-12-21,73,12:10,6501.863,5904.8948,1776.8429188333896,888.8538146205894,955.4286536721092,833.3333333333333,0.0,0.0,7831.296692254527
2025-12-21,74,12:20,6520.3344,5868.1645,1776.8429188333896,897.1132534723243,962.5800771106364,833.3333333333333,0.0,0.0,8581.296692254527
2025-12-21,75,12:30,6273.31,5864.7,1776.8429188333896,908.1834838851207,970.867723673117,833.3333333333333,0.0,0.0,9331.296692254527
2025-12-21,76,12:40,6234.7567,5722.7661,1776.8429188333896,885.02272720421,941.1312584964627,833.3333333333333,0.0,0.0,10081.296692254527
2025-12-21,77,12:50,6512.763,5549.8704,1776.8429188333896,75.18375223301041,559.0313948750763,398.5492948750764,0.0,0.0,10439.991057642097
2025-12-21,78,13:00,6836.44,5390.4375,1776.8429188333896,143.79383960967857,143.79383960967857,0.0,97.20657705698795,0.0,10331.983749801
2025-12-21,79,13:10,6797.3346,5211.4597,1776.8429188333896,202.60225800937803,202.60225800937803,0.0,61.710225323955,0.0,10263.416832774383
2025-12-21,80,13:20,6554.3856,5202.0686,1776.8429188333896,204.74286305091766,204.74286305091766,0.0,20.64330361574889,0.0,10240.479828756885
2025-12-21,81,13:30,6350.08,5287.95,1776.8429188333896,214.74530143443303,214.74530143443303,37.7236347677665,0.0,0.0,10274.431100047874
2025-12-21,82,13:40,6333.408,5178.3498,1776.8429188333896,226.17262853779766,226.17262853779766,33.6629285377976,0.0,0.0,10304.72773573189
2025-12-21,83,13:50,6515.4464,4993.7017,1776.8429188333896,0.0,0.0,0.0,253.62411666666662,0.0,10022.923161657816
2025-12-21,84,14:00,6658.81,4847.5125,1776.8429188333896,0.0,0.0,0.0,301.8829166666668,0.0,9687.497698694853
2025-12-21,85,14:10,6474.7834,4705.4039,1776.8429188333896,0.0,0.0,0.0,294.8965833333334,0.0,9359.834828324483
2025-12-21,86,14:20,6311.1097,4404.8152,1776.8429188333896,0.0,0.0,0.0,317.71574999999996,0.0,9006.817328324483
2025-12-21,87,14:30,6293.57,3988.3875,1776.8429188333896,0.0,0.0,0.0,384.19708333333335,0.0,8579.931680176334
2025-12-21,88,14:40,6241.0875,3658.7815,1776.8429188333896,0.0,0.0,0.0,430.3843333333332,0.0,8101.726865361519
2025-12-21,89,14:50,6267.633,3321.4365,1776.8429188333896,0.0,0.0,0.0,491.03274999999996,0.0,7556.134920917075
2025-12-21,90,15:00,6308.83,2957.5875,1776.8429188333896,1353.4655883764874,1353.4655883764874,794.9251717098207,0.0,0.0,8271.567575455914
2025-12-21,91,15:10,6184.3165,2665.595,1776.8429188333896,1441.353892851654,1441.353892851654,833.3333333333333,0.0,0.0,9021.567575455914
2025-12-21,92,15:20,6249.441,2404.6045,1776.8429188333896,1460.9500723391238,1460.9500723391238,820.1439890057904,0.0,0.0,9759.697165561125
2025-12-21,93,15:30,6412.99,2166.8625,1776.8429188333896,1369.2864898451312,1369.2864898451312,661.5985731784647,0.0,0.0,10355.135881421744
2025-12-21,94,15:40,6229.2355,1977.0681,1776.8429188333896,714.3707132107793,714.3707132107793,5.676146544112726,0.0,0.0,10360.244413311446
2025-12-21,95,15:50,6140.1248,1719.0539,1776.8429188333896,740.1274881588174,740.1274881588174,3.282338158817538,0.0,0.0,10363.198517654382
2025-12-21,96,16:00,6190.42,1414.8375,1776.8429188333896,747.603942077172,747.603942077172,0.0,48.32647458949475,0.0,10309.502434777165
2025-12-21,97,16:10,6007.344,1199.0528,1776.8429188333896,813.5046108254797,813.5046108254797,12.122744158813134,0.0,0.0,10320.412904520097
2025-12-21,98,16:20,6021.8302,965.9713,1776.8429188333896,852.2742517891975,852.2742517891975,9.631101789197487,0.0,0.0,10329.080896130376
2025-12-21,99,16:30,6231.28,680.625,1776.8429188333896,902.2776441146414,902.2776441146414,0.0,22.831522552025262,0.0,10303.712537739237
2025-12-21,100,16:40,6177.7882,419.0314,1776.8429188333896,976.85941522171,976.85941522171,17.066615221710208,0.0,0.0,10319.072491438776
2025-12-21,101,16:50,6130.9976,173.8125,1776.8429188333896,1003.677817514222,1003.677817514222,10.813634180888926,0.0,0.0,10328.804762201577
2025-12-21,102,17:00,6172.78,0.0,1776.8429188333896,988.4521390238376,988.4521390238376,0.0,40.34452764282901,0.0,10283.9775092651
2025-12-21,103,17:10,6112.1742,0.0,1776.8429188333896,1009.5180036153602,1009.5180036153602,0.0,9.17769638463983,0.0,10273.780068837723
2025-12-21,104,17:20,6160.7027,6.2009,1776.8429188333896,1021.5221832572066,1021.5221832572066,0.0,4.228116742793304,0.0,10269.08216134573
2025-12-21,105,17:30,6338.77,0.0,1776.8429188333896,1025.1999720283645,1025.1999720283645,0.0,31.26169463830206,0.0,10234.34694508095
2025-12-21,106,17:40,6290.0948,0.0,1776.8429188333896,1040.5884521417668,1040.5884521417668,0.0,7.760681191566391,0.0,10225.723965979209
2025-12-21,107,17:50,5392.9058,0.4452,1776.8429188333896,909.3748282956595,909.3748282956595,10.631394962326226,0.0,0.0,10235.292221445303
2025-12-21,108,18:00,4275.8,0.0,1776.8429188333896,712.4002039697989,712.4002039697989,0.0,0.23312936353443092,0.0,10235.033188819154
2025-12-21,109,18:10,4292.4867,0.0,1776.8429188333896,710.4822251299695,710.4822251299695,0.0,4.932224870030495,0.0,10229.552938963565
2025-12-21,110,18:20,4489.6396,0.032,1776.8429188333896,732.6293340988992,732.6293340988992,0.0,15.638599234434196,0.0,10212.176717591972
2025-12-21,111,18:30,4380.05,0.0,1776.8429188333896,709.5726503677699,709.5726503677699,0.0,20.435682965563387,0.0,10189.470403185791
2025-12-21,112,18:40,4406.0663,0.0,1776.8429188333896,712.312957668895,712.312957668895,0.0,22.031425664438302,0.0,10164.991041336416
2025-12-21,113,18:50,4500.5016,0.0023,1776.8429188333896,714.210505095547,714.210505095547,0.0,35.87271157111957,0.0,10125.13247292406
2025-12-21,114,19:00,4490.76,0.0,1776.8429188333896,0.0,0.0,0.0,748.46,0.0,9293.510250701838
2025-12-21,115,19:10,4334.8994,0.0,1776.8429188333896,0.0,0.0,0.0,722.4832333333334,0.0,8490.75110255369
2025-12-21,116,19:20,4356.9931,0.0,1776.8429188333896,165.09870418878654,165.09870418878654,0.0,561.06681247788,0.0,7867.343533133823
2025-12-21,117,19:30,4466.59,0.0,1776.8429188333896,0.0,0.0,0.0,744.4316666666666,0.0,7040.197236837527
2025-12-21,118,19:40,4301.5722,0.0,1776.8429188333896,0.0,0.0,0.0,716.9286999999999,0.0,6243.609792393083
2025-12-21,119,19:50,4398.717,0.0,1776.8429188333896,0.0,0.0,0.0,733.1194999999999,0.0,5429.032570170861
2025-12-21,120,20:00,4681.61,0.0,1776.8429188333896,0.0,0.0,0.0,780.2683333333332,0.0,4562.067755356046
2025-12-21,121,20:10,4485.5154,0.0,1776.8429188333896,0.0,0.0,0.0,747.5859,0.0,3731.4167553560465
2025-12-21,122,20:20,4156.9026,0.0,1776.8429188333896,736.2864652515256,736.2864652515256,43.46936525152557,0.0,0.0,3770.5391840824195
2025-12-21,123,20:30,4090.51,0.0,1776.8429188333896,0.0,0.0,0.0,681.7516666666667,0.0,3013.0373322305677
2025-12-21,124,20:40,4322.2266,0.0,1776.8429188333896,0.0,0.0,0.0,720.3711,0.0,2212.6249988972345
2025-12-21,125,20:50,4336.801,0.0,1776.8429188333896,717.1844630250373,717.1844630250373,0.0,5.615703641629352,0.0,2206.385328184313
2025-12-21,126,21:00,4144.46,0.0,1776.8429188333896,723.1363320624966,723.1363320624966,32.39299872916331,0.0,0.0,2235.53902704056
2025-12-21,127,21:10,4227.261,0.0,1776.8429188333896,710.2131407180268,710.2131407180268,5.6696407180268125,0.0,0.0,2240.6417036867842
2025-12-21,128,21:20,4326.9643,0.0,1776.8429188333896,707.3056723639312,707.3056723639312,0.0,13.855044302735337,0.0,2225.2472100170785
2025-12-21,129,21:30,4357.83,0.0,1776.8429188333896,727.8367545397128,727.8367545397128,1.5317545397128924,0.0,0.0,2226.62578910282
2025-12-21,130,21:40,4437.1142,0.0,1776.8429188333896,741.1410477091797,741.1410477091797,1.6220143758464474,0.0,0.0,2228.0856020410815
2025-12-21,131,21:50,4070.9954,0.0,1776.8429188333896,669.726332725844,669.726332725844,0.0,8.772900607489191,0.0,2218.337934699427
2025-12-21,132,22:00,3434.4,0.0,1776.8429188333896,1391.9635670778102,1392.3627058909824,819.9627058909824,0.0,0.0,2956.3043700013113
2025-12-21,133,22:10,3270.5539,0.0,1776.8429188333896,1382.490722045694,1382.8830925532945,833.3333333333333,0.0,0.0,3706.3043700013113
2025-12-21,134,22:20,3305.0168,0.0,1776.8429188333896,569.6332021738119,570.0402025589058,19.20406922557254,0.0,0.0,3723.5880323043266
2025-12-21,135,22:30,3255.6,0.0,1776.8429188333896,1395.0247960446502,1395.4261220922804,833.3333333333333,0.0,0.0,4473.588032304327
2025-12-21,136,22:40,3155.514,0.0,1776.8429188333896,1379.602067206716,1379.9923737833037,833.3333333333333,0.0,0.0,5223.588032304327
2025-12-21,137,22:50,3260.3635,0.0,1776.8429188333896,1377.5773057448666,1377.9661656384108,833.3333333333333,0.0,0.0,5973.588032304327
2025-12-21,138,23:00,3508.97,0.0,1776.8429188333896,1393.9709605629405,1394.3715336498144,809.5432003164811,0.0,0.0,6702.17691258916
2025-12-21,139,23:10,3554.7154,0.0,1776.8429188333896,1413.5033958209206,1413.9179247457641,821.4653580790975,0.0,0.0,7441.4957348603475
2025-12-21,140,23:20,3395.6628,0.0,1776.8429188333896,1422.8405138769667,1423.2617141310623,833.3333333333333,0.0,0.0,8191.4957348603475
2025-12-21,141,23:30,3305.59,0.0,1776.8429188333896,1417.706073259678,1418.1236049788276,833.3333333333333,0.0,0.0,8941.495734860348
2025-12-21,142,23:40,3539.7613,0.0,1776.8429188333896,1407.8233443503964,1408.2338149037705,818.2735982371039,0.0,0.0,9677.94197327374
2025-12-21,143,23:50,3571.991,0.0,1776.8429188333896,945.7504926491898,1420.4395877611232,825.1077544277899,0.0,0.0,10420.538952258752
2025-12-21,144,24:00,3464.4,0.0,1776.8429188333896,601.5959213784217,1098.8436405251975,421.6233863791644,0.0,0.0,10800.0
