date,day_index,season_stress,level_window_days,load_level_factor,pv_level_factor,load_weekly_factor,drift_level,drift_scale,drift_direction,pv_window_start,pv_window_end,daylight_proxy_hours,daylight_proxy_trend_hours,load_weight_baseline,load_weight_ridge,load_weight_lightgbm
2025-01-01,0,0.0,21,1.0,1.0,1.0,0.0,0.0,0.0,42,109,11.333333333333334,0.0,1.0,,
2025-01-02,1,0.0,21,1.0366164656386678,0.9114782308701924,1.0,0.0,0.0,0.0,42,100,9.833333333333334,0.0,1.0,,
2025-01-03,2,0.0,21,1.027828736159276,0.9313327376064219,1.0,0.0,0.0,0.0,42,100,9.833333333333334,0.0,1.0,,
2025-01-04,3,0.0,21,0.953147599267415,0.9547572270911395,1.0,0.0,0.0,0.0,42,100,9.833333333333334,0.0,1.0,,
2025-01-05,4,0.0,21,0.9309615273193709,0.9707125803315949,1.0,0.0,0.0,0.0,42,100,9.833333333333334,0.0,1.0,,
2025-01-06,5,0.0,21,1.0218617678130515,0.9754120644464697,1.0,0.0,0.0,0.0,42,100,9.833333333333334,0.0,1.0,,
2025-01-07,6,0.0,21,1.0425503784760723,0.9772197491520294,1.0,0.0,0.0,0.0,42,100,9.833333333333334,0.0,1.0,,
2025-01-08,7,0.0,21,1.0404880132935643,0.9730146895632992,1.0,0.0,0.0,0.0,42,100,9.833333333333334,0.0,1.0,,
2025-01-09,8,0.0,21,1.0331845043511882,0.9858812181480309,1.0,0.0,0.0,0.0,42,100,9.833333333333334,0.0,1.0,,
2025-01-10,9,0.0,21,1.027287009364952,0.9886153638550115,1.0,0.0,0.0,0.0,42,100,9.833333333333334,0.0,1.0,,
2025-01-11,10,0.0,21,1.022433934241921,0.9888251905130183,1.0,0.0,0.0,0.0,42,100,9.833333333333334,0.0,1.0,,
2025-01-12,11,0.0,21,1.0186104268744731,0.9924344439567677,1.0,0.0,0.0,0.0,42,100,9.833333333333334,0.0,1.0,,
2025-01-13,12,0.0,21,1.0146973950220382,0.9905425973913365,1.0,0.0,0.0,0.0,42,100,9.833333333333334,0.0,1.0,,
2025-01-14,13,0.0,21,1.0127276051281218,1.0012094846275488,1.0,0.0,0.0,0.0,42,100,9.833333333333334,0.0,1.0,,
2025-01-15,14,0.0,21,1.0110960907818312,1.0041586322358993,1.0,0.0,0.0,0.0,42,101,9.833333333333334,0.0,1.0,,
2025-01-16,15,0.0,21,1.010223581376638,1.00004301188955,1.0,0.0,0.0,0.0,41,101,9.833333333333334,0.0,1.0,,
2025-01-17,16,0.0,21,1.0088300965181918,1.0025448490932645,1.0,0.0,0.0,0.0,41,101,9.833333333333334,0.0,1.0,,
2025-01-18,17,0.0,21,1.0069117256134494,1.0057133233201663,1.0,0.0,0.0,0.0,41,101,9.916666666666668,0.08333333333333393,1.0,,
2025-01-19,18,0.0,21,1.0056190038280501,1.0055965610878734,1.0,0.0,0.0,0.0,41,101,10.083333333333332,0.24999999999999822,1.0,,
2025-01-20,19,0.0,21,1.0048352926703106,1.0046988922417164,1.0,0.0,0.0,0.0,41,101,10.166666666666666,0.33333333333333215,1.0,,
2025-01-21,20,0.0,21,1.0039299342554353,1.0060209076886217,1.0,0.0,0.0,0.0,41,101,10.166666666666666,0.33333333333333215,1.0,,
2025-01-22,21,0.0,21,1.0023249492368818,1.0187365364394123,1.0,0.0,0.0,0.0,41,101,10.166666666666666,0.33333333333333215,1.0,,
2025-01-23,22,0.0,21,1.0013222069897556,1.0114147295937266,1.0,0.0,0.0,0.0,41,101,10.166666666666666,0.33333333333333215,1.0,,
2025-01-24,23,0.0,21,1.0012507907022772,1.0026784338787866,1.0,0.0,0.0,0.0,41,101,10.166666666666666,0.33333333333333215,1.0,,
2025-01-25,24,0.0,21,1.0030435637873798,1.0123880033258696,1.0,0.0,0.0,0.0,41,101,10.166666666666666,0.33333333333333215,1.0,,
2025-01-26,25,0.0,21,1.0034585807588916,1.0209375625700898,1.0,0.0,0.0,0.0,41,101,10.166666666666666,0.33333333333333215,1.0,,
2025-01-27,26,0.0,21,1.000867670996076,1.0119642914867044,1.0,0.0,0.0,0.0,41,101,10.166666666666666,0.33333333333333215,1.0,,
2025-01-28,27,0.0,21,0.9994131836167467,1.0158742954735256,1.0,0.0,0.0,0.0,41,101,10.166666666666666,0.33333333333333215,1.0,,
2025-01-29,28,0.4083765147323493,10,1.002086554965569,1.00541646261,1.0,0.053121332691907774,1.4353320243937613,0.053121332691907774,41,101,10.166666666666666,0.33333333333333215,0.5,0.5,
2025-01-30,29,0.43021662940517774,10,1.0008951020014705,1.0220374632998976,1.0,0.0943097044361354,1.411250154751261,0.0943097044361354,41,101,10.166666666666666,0.33333333333333215,0.07104745593708679,0.9289525440629132,
2025-01-31,30,0.429430319378286,10,1.002067381697177,1.021754633365294,1.0,0.08906432530430014,1.4393313239284553,0.08906432530430014,41,101,10.166666666666666,0.33333333333333215,0.04016476700827921,0.9598352329917208,
2025-02-01,31,0.4094674391466425,11,1.003642693723415,1.0144343753576406,0.9977734705533563,0.04868989528249217,1.1740001102870927,-0.04868989528249217,41,102,10.166666666666666,0.24999999999999822,0.12078742683637458,0.8792125731636254,
2025-02-02,32,0.42783260107397614,10,0.9951064202320299,1.0128293571222147,1.0003619265549555,0.127296314629024,1.1049601507804396,-0.127296314629024,40,102,10.166666666666666,0.08333333333333393,0.29884931150592847,0.7011506884940716,
2025-02-03,33,0.31933507743904416,13,0.9909818649919854,1.021179048931823,1.001907772057783,0.018564717822474427,0.3460775385858457,0.018564717822474427,40,102,10.166666666666666,0.0,0.6119223699930975,0.38807763000690265,
2025-02-04,34,0.19078943692899494,15,0.9895344857327851,1.0184623053401667,1.0044390069100457,0.136943974148348,0.13368948074200576,0.136943974148348,40,102,10.25,0.08333333333333393,0.8449172748068494,0.15508272519315056,
2025-02-05,35,0.1320815040400605,17,0.987862149734515,1.0096369187421617,0.9986819460096713,0.0017610141201552696,0.13141714613233751,-0.0017610141201552696,40,102,10.416666666666668,0.2500000000000018,0.9460432098107889,0.05395679018921105,
2025-02-06,36,0.0779139448327413,18,0.9896325343440593,1.006503326774723,1.0004348259960072,0.016937322973418725,0.06992629829401074,0.016937322973418725,40,102,10.5,0.3333333333333339,0.8381454023953737,0.16185459760462623,
2025-02-07,37,0.04297926452740946,20,0.9913669758022943,1.0057923856135509,1.0002969205233778,0.019201129113914167,0.015552165867784773,-0.019201129113914167,40,102,10.5,0.3333333333333339,0.7327709139508171,0.26722908604918294,
2025-02-08,38,0.0411351075777115,19,0.9917774347249393,1.0085523814083015,0.994877754482052,0.06629546331446003,0.0033206212439457375,-0.06629546331446003,40,102,10.5,0.3333333333333339,0.692673922834187,0.3073260771658129,
2025-02-09,39,0.12731716040164057,16,0.9995082097453503,1.0091646242106724,0.9969790788460614,0.17903193541715634,0.037583642711835855,0.17903193541715634,40,102,10.5,0.3333333333333339,0.8038959689965749,0.19610403100342516,
2025-02-10,40,0.27440945078516,12,1.0072940311795864,0.9971096598735568,0.9988546160136567,0.4368815584270125,0.08426586491685929,0.4368815584270125,40,102,10.5,0.3333333333333339,0.8444855819571329,0.1555144180428671,
2025-02-11,41,0.33234710745545565,11,1.0101828385363603,1.0156505180497903,1.000345518115265,0.5670651323675694,0.10023208993407443,0.5670651323675694,40,102,10.5,0.3333333333333339,0.8554785350006776,0.1445214649993225,
2025-02-12,42,0.3622136089960163,11,1.0127496042471442,1.0203637624838289,0.9979850170640707,0.7245577968318162,0.0709789418524578,0.7245577968318162,40,102,10.5,0.3333333333333339,0.883108663621184,0.11689133637881603,
2025-02-13,43,0.34702603511036745,11,1.012402138449443,1.0182899366853897,0.9997190894838783,0.6542677944139064,0.05789062471202892,0.6542677944139064,39,102,10.5,0.3333333333333339,0.8465123436707171,0.15348765632928277,
2025-02-14,44,0.31885529050917916,12,1.010402481998367,1.0340945681396088,0.9991489401312975,0.5571051474046652,0.06616078173592739,0.5571051474046652,39,103,10.5,0.3333333333333339,0.8039479240487172,0.1960520759512828,
2025-02-15,45,0.3009599860062688,12,1.0099613165106036,1.0210428842379513,0.9993829632251582,0.5280711452467698,0.06661547568951434,0.5280711452467698,39,103,10.5,0.3333333333333339,0.7922665926179534,0.20773340738204663,
2025-02-16,46,0.2417700742222429,14,1.010832949854349,1.0178506930266586,1.0000581226721033,0.3415673957963409,0.017656496325067716,0.3415673957963409,39,103,10.583333333333332,0.4166666666666661,0.8100249101331853,0.18997508986681463,
2025-02-17,47,0.16645002518942165,15,1.0098754409016522,1.0163009798697613,1.000000891225424,0.11582220771028309,0.1111685150569902,0.11582220771028309,39,103,10.75,0.5833333333333339,0.813485520738851,0.18651447926114895,
2025-02-18,48,0.12205076023988444,17,1.0082952369550502,1.025125038685231,1.0018790639053339,0.004295975096282359,0.1374605787171627,0.004295975096282359,39,103,10.833333333333334,0.5833333333333339,0.7981101138886654,0.2018898861113347,
2025-02-19,49,0.1593901042100812,15,1.008939661633032,1.0259811310344786,0.9983382794523818,0.10089460691808602,0.14686195704835814,-0.10089460691808602,39,103,10.833333333333334,0.4166666666666661,0.8111748393252333,0.1888251606747668,
2025-02-20,50,0.16205017517418746,15,1.0086902146810992,1.0222865151241485,0.9992397977100589,0.10830434977147924,0.14461303577166731,-0.10830434977147924,39,103,10.833333333333334,0.3333333333333339,0.7860304175815983,0.21396958241840175,
2025-02-21,51,0.17124748643176904,15,1.007005592750964,1.021074272875395,0.9992831224249756,0.11043870409946825,0.15823322420510588,-0.11043870409946825,39,103,10.833333333333334,0.3333333333333339,0.748750668921871,0.2512493310781289,
2025-02-22,52,0.17093689235258003,15,1.0055264093071716,1.021117691468004,1.0006862829028151,0.1292116590204836,0.1403516797937926,-0.1292116590204836,39,103,10.833333333333334,0.3333333333333339,0.7307838442192088,0.26921615578079117,
2025-02-23,53,0.21188711094375026,14,1.0032272913461566,1.0106514629291077,1.0002469771181002,0.1945313854388209,0.15363519749462115,-0.1945313854388209,39,103,10.833333333333334,0.3333333333333339,0.7018613077965532,0.2981386922034468,
2025-02-24,54,0.2087358114775116,14,1.0021382602555124,1.013602325604465,0.9999632591353715,0.19014694987375227,0.14666078027382978,-0.19014694987375227,39,103,10.833333333333334,0.3333333333333339,0.6836128407017293,0.3163871592982707,
2025-02-25,55,0.20768680421447805,14,1.0007999970157593,1.0209377307621175,1.0022494415191505,0.19151615027032584,0.14905239704152434,-0.19151615027032584,39,103,10.833333333333334,0.3333333333333339,0.6753945314092066,0.3246054685907935,
2025-02-26,56,0.20410610281338587,14,0.999879694988998,1.0303266609985662,0.9990347910726864,0.19564494183604023,0.13378923967644413,-0.19564494183604023,39,103,10.833333333333334,0.3333333333333339,0.6682424376227605,0.3317575623772395,
2025-02-27,57,0.20435376568885213,14,0.9988086416276609,1.0215499174305673,0.9990721833426053,0.22280089749036164,0.11868188380771572,-0.22280089749036164,39,104,10.833333333333334,0.3333333333333339,0.6487862475371164,0.35121375246288355,
2025-02-28,58,0.19693297169612028,14,0.9983527406698044,1.0192026317424108,0.999129304935765,0.1716486133632567,0.13537516170476666,-0.1716486133632567,38,104,10.833333333333334,0.3333333333333339,0.6344234262565563,0.3655765737434437,
2025-03-01,59,0.19218747279978876,14,0.9974713350768071,1.0139837977762007,1.0001925053849838,0.14798637257043928,0.16019422697712582,-0.14798637257043928,38,104,10.833333333333334,0.3333333333333339,0.6295250187463579,0.37047498125364214,
2025-03-02,60,0.18179806246446084,15,0.9907263301062434,1.0015390862424496,1.0007759102122074,0.2594450562575114,0.04482070125550657,-0.2594450562575114,38,104,10.916666666666668,0.3333333333333357,0.3333333333333333,0.3333333333333333,0.3333333333333333
2025-03-03,61,0.16936526457644413,15,0.98892657798675,0.9833587817603249,1.0003988190131303,0.3203091202266965,0.003596017598011036,-0.3203091202266965,38,104,11.083333333333332,0.33333333333333215,0.4477202415771564,0.26582929766718255,0.2864504607556611
2025-03-04,62,0.18848673526889248,14,0.9881818829434956,0.9756519367387906,1.0025991364310716,0.324014130948912,0.02885527392998755,-0.324014130948912,38,104,11.166666666666666,0.33333333333333215,0.4030940736717899,0.2528768602834347,0.3440290660447755
2025-03-05,63,0.2114819348525997,14,0.9881726779229221,0.9829216438288243,0.9995933915915278,0.33935095177698354,0.05104599051586851,-0.33935095177698354,38,104,11.166666666666666,0.33333333333333215,0.3308752887419595,0.20656562847164803,0.4625590827863926
2025-03-06,64,0.19599436758022387,14,0.9891999067110048,0.9965933301729607,0.9998042603490402,0.27353854494702257,0.04841600665216326,-0.27353854494702257,38,104,11.166666666666666,0.33333333333333215,0.29692685004432096,0.22177119287043376,0.48130195708524526
2025-03-07,65,0.1794159305735208,15,0.9905484797535079,0.9973684772827967,0.9994813911487784,0.22346898626235098,0.07855174051027754,-0.22346898626235098,38,104,11.166666666666666,0.33333333333333215,0.27708295403185484,0.22602568081440078,0.4968913651537443
2025-03-08,66,0.22198393810188857,14,0.9869946809076322,0.9933166777064347,0.9970016752830376,0.26645099798334226,0.11414096488496762,-0.26645099798334226,38,104,11.166666666666666,0.33333333333333215,0.3460129839697344,0.3185871637689217,0.335399852261344
2025-03-09,67,0.13470024131330322,18,0.9919763371042024,1.0019864746986002,0.9995523029835874,0.032845828845270375,0.03632457792938033,0.032845828845270375,38,104,11.166666666666666,0.33333333333333215,0.26815028955318215,0.24394967046005456,0.48790003998676323
2025-03-10,68,0.16197609097986376,15,0.9955380158416879,1.012082236105095,0.9995790661489373,0.24067367577929205,0.04391716059506929,0.24067367577929205,38,104,11.166666666666666,0.33333333333333215,0.24703263215503332,0.24105260113292923,0.5119147667120375
2025-03-11,69,0.21710715257204627,14,0.9987302708393481,1.0000425767416203,1.0014453778145724,0.35792818653882896,0.04795421987433659,0.35792818653882896,37,104,11.166666666666666,0.33333333333333215,0.22709117745788066,0.26375110932687046,0.5091577132152489
2025-03-12,70,0.22804204304120954,13,1.000292154884483,1.005609473607436,0.9993296422460837,0.4213838964303403,0.027921473946584233,0.4213838964303403,37,105,11.166666666666666,0.33333333333333215,0.2009230755682078,0.27398763431030787,0.5250892901214843
2025-03-13,71,0.22294179440280562,14,1.0010853823604506,1.0132429756250372,0.9996754790153991,0.4214862746798262,0.014565279329388529,0.4214862746798262,37,105,11.166666666666666,0.33333333333333215,0.1922418702200423,0.2791602934884944,0.5285978362914633
2025-03-14,72,0.21266926302542294,14,1.0024962627659195,1.000026679193214,0.9964995240073525,0.4074310804487524,0.008454048751931816,0.4074310804487524,37,105,11.25,0.4166666666666661,0.19115037374292548,0.2985335802595053,0.5103160459975692
2025-03-15,73,0.26490553914764126,13,1.0004294823939057,1.0123415969382672,0.999230194354329,0.4484358035935708,0.06403221584870383,0.4484358035935708,37,105,11.416666666666668,0.5833333333333339,0.19788350941110427,0.3101700049577624,0.4919464856311333
2025-03-16,74,0.2558055552932801,13,1.001363161992551,1.0064285700256732,1.0008365769583332,0.3515826233792121,0.09444625060905766,0.3515826233792121,37,105,11.5,0.5833333333333321,0.18439055171821686,0.3129530634699289,0.5026563848118543
2025-03-17,75,0.23502580673326046,13,1.0021518956579427,1.0123659205410374,1.0007783603157654,0.2392953528593184,0.13663745493079432,0.2392953528593184,37,105,11.5,0.41666666666666785,0.177252554274331,0.331742256221785,0.491005189503884
2025-03-18,76,0.20493996446196655,14,1.0014976844255987,1.0322549721926162,1.001704279514084,0.11303552365041487,0.18264655574095634,0.11303552365041487,37,105,11.5,0.3333333333333339,0.1654588727799186,0.3334300841007148,0.5011110431193666
2025-03-19,77,0.1734384155789024,15,1.0008471475342287,1.0273746496362846,1.0000472261596318,0.060409840345048614,0.18762803810253167,0.060409840345048614,37,106,11.5,0.3333333333333339,0.15539653410849386,0.34702111433769456,0.49758235155381164
2025-03-20,78,0.1481035283276474,16,0.9997911679307615,1.0260023498507937,1.0006897738466258,0.011228184621453606,0.1949820502505316,-0.011228184621453606,36,106,11.5,0.3333333333333339,0.14912992352640334,0.3454197021348923,0.5054503743387043
2025-03-21,79,0.17538239448145723,15,0.9997296772989274,1.0199210083935863,0.9957796038827285,0.07903374194252011,0.1961281932955646,-0.07903374194252011,36,106,11.5,0.3333333333333339,0.1543567328302733,0.3497339867707129,0.4959092803990138
2025-03-22,80,0.1541351893188006,16,1.000948865453988,1.029371804131104,0.9996961188245069,0.01157431243772804,0.18913798678265098,-0.01157431243772804,36,106,11.583333333333332,0.4166666666666661,0.156683238954678,0.3501543425289039,0.49316241851641807
2025-03-23,81,0.15502400748861953,15,1.0000531434407005,1.0233651607169543,1.0012277493295867,0.058401570918791466,0.18010246954206066,-0.058401570918791466,36,106,11.75,0.5833333333333339,0.1586993661364396,0.3495860195109355,0.491714614352625
2025-03-24,82,0.17124396932392089,15,1.0002708849191746,1.025773820613224,1.0005413014490423,0.07803659954527573,0.18953754222739216,-0.07803659954527573,36,106,11.833333333333334,0.6666666666666679,0.16198087947269704,0.36023296192187976,0.47778615860542323
2025-03-25,83,0.16980263479100904,15,1.0000266865333063,1.0259662886901144,1.001280103282434,0.07014379066987719,0.19231157721411418,-0.07014379066987719,36,106,11.833333333333334,0.6666666666666679,0.1680662477484563,0.36324019734946816,0.4686935549020756
2025-03-26,84,0.14565974484063077,16,1.0013173999084644,1.018612547937895,0.9993834859634365,0.01778070838364058,0.1649167864078759,-0.01778070838364058,36,106,11.833333333333334,0.6666666666666679,0.16367509090867674,0.373324549358461,0.4630003597328623
2025-03-27,85,0.1246537000997372,16,1.0012806788597812,1.0261994615346117,1.000397005762397,0.019601095781656874,0.16600432632382767,0.019601095781656874,36,106,11.833333333333334,0.6666666666666679,0.1593826646078377,0.3788109872584747,0.4618063481336877
2025-03-28,86,0.13056288158008558,16,1.0012849116665972,1.0232293719667227,0.9968621317987175,0.025319524778470777,0.1704744059734641,0.025319524778470777,36,106,11.833333333333334,0.5833333333333339,0.1611607297698339,0.37675968741930194,0.4620795828108642
2025-03-29,87,0.13486690048875985,16,0.9993072339090062,1.0222314291666623,0.9992048929139826,0.04716738279052836,0.1560275623610001,-0.04716738279052836,36,106,11.833333333333334,0.4166666666666661,0.16464071721869955,0.368223300962771,0.4671359818185294
2025-03-30,88,0.13062717049050854,16,0.9990825603265054,1.031988693509981,1.001319529782274,0.06604149547136864,0.12429903758451374,-0.06604149547136864,36,106,11.833333333333334,0.3333333333333339,0.16728492505708192,0.3820605990086433,0.45065447593427477
2025-03-31,89,0.11947773658341833,16,0.9996106066746383,1.028366872311122,1.0004304918892104,0.08419484389481663,0.08734810554201979,-0.08419484389481663,36,106,11.833333333333334,0.3333333333333339,0.17744870477941072,0.37188012411261134,0.450671171107978
2025-04-01,90,0.1324203619724041,16,0.9987771945805226,1.017766865095275,1.001962786665941,0.10871803399585943,0.09711156371016375,-0.10871803399585943,35,107,11.833333333333334,0.3333333333333339,0.17945860703132932,0.35739218169560877,0.46314921127306197
2025-04-02,91,0.16073764620555903,15,0.9991387618514189,1.0035002146264946,0.9996708626875124,0.15579468744713668,0.1025575313298288,-0.15579468744713668,35,107,11.833333333333334,0.3333333333333339,0.17387338195863025,0.35966933202427837,0.46645728601709147
2025-04-03,92,0.14430064671982615,16,0.9999202315077279,0.995868800616845,1.0005023644619777,0.1293626577197697,0.07404239242698847,-0.1293626577197697,35,107,11.833333333333334,0.3333333333333339,0.17122272962668006,0.37392737754653244,0.45484989282678756
2025-04-04,93,0.12222504063012006,16,1.0001316421274187,1.0028666292123456,0.9962140015887009,0.1150061171070798,0.0687507702979932,-0.1150061171070798,35,107,12.0,0.5,0.16442095480109595,0.38134200762812365,0.4542370375707805
2025-04-05,94,0.1288088460428479,16,0.9986189474828712,1.012133709689746,0.9992635676105303,0.12060344991258329,0.08220164264038646,-0.12060344991258329,35,107,12.166666666666666,0.5833333333333339,0.1549770926194991,0.3770025123125704,0.46802039506793053
2025-04-06,95,0.09944975734929536,18,0.9997434571503852,1.0039483278310992,1.0013611202569428,0.0604480216876281,0.045641544267781345,-0.0604480216876281,35,107,12.166666666666666,0.4166666666666661,0.15521286143797955,0.3803878919656477,0.4643992465963728
2025-04-07,96,0.0815550728283608,17,0.9991561088762564,1.0026641841519481,0.9999620414578886,0.06640979291512321,0.05686923798298925,-0.06640979291512321,35,107,12.166666666666666,0.33333333333333215,0.14868104788509534,0.38113814693263126,0.47018080518227334
2025-04-08,97,0.054247174510724416,19,0.9990145195759818,1.0059726523860055,1.0019575831824687,0.005065872981296403,0.030814629694401123,-0.005065872981296403,35,107,12.166666666666666,0.33333333333333215,0.14421711298199466,0.3828361040552109,0.4729467829627943
2025-04-09,98,0.050280328255058064,19,0.9989883116178702,1.0057580165941984,1.0001815088615738,0.012943230103594938,0.05625471560173896,-0.012943230103594938,35,107,12.166666666666666,0.33333333333333215,0.13372344811449272,0.37861865498952874,0.4876578968959786
2025-04-10,99,0.06963587389004432,18,0.9990829206074915,0.9941052541921429,1.000647334248582,0.03338738232791896,0.06667166057299666,-0.03338738232791896,35,107,12.166666666666666,0.33333333333333215,0.13174648350576518,0.37632818597210854,0.49192533052212634
2025-04-11,100,0.06588284374327837,18,0.9991975885366413,0.9966509461961336,0.995849144692671,0.02226346106334186,0.0652242719851853,-0.02226346106334186,34,107,12.166666666666666,0.33333333333333215,0.13148991925909712,0.37553432385130614,0.4929757568895968
2025-04-12,101,0.05202738196759131,19,0.9993739754592986,1.005194632541986,0.9999491359369005,0.009598298149185652,0.04741619948050715,0.009598298149185652,34,108,12.166666666666666,0.33333333333333215,0.1296166654397336,0.36215068138180817,0.5082326531784582
2025-04-13,102,0.05906300422993252,18,0.9987482844074059,1.0015301042358613,1.0009126551933931,0.03388962750628735,0.05139014627334775,-0.03388962750628735,34,108,12.166666666666666,0.33333333333333215,0.13474141590782815,0.36744729191184394,0.4978112921803279
2025-04-14,103,0.046359353826062946,19,0.9988399804101157,0.9990121352517741,0.9998767076695015,0.011544073671233687,0.03463362265664872,0.011544073671233687,34,108,12.25,0.4166666666666661,0.13339948270167382,0.35562604034951995,0.5109744769488063
2025-04-15,104,0.04532509748838716,19,0.9998281398995266,1.0016116490192,1.0016289702425947,0.05262294935911011,0.018549489959210495,0.05262294935911011,34,108,12.416666666666668,0.5833333333333339,0.13403571787987395,0.3576628155199282,0.5083014666001978
2025-04-16,105,0.028239968734750365,20,0.9989298644829613,1.0060681702066634,1.0002270753726898,0.013592408454399746,0.003832866782327205,0.013592408454399746,34,108,12.5,0.6666666666666661,0.14026903412777053,0.34978404525456147,0.509946920617668
2025-04-17,106,0.008819473686251734,21,0.9991646308759918,1.000027467802658,1.0006387760599427,0.0052415753316215575,0.004180812259732003,0.0052415753316215575,34,108,12.5,0.6666666666666661,0.1385860028114641,0.343273675782395,0.518140321406141
2025-04-18,107,0.01783070174874548,20,0.9989864705017153,0.9990454619364519,0.9964647500045886,0.013515417836078566,0.012371813292295709,-0.013515417836078566,34,108,12.5,0.5,0.141179337266813,0.3371663447755052,0.5216543179576818
2025-04-19,108,0.03684350265334899,19,0.9978428817009567,0.997783083454498,0.9997413599081231,0.0406631337356349,0.016435972503696848,-0.0406631337356349,34,108,12.5,0.3333333333333339,0.13122523463374092,0.3336297303965088,0.5351450349697504
2025-04-20,109,0.0338811988444289,19,0.9978013523746976,0.9988646571807753,1.0009556113416642,0.031397813011865026,0.015710353995020264,-0.031397813011865026,33,109,12.5,0.3333333333333339,0.13580137420631958,0.33006434642751964,0.5341342793661608
2025-04-21,110,0.035344354475411156,19,0.9979873774264256,0.9999097383638782,1.0006180362959927,0.024860468158477096,0.026452506072054866,-0.024860468158477096,33,109,12.5,0.3333333333333339,0.13176933412346942,0.3281918115766029,0.5400388542999277
2025-04-22,111,0.037182204705878116,19,0.9990760312481332,1.009377304505915,1.000953463848109,0.03954923751024611,0.0177045067781098,-0.03954923751024611,33,109,12.5,0.3333333333333339,0.13237135606839623,0.3313861098660121,0.5362425340655917
2025-04-23,112,0.04090076994997418,19,0.9995022469501266,1.0054398610065014,1.0003234566920685,0.0450966704847448,0.018388805172140074,0.0450966704847448,33,109,12.666666666666668,0.5000000000000018,0.12597121419269874,0.32519527232343953,0.5488335134838618
2025-04-24,113,0.03247858682017793,20,0.9996202610788413,1.0055273701500218,1.000372578386542,0.03961236643022829,0.0009428522140763483,0.03961236643022829,33,109,12.833333333333334,0.6666666666666679,0.13331031419445594,0.3224982532931667,0.5441914325123773
2025-04-25,114,0.0411094259880163,19,0.9993565508402317,1.0125886409665723,0.9961098262623453,0.04359616632360648,0.019778217419505896,0.04359616632360648,33,109,12.833333333333334,0.6666666666666679,0.13916060917790937,0.3212450938909295,0.5395942969311611
2025-04-26,115,0.047277972520376306,19,0.99898668628455,1.0147995632155675,0.9996105529766115,0.05827144136723383,0.016926131350336337,0.05827144136723383,33,109,12.833333333333334,0.6666666666666679,0.13819219571120822,0.3262449755673552,0.5355628287214366
2025-04-27,116,0.04553785109761329,19,0.9992493540890942,1.0205203550627648,1.0008327348484356,0.06690540060254258,0.00624880329420917,0.06690540060254258,33,109,12.833333333333334,0.6666666666666679,0.13730466100033317,0.32009841849278686,0.54259692050688
2025-04-28,117,0.056988912747105804,18,0.9992405170615951,1.0171096543749123,1.0011365222799562,0.06140985546963239,0.02729613222627028,0.06140985546963239,33,109,12.833333333333334,0.5833333333333339,0.1397489319796165,0.31908592017460674,0.5411651478457767
2025-04-29,118,0.040385807634443285,20,0.9987254616274551,0.9978376947041111,1.0011587974380864,0.03187835288978127,0.006235401214936813,-0.03187835288978127,33,109,12.833333333333334,0.4166666666666661,0.1393543494834849,0.30702454036791077,0.5536211101486043
2025-04-30,119,0.044866235079313956,19,0.9987196896724118,1.0030520931918325,1.000466915501063,0.05273654131769868,0.017870817080624907,-0.05273654131769868,33,109,12.833333333333334,0.3333333333333339,0.1365687952053912,0.29679189212382906,0.5666393126707797
2025-05-01,120,0.04915392648358741,19,0.9989556318102274,1.0041056820895196,1.0002072537514863,0.04154215310763896,0.031921733993335207,-0.04154215310763896,33,109,12.833333333333334,0.3333333333333339,0.12805872778336386,0.2949807612440986,0.5769605109725375
2025-05-02,121,0.20243442949832435,14,1.0037964052836312,1.0014373527972253,0.9960009956142134,0.13107392548068592,0.1941679268759519,0.13107392548068592,33,109,12.833333333333334,0.3333333333333339,0.14713015720969466,0.31455378097094044,0.5383160618193649
2025-05-03,122,0.31983399012937075,12,1.0116143522651295,0.9747774418614762,0.9989939677566023,0.26294427345880633,0.30143581030699007,0.26294427345880633,33,109,12.833333333333334,0.3333333333333339,0.16230742572482704,0.3324914291289157,0.5052011451462574
2025-05-04,123,0.39560518384038224,11,1.017177452534358,0.9720198810089521,0.9996065898199423,0.35941976921719593,0.38408069142140877,0.35941976921719593,32,110,12.833333333333334,0.3333333333333339,0.1733617654458339,0.3502471651641128,0.47639106939005327
2025-05-05,124,0.41035536152104013,10,1.017533106157038,0.9868496326293003,0.9995299296208389,0.3672496349878959,0.41602474763500386,0.3672496349878959,32,110,12.833333333333334,0.3333333333333339,0.16863040818978375,0.3530231063024752,0.478346485507741
2025-05-06,125,0.42218174769874506,10,1.0154574292698868,0.9860926265859782,0.9998982455039207,0.3657832660804033,0.45308859066859125,0.3657832660804033,32,110,12.833333333333334,0.3333333333333339,0.15966568292704053,0.3623467863134315,0.47798753075952805
2025-05-07,126,0.4379966002104387,10,1.0146616474276229,0.9914675518977395,0.9994311838656486,0.36639973004452087,0.503696091703306,0.36639973004452087,32,110,13.0,0.33333333333333215,0.156812896066234,0.36993669149962716,0.47325041243413885
2025-05-08,127,0.435412990058432,10,1.0132819014920982,0.9894204841837217,1.0014876570835443,0.337953321395791,0.5276561830510289,0.337953321395791,32,110,13.166666666666666,0.33333333333333215,0.14474454698416314,0.38313679153631486,0.4721186614795219
2025-05-09,128,0.3292008855743392,13,1.0092509629723563,0.9839996047409422,0.9992911525509744,0.003998991659888378,0.40815274967176957,0.003998991659888378,32,110,13.166666666666666,0.33333333333333215,0.1143144284029803,0.37781182074047776,0.507873750856542
2025-05-10,129,0.3354510455043077,11,1.0012809558094466,0.9886618188215915,1.00183017872452,0.268511985005724,0.3321846365158062,-0.268511985005724,32,110,13.166666666666666,0.33333333333333215,0.11965927192289316,0.3748035648997546,0.5055371631773523
2025-05-11,130,0.3728836015933662,11,0.9968684707698839,0.9799917292388851,1.0008849734507383,0.44421522282863934,0.25060274838549446,-0.44421522282863934,32,110,13.166666666666666,0.33333333333333215,0.13070604655195217,0.3712170619255323,0.4980768915225155
2025-05-12,131,0.3584328224945298,11,0.9977988779760998,0.984165734958086,1.0000912385206802,0.4356526067708806,0.2004020202817263,-0.4356526067708806,32,110,13.166666666666666,0.33333333333333215,0.12388623977557119,0.3776329440306647,0.49848081619376416
2025-05-13,132,0.3148975594188976,12,0.9985528810695106,0.9971788084683556,1.0008087416016727,0.3721774730659398,0.14273910186845887,-0.3721774730659398,32,110,13.166666666666666,0.33333333333333215,0.11392243713173782,0.37650190585608456,0.5095756570121776
2025-05-14,133,0.26894757724671303,13,0.9988499863833147,0.9982333105652832,1.0001476858087954,0.37680342648136067,0.08672797622060781,-0.37680342648136067,32,110,13.166666666666666,0.33333333333333215,0.1123869426417379,0.3744986849603931,0.5131143723978691
2025-05-15,134,0.22416361424754894,14,0.999605094450808,1.0003810273499683,1.0003998118067872,0.3358510250902595,0.032376891573303174,-0.3358510250902595,32,110,13.166666666666666,0.33333333333333215,0.11612314010512192,0.3691075350698461,0.5147693248250319
2025-05-16,135,0.17429670295160257,15,0.997965569649043,1.000642559940179,0.9971398514538952,0.24322546409267098,0.029317981196988446,-0.24322546409267098,32,110,13.166666666666666,0.33333333333333215,0.12420470643302164,0.36572541142200604,0.5100698821449723
2025-05-17,136,0.1342744143284033,16,0.9969085732450506,1.013187391328609,1.0002434246284984,0.13358774479928737,0.054314336512768464,-0.13358774479928737,31,110,13.166666666666666,0.33333333333333215,0.13476130907870135,0.3778119418917588,0.4874267490295399
2025-05-18,137,0.10850683491254806,17,0.9961528149490756,1.0049146286790327,1.0013568207334218,0.0669194322496034,0.08414151007035317,-0.0669194322496034,31,111,13.166666666666666,0.33333333333333215,0.14277042202350895,0.3862015541443793,0.4710280238321118
2025-05-19,138,0.10720080484403867,17,0.9962913594752806,1.004272967091477,1.000434826417661,0.0803849446344984,0.08252200520601767,-0.0803849446344984,31,111,13.166666666666666,0.33333333333333215,0.1466577166759619,0.38149477709374974,0.4718475062302884
2025-05-20,139,0.09968196757788325,17,0.9956680399768226,1.016396540536964,1.0009857006728244,0.08710311922243874,0.0556231716009618,-0.08710311922243874,31,111,13.25,0.4166666666666661,0.1448349526169342,0.37310311479945574,0.48206193258361
2025-05-21,140,0.09348866716609786,17,0.9955613041506115,1.0089419500113024,1.0006453792004606,0.07667552727606143,0.06562822567468064,-0.07667552727606143,31,111,13.416666666666668,0.41666666666666785,0.14221795378329163,0.36995691808068837,0.48782512813602
2025-05-22,141,0.09941620969161928,17,0.995149371013232,1.009552464674353,0.9997566969286927,0.10076927840742476,0.05532777982017881,-0.10076927840742476,31,111,13.5,0.3333333333333339,0.14760707772659373,0.36002020922319816,0.49237271305020813
2025-05-23,142,0.09266484189285998,17,0.9951033248383717,1.0106090406484896,0.996947774940531,0.03779240272797988,0.08667272892493275,-0.03779240272797988,31,111,13.5,0.3333333333333339,0.14769589250093149,0.351823254252459,0.5004808532466095
2025-05-24,143,0.09188534236090547,17,0.9949304311135938,1.0089327226961715,0.9997572904308368,0.0121124943828596,0.11890923012424733,-0.0121124943828596,31,111,13.5,0.3333333333333339,0.14266645780811868,0.35929406362456867,0.49803947856731273
2025-05-25,144,0.09439644608929275,17,0.993784979024274,1.0141403022934479,1.001495757376227,0.003994955469618328,0.13068928850910536,-0.003994955469618328,31,111,13.5,0.3333333333333339,0.14567112180010186,0.3601395024656244,0.49418937573427385
2025-05-26,145,0.09912189989019969,17,0.9942745179071981,1.0181573255767136,1.0003089942318455,0.00439210143976849,0.1380289770756391,-0.00439210143976849,31,111,13.5,0.3333333333333339,0.14731889657304625,0.3523594490404833,0.5003216543864706
2025-05-27,146,0.12114412516265519,16,0.9942513944157806,1.0041932139063592,1.0010758553108026,0.008737382356977038,0.1711123054798952,-0.008737382356977038,31,111,13.5,0.3333333333333339,0.14720057878888831,0.3547218574479107,0.49807756376320095
2025-05-28,147,0.12362200699982218,16,0.9946526469090673,1.008636029363883,1.0005043812454475,0.005865172343117507,0.1785396619895681,-0.005865172343117507,31,111,13.5,0.3333333333333339,0.14493736948414895,0.351472670231264,0.503589960284587
2025-05-29,148,0.13112498072137813,16,0.994832382416616,1.0037258757238285,0.999846477759997,0.010516589989610631,0.18707060156091063,0.010516589989610631,31,111,13.5,0.3333333333333339,0.14781817996046476,0.3507340174280322,0.501447802611503
2025-05-30,149,0.16551290022135487,15,0.9964972362949569,0.9967066695121167,0.9971696777227008,0.08474740630539314,0.1725840841489749,0.08474740630539314,31,111,13.5,0.3333333333333339,0.15012476655977627,0.36232764779732163,0.48754758564290207
2025-05-31,150,0.16573647549492476,15,0.9954205582429465,0.996787174042259,0.9991956348423459,0.10101730877010708,0.157504209169776,0.10101730877010708,31,111,13.5,0.3333333333333339,0.1597148504634388,0.36624929040068555,0.4740358591358757
2025-06-01,151,0.16259751062735617,15,0.9953334154071358,0.991992668267847,1.0014967345810069,0.152131825789941,0.10348683412064777,0.152131825789941,31,111,13.5,0.3333333333333339,0.17554606563191105,0.3749874033747031,0.4494665309933858
2025-06-02,152,0.3766148785466924,11,1.009936799424416,0.9601662495566045,0.999216538135385,0.44257696803837226,0.25968563450053445,0.44257696803837226,31,111,13.5,0.3333333333333339,0.189069506924505,0.38667082393970365,0.4242596691357914
2025-06-03,153,0.5194340432744657,9,1.0222466322899115,0.9491706141400553,0.9997073917854014,0.6735131683974297,0.41443320063445,0.6735131683974297,31,111,13.5,0.25,0.19485044692506961,0.40029191784951024,0.4048576352254201
2025-06-04,154,0.5409844856406631,9,1.0209673680924272,0.9539531913553826,0.9990991011793403,0.6753002713912628,0.47851281272362284,0.6753002713912628,31,111,13.5,0.08333333333333215,0.16588193806437387,0.3735386695536465,0.46057939238197965
2025-06-05,155,0.5553041831738381,9,1.0193205065945032,0.9578454179586456,0.9992874000833005,0.6681329026790428,0.53538832671761,0.6681329026790428,30,112,13.5,0.0,0.14898514311548441,0.3533003732652849,0.4977144836192307
2025-06-06,156,0.5429044910954264,9,1.0164402873799747,0.9559499257647917,0.9956863268606564,0.5506661807792328,0.5873856345593605,0.5506661807792328,30,112,13.5,0.0,0.1469348707208002,0.3511381476626545,0.5019269816165453
2025-06-07,157,0.5530420080510863,9,1.0168838583056239,0.9378288576341807,0.9978219029405839,0.5723265237744106,0.6526741715779669,0.5723265237744106,30,112,13.583333333333332,0.08333333333333215,0.1454359625102209,0.3748430543362553,0.4797209831535238
2025-06-08,158,0.5609226983054931,9,1.0177149822057405,0.934386767207574,1.0056266522277764,0.577942498602136,0.6810625271205184,0.577942498602136,30,112,13.666666666666666,0.16666666666666607,0.12913081520158134,0.3903299007274208,0.4805392840709977
2025-06-09,159,0.43560844823146105,11,1.0071036001920015,0.9768812209247302,1.003220552349885,0.1090972166741738,0.484714392699623,-0.1090972166741738,30,112,13.75,0.25,0.07952885300286537,0.37807646910405934,0.5423946778930754
2025-06-10,160,0.4411794643563145,10,0.9990987723216255,0.9838547657195592,1.00064570835531,0.49431543639727715,0.3648341884085124,-0.49431543639727715,30,112,13.833333333333334,0.3333333333333339,0.05930280492281581,0.4139911374661217,0.5267060576110625
2025-06-11,161,0.4599210341508035,10,0.9936043132110429,0.9813842546434913,1.0002296634052503,0.5863158837065857,0.3311756122271713,-0.5863158837065857,30,112,13.833333333333334,0.3333333333333339,0.05243128164555643,0.4517637513425687,0.49580496701187493
2025-06-12,162,0.4500001989940696,10,0.9905497738516331,0.9712459010652428,1.0000705839351987,0.6044841283225754,0.2721332227451262,-0.6044841283225754,30,112,13.833333333333334,0.3333333333333339,0.05114800857397996,0.4892266166259396,0.4596253748000804
2025-06-13,163,0.432511918286519,10,0.988078119727532,0.9812449103486599,0.9979866567156109,0.6112997663670704,0.23604659265279607,-0.6112997663670704,30,112,13.833333333333334,0.3333333333333339,0.05186841372262782,0.539215174372338,0.4089164119050341
2025-06-14,164,0.4059980084242019,11,0.9865709346502461,0.981739479207688,1.0002884336662303,0.6490148795903694,0.14482536741060706,-0.6490148795903694,30,112,13.833333333333334,0.3333333333333339,0.05704830228697087,0.5654624749252117,0.3774892227878174
2025-06-15,165,0.3645190966962335,11,0.9874793881431206,0.9929858273367885,1.0026869899100253,0.6595519692002435,0.06994094485246355,-0.6595519692002435,30,112,13.833333333333334,0.3333333333333339,0.06682011830480103,0.5721670616888925,0.36101282000630636
2025-06-16,166,0.30956483051445755,12,0.9846872887916118,0.9976010276215429,1.0014500765836165,0.4349790824698085,0.08942683825166783,-0.4349790824698085,30,112,13.833333333333334,0.3333333333333339,0.0904830993864687,0.6188075018050607,0.2907093988084706
2025-06-17,167,0.2759865611087102,12,0.9826732204163149,0.9975111896751051,0.9994925234956298,0.3080352613958245,0.1707758776282316,-0.3080352613958245,30,112,13.833333333333334,0.3333333333333339,0.11007601821687488,0.6425515854150231,0.2473723963681019
2025-06-18,168,0.2501400557251796,13,0.9852683490922989,0.9923567231425524,0.9998018041266937,0.14940433200883854,0.21966304605434298,-0.14940433200883854,30,112,13.833333333333334,0.3333333333333339,0.1153402581402616,0.6242362952855803,0.26042344657415806
2025-06-19,169,0.21232346697090243,14,0.9857847118474262,1.0024516147164273,0.9996441753460232,0.09379512072413101,0.22593482302752996,-0.09379512072413101,30,112,13.833333333333334,0.3333333333333339,0.1260696049705369,0.5871705970547492,0.286759797974714
2025-06-20,170,0.17957535446618633,15,0.9871991475684236,1.0168402710807802,0.9974706015843208,0.02505793404345866,0.22538745031265225,-0.02505793404345866,30,112,13.833333333333334,0.3333333333333339,0.131574425927357,0.5680350338027127,0.3003905402699303
2025-06-21,171,0.15387027115693092,15,0.9853260388617557,1.0241048627671627,1.0007601171296945,0.017461912237291717,0.21030389478795028,-0.017461912237291717,30,112,13.833333333333334,0.2500000000000018,0.14344901853895173,0.5478339238622777,0.30871705759877055
2025-06-22,172,0.15963307675434876,15,0.9842045791865706,1.0366203998201622,1.0013362689814063,0.04540147309461097,0.20211043071590476,-0.04540147309461097,30,112,13.833333333333334,0.16666666666666785,0.157175711350602,0.5414137601070661,0.3014105285423318
2025-06-23,173,0.19888813711519576,14,0.9856057700000121,1.0336520361828416,1.0004000651428142,0.05823996383022907,0.265816673624277,0.05823996383022907,30,112,13.833333333333334,0.08333333333333393,0.16347907592328517,0.5220036156906009,0.31451730838611386
2025-06-24,174,0.24291058206579857,13,0.9870377205717407,1.0343924367885209,1.0003394342274345,0.11918124536011368,0.28879157953664536,0.11918124536011368,30,112,13.833333333333334,0.0,0.1667830071770697,0.4973608533382308,0.3358561394846994
2025-06-25,175,0.23891243147990074,13,0.9898140597978116,1.0051903138741916,0.9997799790134863,0.11012300941980004,0.2818246243349725,0.11012300941980004,30,112,13.833333333333334,0.0,0.16369834630697006,0.48487557347169946,0.3514260802213305
2025-06-26,176,0.24191555302007378,13,0.991055881388047,1.0043032030640389,1.0000945100044831,0.11910804928884622,0.2866668380410513,0.11910804928884622,30,112,13.833333333333334,0.0,0.16483247911280227,0.47402359430532937,0.36114392658186834
2025-06-27,177,0.25271725403622797,13,0.9925892498427561,1.0135357820828124,0.9965846954328642,0.11566092860071965,0.3155173143994295,0.11566092860071965,30,112,13.833333333333334,0.0,0.16263100608946918,0.46854642475461294,0.3688225691559178
2025-06-28,178,0.25091967860341924,13,0.9891401340245729,1.0164788649593153,1.0000264054614136,0.10399473182085785,0.32184559600425616,0.10399473182085785,30,112,13.833333333333334,0.0,0.17349256990943282,0.46548023947753125,0.361027190613036
2025-06-29,179,0.26062340634217274,13,0.9890738519222383,1.0119202618425576,1.0015498141032484,0.11871953523372351,0.3304791894061391,0.11871953523372351,30,112,13.833333333333334,0.0,0.17415670759218946,0.4791169240070256,0.3467263684007849
2025-06-30,180,0.26912922081659085,13,0.9914831802796653,1.0043877105364187,1.0004461868653491,0.2074014009950205,0.24867763298252543,0.2074014009950205,30,112,13.833333333333334,0.0,0.1622646069201303,0.4868231020510614,0.3509122910288083
2025-07-01,181,0.268386577940065,13,0.9919903934662401,0.997988960651005,1.0012028783812144,0.2602670998842899,0.19680162146281444,0.2602670998842899,30,112,13.833333333333334,0.0,0.17589657831029057,0.4836052432776212,0.3404981784120883
2025-07-02,182,0.47114088506582286,10,1.0200932972665469,1.0183529229180284,0.998748305610086,0.6235041451746671,0.32883815256254895,0.6235041451746671,30,112,13.833333333333334,0.0,0.20889280779246966,0.45785351542040087,0.3332536767871296
2025-07-03,183,0.5957164794269798,8,1.040870912882639,1.0537734004601742,0.9983324021678975,0.8822017169985122,0.47092892792365476,0.8822017169985122,30,112,13.833333333333334,0.0,0.22105148611036451,0.4336140967355493,0.34533441715408625
2025-07-04,184,0.6036352042907304,8,1.0392121554554379,1.0288757548292997,0.9930476078212589,0.8744870785049937,0.5035207030483467,0.8744870785049937,30,112,13.833333333333334,0.0,0.15056982427299562,0.40257783810036424,0.4468523376266402
2025-07-05,185,0.6514001386039319,8,1.0433519039113546,1.0340971773821241,0.9969524477694751,1.0411742166530098,0.5365602702937866,1.0,30,112,13.833333333333334,0.0,0.09316379856615938,0.3788179010091298,0.5280183004247108
2025-07-06,186,0.6696773376063281,8,1.0413976724280976,1.0354729211882432,0.9993486731418441,1.0995192123256687,0.5600304692195103,1.0,30,112,13.833333333333334,0.0,0.06299963002475534,0.3758185611476604,0.5611818088275843
2025-07-07,187,0.6589989573290609,8,1.0309956509650695,1.010942013166904,0.998080595573913,0.9114703656481168,0.643135189576156,0.9114703656481168,30,112,13.833333333333334,0.0,0.0799016495476431,0.39133291913259,0.5287654313197669
2025-07-08,188,0.6296011360373134,8,1.020931343216161,1.0269451214736804,1.009080914399803,0.7296180485371891,0.6937831927569486,0.7296180485371891,30,112,13.833333333333334,0.0,0.08696802751243311,0.42699659583243715,0.48603537665512975
2025-07-09,189,0.4980723860351161,10,1.0053615667759175,1.0208994086896996,1.0053246496374275,0.31181966297139924,0.4119792532997303,-0.31181966297139924,30,112,13.833333333333334,0.0,0.04424984750215194,0.41583259739547973,0.5399175551023684
2025-07-10,190,0.5283801122373182,9,0.9904607369805326,1.0142701351910406,1.0007118496168452,0.8336347894164766,0.31994645440615,-0.8336347894164766,30,112,13.833333333333334,0.0,0.029920147707280558,0.4408391849368758,0.5292406673558435
2025-07-11,191,0.5688238632324877,9,0.982371670982763,1.014828101154634,0.9981909626573588,0.9675735169105313,0.3387015344863549,-0.9675735169105313,30,112,13.833333333333334,0.0,0.02957153771098093,0.47774973291241635,0.4926787293766026
2025-07-12,192,0.596708519730865,8,0.9739235004783227,0.9913837070632788,1.0004251174587027,1.1170846690460978,0.3294887294613808,-1.0,30,112,13.833333333333334,0.0,0.029585207941161793,0.5760447671286402,0.39437002493019785
2025-07-13,193,0.5966595980507707,8,0.9751776347610094,0.9900258571700339,0.9999786291957222,1.1303190171522892,0.3230573949370557,-1.0,30,112,13.833333333333334,0.0,0.029583223989889343,0.6543445146694811,0.3160722613406296
2025-07-14,194,0.5750385107557783,9,0.9796488201097042,1.0160964325889408,0.9982493237687314,0.9710215803843179,0.3004751952463173,-0.9710215803843179,30,112,13.833333333333334,0.0,0.029601960128108687,0.7215123549287833,0.24888568494310795
2025-07-15,195,0.5183318604254026,9,0.9859226381747421,1.0148269688170495,1.0038328729174697,0.7440165266076341,0.2730045323266411,-0.7440165266076341,30,112,13.833333333333334,0.0,0.029766030271887244,0.7703644584543884,0.19986951127372424
2025-07-16,196,0.34634693391214755,13,0.981899740243735,1.0077069554863018,1.0014002082940197,0.3918433282721263,0.019070570348769356,-0.3918433282721263,30,112,13.833333333333334,0.0,0.03761841768701511,0.822329187435499,0.14005239487748586
2025-07-17,197,0.22213380771732938,14,0.9803415578381142,1.0055453094773288,0.9988190860036651,0.17165175874627295,0.1919079562233222,-0.17165175874627295,30,111,13.833333333333334,0.0,0.05357715244967279,0.8537296941438002,0.09269315340652705
2025-07-18,198,0.20920014795501846,14,0.9797433781859476,1.0022154202164235,0.9964952101638114,0.045561464030081815,0.27570015422536615,-0.045561464030081815,30,111,13.833333333333334,0.0,0.06235875835922324,0.82961156676641,0.10802967487436675
2025-07-19,199,0.19130816455618765,14,0.9761488967453152,0.9900435162191301,1.0007862714506404,0.014023443495087986,0.2943527432251623,-0.014023443495087986,31,111,13.75,-0.08333333333333393,0.07493923799122303,0.8001069210095904,0.12495384099918658
2025-07-20,200,0.19292820959000714,14,0.9757067656724749,0.9970604889400633,1.0014033437232768,0.028797568506460414,0.2896773536069121,-0.028797568506460414,31,111,13.666666666666666,-0.16666666666666785,0.08424456611323744,0.7763504106359579,0.13940502325080467
2025-07-21,201,0.22765994764932299,13,0.9763917887943694,0.9959238970358006,1.0009612923527538,0.07457667277269149,0.30934865594840977,-0.07457667277269149,31,111,13.666666666666666,-0.16666666666666785,0.0999663306289663,0.7356423803578939,0.16439128901313976
2025-07-22,202,0.3061828565455511,12,0.9765132138893737,0.9886274503980881,1.0021017504977976,0.1898958755219822,0.352635194327098,-0.1898958755219822,31,111,13.583333333333332,-0.2500000000000018,0.1278337404923664,0.6595774422301595,0.21258881727747417
2025-07-23,203,0.28139722853602417,13,0.9787743790394571,0.9902932939136215,1.0005606171764632,0.04190783558662105,0.4337100935511033,-0.04190783558662105,31,111,13.5,-0.3333333333333339,0.13669002203356964,0.6346654158750606,0.22864456209136977
2025-07-24,204,0.26448059295242604,13,0.9805960927350206,0.9899290445671951,0.9988889989266332,0.026532059720593214,0.4863336158130014,0.026532059720593214,31,111,13.5,-0.3333333333333339,0.13810510730703496,0.6086323084458835,0.2532625842470816
2025-07-25,205,0.29341729728844884,12,0.9840635543016749,0.9916570898180632,0.9952887743710787,0.07169450554624258,0.496810101596541,0.07169450554624258,31,111,13.5,-0.3333333333333339,0.136651578934479,0.6052096995177633,0.25813872154775774
2025-07-26,206,0.3057855785062813,12,0.9825548917840597,0.9944479946890736,1.0003982108183853,0.09192395363571307,0.5008231737788033,0.09192395363571307,31,111,13.5,-0.3333333333333339,0.14648133028034657,0.5946506688272958,0.25886800089235773
2025-07-27,207,0.30713964464887045,12,0.9830120409791548,0.9920473046758863,1.0012324736345093,0.09965904820924276,0.49117263610263967,0.09965904820924276,31,111,13.5,-0.3333333333333339,0.14535083270499555,0.5996761273810033,0.2549730399140011
2025-07-28,208,0.33283993659533784,11,0.9866803719693827,0.9908668882437489,0.9999580469859068,0.13416410627437253,0.5160888779448812,0.13416410627437253,31,111,13.5,-0.3333333333333339,0.14118824640149427,0.6024269874046466,0.25638476619385914
2025-07-29,209,0.3549599782067647,11,0.9876418644455247,0.9791202237015825,1.0023172729168124,0.17128489910394035,0.5267317708665031,0.17128489910394035,31,111,13.5,-0.3333333333333339,0.1474126157433403,0.5916264884732283,0.2609608957834314
2025-07-30,210,0.36577502525060857,11,0.98879043672647,0.9809854235866164,1.0006907539720478,0.2670627433680398,0.41376816902177915,0.2670627433680398,31,111,13.5,-0.3333333333333339,0.17024497315944215,0.581644254583606,0.2481107722569518
2025-07-31,211,0.37990810427668403,11,0.9898148681710058,0.9888605685168584,0.9997216271348103,0.33904733500613826,0.3653656981333291,0.33904733500613826,31,111,13.5,-0.3333333333333339,0.21230708261910564,0.5317584078355075,0.25593450954538693
2025-08-01,212,0.3706067864066368,11,0.9909102487502518,0.9893291427174908,0.9948079051119235,0.3028029341790113,0.3580857757461134,0.3028029341790113,31,111,13.5,-0.3333333333333339,0.2250918180328262,0.523981135001585,0.2509270469655887
2025-08-02,213,0.3865419821436354,11,0.9941378705312287,1.0181812429199444,0.9999900733821275,0.3797336969251936,0.33905074552003445,0.3797336969251936,31,111,13.5,-0.25,0.238297372759076,0.515852316293318,0.24585031094760604
2025-08-03,214,0.3860042918057319,11,0.9931188921893167,1.0281660657946206,1.0016949092933076,0.37210958368130786,0.34416396660565524,0.37210958368130786,32,110,13.5,-0.16666666666666607,0.24324454343815824,0.5145135201054915,0.24224193645635023
2025-08-04,215,0.37416578173967585,11,0.9954890396978907,1.04327960288505,0.999795697759776,0.33192501075985953,0.33031365065817847,0.33192501075985953,32,110,13.5,-0.16666666666666607,0.2739083362588389,0.48309354705749535,0.24299811668366567
2025-08-05,216,0.3560424035505916,11,0.997130486205602,1.0422671413566489,1.001866306036512,0.3175967832615972,0.31262061597080115,0.3175967832615972,32,110,13.5,-0.08333333333333215,0.2862542821804939,0.4602238719794426,0.25352184584006354
2025-08-06,217,0.29200542615048697,13,0.9950455236041088,1.033099804444047,1.000548671104455,0.20684379374344716,0.18315135855148723,0.20684379374344716,32,110,13.333333333333332,-0.16666666666666785,0.2932736278841974,0.45576320655843533,0.2509631655573673
2025-08-07,218,0.18104188011377925,16,0.9941593907770293,1.0220979038761902,0.9997871933371987,0.11782805860694762,0.08205769935425807,0.11782805860694762,32,110,13.166666666666666,-0.3333333333333339,0.26205172700709395,0.4196574987129561,0.31829077427994984
2025-08-08,219,0.10526050628682088,17,0.9949078078667375,1.0278906107088541,0.9961781185721867,0.08032356987139014,0.0484289952780074,0.08032356987139014,32,110,13.166666666666666,-0.3333333333333339,0.25210213739356485,0.3982870187275548,0.3496108438788805
2025-08-09,220,0.06904373929240672,18,0.9937728272525284,1.0301231833397335,0.9995055989381273,0.018972700434445468,0.05764123052642939,-0.018972700434445468,32,110,13.166666666666666,-0.3333333333333339,0.2505283702895899,0.3921959391767518,0.3572756905336583
2025-08-10,221,0.055077783438513175,18,0.9936977843698251,1.022459996563533,1.0022870676935098,0.0024814559028541933,0.07192184193636598,0.0024814559028541933,32,110,13.166666666666666,-0.3333333333333339,0.24520463883866886,0.387609185490252,0.3671861756710791
2025-08-11,222,0.05453109661499137,18,0.9943155828528139,1.0164451190467638,1.0004398915256467,0.019906185853993723,0.05568760366440649,-0.019906185853993723,32,110,13.166666666666666,-0.3333333333333339,0.24242870704147704,0.3621277660754359,0.395443526883087
2025-08-12,223,0.050332215969477755,19,0.994542749361486,1.01493200164127,1.0010843554628868,0.018420955155417352,0.04678197977775278,-0.018420955155417352,32,110,13.166666666666666,-0.3333333333333339,0.23125029040007902,0.3568618020249363,0.4118879075749848
2025-08-13,224,0.05507146695150407,18,0.9964175020057471,1.007593376667624,1.000183713891369,0.03544205740945561,0.04465973951601393,0.03544205740945561,32,110,13.166666666666666,-0.3333333333333339,0.20842755278336914,0.3580115115744276,0.43356093564220327
2025-08-14,225,0.07855395624627426,18,0.9975728100815764,1.007575510126115,1.0000024465999902,0.06005668669289555,0.0576782744088994,0.06005668669289555,32,110,13.166666666666666,-0.3333333333333339,0.1893480110999467,0.3550911657942587,0.4555608231057946
2025-08-15,226,0.07082279146729246,18,0.9980204270863219,1.0045692941788489,0.9957749487034254,0.03735362958297741,0.05420044620157245,0.03735362958297741,32,110,13.166666666666666,-0.3333333333333339,0.17789262902370792,0.3613080122907852,0.46079935868550687
2025-08-16,227,0.056303588704253615,19,0.9975523662548583,1.007484454034524,0.9991834770819044,0.03859193066796117,0.03466693473331206,0.03859193066796117,32,110,13.166666666666666,-0.3333333333333339,0.17939571277406038,0.3582367651786288,0.4623675220473108
2025-08-17,228,0.05553180567256959,18,0.9992698448580256,1.0098202402460827,1.001920323755129,0.07013716565687737,0.018969545053349832,0.07013716565687737,32,110,13.166666666666666,-0.3333333333333339,0.1843426175698628,0.35657846241149244,0.45907892001864475
2025-08-18,229,0.0466099113907793,19,0.9989184063167754,1.008506899895846,1.0002053259390955,0.04783882345258308,0.012223799096452156,0.04783882345258308,33,109,13.166666666666666,-0.3333333333333339,0.1836888411880412,0.35867267635088423,0.4576384824610746
2025-08-19,230,0.02440750759392918,20,0.9985214927004565,1.0061919185876829,1.0015615451705735,0.015354352868971776,0.0024761710799285743,0.015354352868971776,33,109,13.166666666666666,-0.3333333333333339,0.18142274743037617,0.36706085708293595,0.4515163954866878
2025-08-20,231,0.040175138416359515,19,0.998406615904075,1.0047062782389589,1.0005961322699906,0.04451133987693086,0.017883529878999493,-0.04451133987693086,33,109,13.166666666666666,-0.16666666666666607,0.1786733357789251,0.3676950261056262,0.4536316381154487
2025-08-21,232,0.06829408793252653,18,0.9983655859693767,0.9892296777284222,1.0001830274407597,0.08276284733856841,0.026483860925323715,-0.08276284733856841,33,109,13.0,-0.16666666666666607,0.17248675289455878,0.3680283030930777,0.4594849440123635
2025-08-22,233,0.05601255891987954,19,0.9985501548084692,0.99264588627859,0.9959604890568509,0.07441542347768439,0.0008790461077414747,-0.07441542347768439,33,109,12.833333333333334,-0.33333333333333215,0.16096333129243026,0.3806648452119278,0.45837182349564193
2025-08-23,234,0.030611161394776185,20,1.0006633006039756,0.9941604052822228,0.9998597551279835,0.028738861658365224,0.000602115156284187,-0.028738861658365224,33,109,12.833333333333334,-0.33333333333333215,0.16253956650780158,0.37508636797200545,0.462374065520193
2025-08-24,235,0.032334152985762164,19,1.0019351664064544,0.988547847192681,1.0013577140862477,0.04602642784987696,0.006725260368147699,-0.04602642784987696,33,109,12.833333333333334,-0.33333333333333215,0.16938620425906356,0.36511077657917584,0.46550301916176057
2025-08-25,236,0.01804160704681137,21,1.0020258433883618,0.9950658582307855,0.9997142789825062,0.005571783313124076,0.0005193787576243763,-0.005571783313124076,33,109,12.833333333333334,-0.33333333333333215,0.16652017784133152,0.35722063272356747,0.4762591894351011
2025-08-26,237,0.03301681661297145,19,1.001397346646975,0.9842336419604047,1.0010225454814423,0.015312343120492697,0.030803934436795008,-0.015312343120492697,33,109,12.833333333333334,-0.33333333333333215,0.16128103355776907,0.3631511923678179,0.47556777407441303
2025-08-27,238,0.03738320488482785,19,1.0008392034804352,0.9895051084138212,1.0002580245742556,0.017239828907217047,0.03511462246890962,-0.017239828907217047,33,109,12.833333333333334,-0.33333333333333215,0.15859996455170686,0.3510476331319076,0.4903524023163855
2025-08-28,239,0.06377760233841356,18,1.0000955796348194,0.9891040348783202,1.000127042208382,0.03342305142210525,0.058344440677166994,-0.03342305142210525,33,109,12.833333333333334,-0.33333333333333215,0.16058226385088295,0.3519247773602259,0.48749295878889104
2025-08-29,240,0.04824388304240333,19,1.0003837403214701,0.9840525740253034,0.9975051721272779,0.02815317546112408,0.020481084267619562,-0.02815317546112408,33,109,12.833333333333334,-0.33333333333333215,0.16021147908307362,0.3470444282372816,0.4927440926796448
2025-08-30,241,0.09677372059202016,17,0.9982781722566376,0.9862544579658111,1.0007771621254697,0.11670915281073362,0.03990066923972875,-0.11670915281073362,33,108,12.833333333333334,-0.33333333333333215,0.1578034113995337,0.3536377227814665,0.4885588658189998
2025-08-31,242,0.09719590998586289,17,0.9992633348057967,0.9989325209512162,1.0016460704113117,0.1416451495759089,0.022961007154052925,-0.1416451495759089,34,108,12.833333333333334,-0.33333333333333215,0.17048692344812785,0.34633687314970424,0.4831762034021679
2025-09-01,243,0.10714969848726313,17,0.9990156467963122,0.9964575573804461,0.9994810438615048,0.15054426727046602,0.029999072410942355,-0.15054426727046602,34,108,12.833333333333334,-0.33333333333333215,0.166686810770917,0.34534360435124495,0.4879695848778381
2025-09-02,244,0.44293062382400594,10,0.9793030251937511,1.002893958607417,1.001811575441976,0.47621070805616666,0.3872062172205814,-0.47621070805616666,34,108,12.75,-0.4166666666666661,0.21148157800662176,0.35668351493802486,0.43183490705535343
2025-09-03,245,0.5036321365486207,9,0.9726149200550467,1.0042855298100641,1.0012492741811057,0.5869509215668711,0.44960671455129125,-0.5869509215668711,34,108,12.583333333333332,-0.5833333333333339,0.17375419001432788,0.33963801951532435,0.48660779047034775
2025-09-04,246,0.5261290912917362,9,0.9714133066096402,1.0015891171183364,1.001845932475313,0.608777587753269,0.4989482895967461,-0.608777587753269,34,108,12.5,-0.5,0.15950473395490075,0.33018257315721045,0.5103126928878888
2025-09-05,247,0.538517184126442,9,0.9719837397962241,1.0036226151846859,0.9983206642281248,0.6282999179741027,0.5199924652378375,-0.6282999179741027,34,108,12.5,-0.3333333333333339,0.14265518367636895,0.31258605363715347,0.5447587626864776
2025-09-06,248,0.5788207346966441,9,0.9600610812846728,1.0073191748790988,1.0034194621329453,0.7328793317757522,0.551064660595187,-0.7328793317757522,34,108,12.5,-0.3333333333333339,0.1594283154763322,0.3826584301435163,0.45791325438015157
2025-09-07,249,0.6148393220689619,8,0.9549528640856089,1.0065618829030745,1.0039886676640462,0.8401325997849012,0.5769222899822932,-0.8401325997849012,34,107,12.5,-0.3333333333333339,0.16084816051065304,0.46314499670156506,0.3760068427877819
2025-09-08,250,0.6004711922928665,8,0.9666413627193591,0.9995566815359974,0.9946537159224761,0.6970622545294237,0.6229655888893109,-0.6970622545294237,34,107,12.5,-0.3333333333333339,0.1628579032028625,0.4518989589930856,0.38524313780405195
2025-09-09,251,0.44808128408235626,11,0.9860985785541913,0.9874541219430866,0.9993035777535789,0.14630888915545465,0.4230908021677223,0.14630888915545465,35,107,12.5,-0.3333333333333339,0.0982118426567915,0.42867268894686394,0.47311546839634455
2025-09-10,252,0.4431003447896218,10,1.0007432478196163,0.9991310652192742,0.9991599165223728,0.46688273093980776,0.3972371147042568,0.46688273093980776,35,107,12.416666666666668,-0.4166666666666661,0.061132616063455984,0.3805482687546093,0.5583191151819347
2025-09-11,253,0.49241362312573084,9,1.0123227211509727,0.9801005814755392,0.9997257910390897,0.6331697340496697,0.37474608754289374,0.6331697340496697,35,107,12.333333333333334,-0.5,0.047262633904685464,0.3391387636177809,0.6135986024775336
2025-09-12,254,0.4994215545327915,9,1.0170318441451291,0.9962877988496726,0.9918767530245607,0.7081176201977487,0.33413917619347966,0.7081176201977487,35,107,12.25,-0.5833333333333339,0.04265243775120616,0.3450767838764126,0.6122707783723813
2025-09-13,255,0.5076945857428722,9,1.011336288392118,0.9920583418004824,0.998236715189943,0.8190390933942348,0.2815149926165194,0.8190390933942348,35,107,12.166666666666666,-0.6666666666666679,0.046352198288148336,0.3578452475779483,0.5958025541339034
2025-09-14,256,0.4979563166483782,9,1.0015657574799048,1.0007474884310918,1.004229347904961,0.8283366744088043,0.23556844883338432,0.8283366744088043,35,107,12.166666666666666,-0.6666666666666679,0.061901198323096325,0.39748429904113936,0.5406145026357644
2025-09-15,257,0.44817353053017983,10,1.0052934485265517,0.9864041374913036,1.0010710116489574,0.7167528348183656,0.14571242966617956,0.7167528348183656,35,107,12.166666666666666,-0.6666666666666679,0.07135413933717691,0.41346746258139344,0.5151783980814296
2025-09-16,258,0.3581248185730487,12,1.0105087222290172,0.9971841740254461,1.002995160304848,0.3957320191851179,0.16425769705972845,0.3957320191851179,35,107,12.166666666666666,-0.5833333333333339,0.09638010370831333,0.42778325465911743,0.47583664163256933
2025-09-17,259,0.3037080680127189,12,1.0132131676763778,0.9930095148356136,1.0016150712525613,0.21334308338332608,0.30810142252302625,0.21334308338332608,35,107,12.166666666666666,-0.4166666666666661,0.11162256505201489,0.397015344252964,0.49136209069502107
2025-09-18,260,0.2842216883109359,12,1.0140046474368747,0.9882788018329056,1.001160210001282,0.08120004676962513,0.405876202406256,0.08120004676962513,35,107,12.166666666666666,-0.3333333333333339,0.12151660996636607,0.3745723848425466,0.5039110051910873
2025-09-19,261,0.25601499009618606,13,1.0140925284528897,0.9868251279631264,0.9909297760763112,0.016439250708202843,0.43694368576157017,0.016439250708202843,35,106,12.166666666666666,-0.3333333333333339,0.13542587949256962,0.3512247461143874,0.5133493743930431
2025-09-20,262,0.2752345978136497,12,1.013748926904129,0.9792473644350439,0.9949563335681529,0.06867324816514443,0.44401449044285324,0.06867324816514443,35,106,12.166666666666666,-0.3333333333333339,0.13818453081394697,0.329977473146565,0.531837996039488
2025-09-21,263,0.3510343328995899,11,1.0136171313612339,0.9760991092352707,1.0042502501010866,0.17888212657345534,0.4996901619154415,0.17888212657345534,36,106,12.166666666666666,-0.3333333333333339,0.15029424987373555,0.29632163909323733,0.5533841110330272
2025-09-22,264,0.34528244237200306,11,1.0133466409847713,0.9883990314808415,1.0026741813430131,0.13585798627309473,0.5368763450105741,0.13585798627309473,36,106,12.083333333333332,-0.41666666666666785,0.16585622919598716,0.2718962268662621,0.5622475439377508
2025-09-23,265,0.32003650592635746,12,1.0136275252873999,0.9880165814022749,1.0034366223498907,0.03671335614471424,0.5974581649657237,0.03671335614471424,36,106,12.0,-0.5,0.17904307789440843,0.2573139103311783,0.5636430117744133
2025-09-24,266,0.29822409131258776,12,1.0117964379582411,0.9848874073251437,1.0014718608825026,0.0273174038689536,0.6008364847098565,-0.0273174038689536,36,106,11.916666666666668,-0.5,0.1842427350764707,0.26104143587219203,0.5547158290513373
2025-09-25,267,0.29619246635163193,12,1.0114689074803374,0.9883028276858808,1.0012466269361626,0.03780000512712175,0.5773364843576093,-0.03780000512712175,36,106,11.833333333333334,-0.5,0.18670486900771935,0.2653423375006361,0.5479527934916445
2025-09-26,268,0.29284205813373143,12,1.010810417723694,0.990697855124442,0.9916002841064967,0.05245154569484658,0.5207563321705113,-0.05245154569484658,36,106,11.833333333333334,-0.4166666666666661,0.18957011717824704,0.280127223074911,0.530302659746842
2025-09-27,269,0.3110592164507188,12,1.006072905225834,0.9817190250119066,0.9962274469488006,0.09345880056969752,0.516147388141901,-0.09345880056969752,36,106,11.833333333333334,-0.33333333333333215,0.18900981551939808,0.2849980076403925,0.5259921768402094
2025-09-28,270,0.30764169971687805,12,1.008232561489092,0.9818938585532283,1.004173936368605,0.08937164782523872,0.5002696626510644,-0.08937164782523872,36,106,11.833333333333334,-0.33333333333333215,0.18268329669619948,0.2701311193846843,0.5471855839191162
2025-09-29,271,0.3058983680931134,12,1.00801628041442,0.9797241344674688,1.0028336168411232,0.09808173949943423,0.48989238848730227,-0.09808173949943423,36,106,11.833333333333334,-0.33333333333333215,0.1887717589406974,0.2733534884849093,0.5378747525743933
2025-09-30,272,0.3229142739178514,12,1.0083507060328514,0.9856539262361169,1.0027826245308786,0.20047593741844233,0.38264119549183045,-0.20047593741844233,36,106,11.833333333333334,-0.33333333333333215,0.19537107424514855,0.2825372608047633,0.5220916649500881
2025-10-01,273,0.33088968777223277,11,1.0062011663885404,0.9829975259234444,1.0014705182961585,0.2300072500806978,0.36596061861006035,-0.2300072500806978,36,105,11.833333333333334,-0.33333333333333215,0.19228799660893142,0.2921293612435043,0.5155826421475643
2025-10-02,274,0.33486663249908455,11,0.9995179658525567,1.024740059646321,1.0013778902476236,0.33293665617045076,0.2658458904328153,-0.33293665617045076,37,105,11.833333333333334,-0.33333333333333215,0.2013949082915506,0.307107665172119,0.49149742653633033
2025-10-03,275,0.33326261826070347,11,0.9961485561252832,1.0369494862155337,0.9913703385286776,0.37373595941829774,0.22422628098406305,-0.37373595941829774,37,105,11.833333333333334,-0.33333333333333215,0.24582951234628192,0.3039693665833929,0.4502011210703253
2025-10-04,276,0.327322747700384,12,0.9922885406261728,1.0327081508025335,0.998348452412828,0.41156348451206726,0.1793266593495109,-0.41156348451206726,37,105,11.75,-0.4166666666666661,0.25831741478958886,0.29339004170541194,0.44829254350499925
2025-10-05,277,0.34328607115636034,11,0.9893528328317133,1.0182726165026301,1.00481979785851,0.5137673376130484,0.1475692518474778,-0.5137673376130484,37,105,11.583333333333332,-0.5833333333333339,0.2305110036379201,0.3082606160219651,0.4612283803401148
2025-10-06,278,0.31762657137050443,12,0.9918885328687217,1.0226759441211715,1.003710954455383,0.4749630708056752,0.0888340282902999,-0.4749630708056752,37,105,11.5,-0.5833333333333321,0.2228965932888194,0.3063511040686143,0.4707523026425663
2025-10-07,279,0.2590689069360028,13,0.9941385108603696,1.016834124978314,1.0027126638663384,0.4011948696097759,0.036093759156729355,-0.4011948696097759,37,105,11.5,-0.5,0.2260090512614937,0.3073805962032005,0.4666103525353058
2025-10-08,280,0.22321500879921927,14,0.9959903744025338,1.011423188701533,0.999533370552766,0.2648914239893082,0.11255044317794702,-0.2648914239893082,37,105,11.5,-0.41666666666666785,0.22629386883556216,0.3253388946544707,0.44836723650996724
2025-10-09,281,0.1548542374027143,17,1.0007510901841372,1.0094210934045764,0.999915519735207,0.07155598018524141,0.0639449487892557,0.07155598018524141,37,105,11.5,-0.3333333333333339,0.21668157125944712,0.3551801388808602,0.42813828985969266
2025-10-10,282,0.14912318198351995,15,1.00454171200226,1.0095517135261145,0.989937906672276,0.27160195977759044,0.008087206763423586,0.27160195977759044,37,104,11.5,-0.3333333333333339,0.21753859358576766,0.3830715590826748,0.3993898473315575
2025-10-11,283,0.20917625682629556,14,1.007018661555355,1.0130433715421143,0.9966077236197984,0.35456128123614583,0.03906852710104616,0.35456128123614583,38,104,11.5,-0.3333333333333339,0.22162659399619625,0.35565255311194294,0.4227208528918608
2025-10-12,284,0.24047102458951555,13,1.0056776388337856,0.9998982997780107,1.0040727856413758,0.3518381789206872,0.0849604616722644,0.3518381789206872,38,104,11.5,-0.3333333333333339,0.21285436249438383,0.35651110963809596,0.4306345278675202
2025-10-13,285,0.2750504633010248,12,1.0071332825170944,0.9960282417254727,1.0031550492041725,0.36048171182751204,0.13304943745502706,0.36048171182751204,38,104,11.416666666666668,-0.4166666666666661,0.22046606187127185,0.3557451560079124,0.4237887821208158
2025-10-14,286,0.2750301565451412,12,1.0062943451250093,0.99915748479809,1.0023791473439683,0.33613504167221125,0.15008961017482247,0.33613504167221125,38,104,11.25,-0.5833333333333339,0.22938444403664707,0.3502876662039431,0.4203278897594098
2025-10-15,287,0.2766253771111655,12,1.0049042280209497,0.990103711858248,1.0012960741087347,0.2728724626490365,0.20274373053661335,0.2728724626490365,38,104,11.166666666666666,-0.6666666666666679,0.2244366240116336,0.3481091802399801,0.4274541957483864
2025-10-16,288,0.2467188026265208,13,1.003486961140579,0.9824703599152619,1.0015159349552043,0.08193176267473831,0.2758522902650873,0.08193176267473831,38,104,11.166666666666666,-0.6666666666666679,0.2260561358089871,0.35863036170378726,0.4153135024872256
2025-10-17,289,0.21829570839102275,14,1.0029297991500525,0.9751348578150135,0.992044215799109,0.050789403383581413,0.31881602709680984,-0.050789403383581413,38,104,11.166666666666666,-0.6666666666666679,0.22343884625749,0.37130901500529956,0.40525213873721055
2025-10-18,290,0.2804886035811214,12,0.9985964728959223,0.9739598068620755,0.9968852344207138,0.15225102831093937,0.3360653168402471,-0.15225102831093937,38,104,11.166666666666666,-0.5833333333333339,0.23170697003962284,0.35943379706264944,0.40885923289772774
2025-10-19,291,0.2770423369113746,12,0.9964742685959012,0.975687928987478,1.004800634803937,0.1509192104991105,0.32109960430632345,-0.1509192104991105,38,104,11.166666666666666,-0.4166666666666661,0.2225251965293321,0.36456784043915463,0.4129069630315133
2025-10-20,292,0.28417264763563843,12,0.9973313590758275,0.9720818675850083,1.0030754200223877,0.1743269350965534,0.3178779599644336,-0.1743269350965534,38,104,11.166666666666666,-0.3333333333333339,0.2324336704991288,0.3743172268950384,0.39324910260583273
2025-10-21,293,0.2741816781283579,13,0.997484918992781,0.9694838272296625,1.0021349840282876,0.14814604455298488,0.3025081989046623,-0.14814604455298488,38,104,11.166666666666666,-0.3333333333333339,0.2346158995551853,0.3806677861494994,0.3847163142953154
2025-10-22,294,0.2529181502584974,13,0.9979605253816088,0.9648861401491433,1.0010268053505869,0.10423564645919162,0.30404378444386704,-0.10423564645919162,39,103,11.166666666666666,-0.3333333333333339,0.23273278019262933,0.39202858002627655,0.37523863978109406
2025-10-23,295,0.2224311272904872,14,0.9990698239174002,0.9679753308728701,1.001402124830782,0.04138595532772465,0.29640358977499387,-0.04138595532772465,39,103,11.166666666666666,-0.3333333333333339,0.23068381989044268,0.40228516825227395,0.36703101185728343
2025-10-24,296,0.19681323122450153,14,0.9984026963445123,0.9763104954866035,0.9913466552694489,0.03956977372722794,0.27045779862259217,-0.03956977372722794,39,103,11.166666666666666,-0.3333333333333339,0.22473371864984168,0.40161118230987836,0.37365509904028005
2025-10-25,297,0.17882764751198388,15,0.9971426515029764,0.9803039696749546,0.9964288417107051,0.0008778175737337767,0.26963456105148614,0.0008778175737337767,39,103,11.0,-0.5,0.23088066410631183,0.3871041438414514,0.3820151920522368
2025-10-26,298,0.2039673579822695,14,0.9993873166271944,0.9809360953231306,1.004459860581858,0.08884461972115311,0.24095713635020757,0.08884461972115311,39,103,10.833333333333334,-0.6666666666666661,0.228642214047527,0.41292700660036363,0.3584307793521094
2025-10-27,299,0.19850255444981385,14,0.999692532923959,0.9832436894827662,1.0025459290122982,0.07871281006459922,0.23026621832351576,0.07871281006459922,39,103,10.833333333333334,-0.5833333333333339,0.24625352557694932,0.4349051291953148,0.318841345227736
2025-10-28,300,0.20427997878776752,14,1.000365788643654,0.9904498218799037,1.00198713516087,0.1095972026310765,0.21924668142668197,0.1095972026310765,39,103,10.833333333333334,-0.4166666666666661,0.26964479310419875,0.4616700177732429,0.2686851891225584
2025-10-29,301,0.17765979680301963,15,0.9990560046837021,0.9872939646568546,1.001284097255082,0.046319537942103216,0.18531760778951395,0.046319537942103216,39,103,10.833333333333334,-0.33333333333333215,0.28310480331549215,0.43390740012224904,0.28298779656225886
2025-10-30,302,0.14610013898021137,15,0.9987021847047548,0.9773387450986423,1.001043254540782,0.045090145388889585,0.16892913768848125,-0.045090145388889585,39,103,10.833333333333334,-0.33333333333333215,0.30702654080887726,0.4165957229160542,0.2763777362750685
2025-10-31,303,0.1401403125895748,16,0.9974511501529322,0.9846172083781848,0.9916583559534695,0.0891308968620897,0.12419319357474175,-0.0891308968620897,39,103,10.833333333333334,-0.33333333333333215,0.3330592768363294,0.3751839211897948,0.29175680197387577
2025-11-01,304,0.1570667019401158,15,0.9944983305087962,0.9773019518674272,0.9980372349510396,0.13573909327951345,0.11299401144062418,-0.13573909327951345,39,103,10.833333333333334,-0.33333333333333215,0.35789321887105535,0.3259272361507786,0.3161795449781661
2025-11-02,305,0.19779482750373423,14,0.9934796972286909,0.9786853819251178,1.0046086679098818,0.23466189435459822,0.0996795509114812,-0.23466189435459822,39,103,10.833333333333334,-0.33333333333333215,0.3499587472103581,0.3323874701341443,0.31765378265549765
2025-11-03,306,0.19067162276294952,14,0.9940481322960592,0.9797601853752418,1.0030159044128226,0.22804474470580807,0.08302965491284277,-0.22804474470580807,39,103,10.833333333333334,-0.33333333333333215,0.3562485789385298,0.3124828348072626,0.3312685862542076
2025-11-04,307,0.18814232288653576,14,0.9936866856009493,0.9787407039379088,1.0017096548874869,0.2584639455823052,0.06889084438256722,-0.2584639455823052,39,102,10.833333333333334,-0.33333333333333215,0.371800306207651,0.2664276533583143,0.36177204043403477
2025-11-05,308,0.15876235351343324,16,0.9941303704308184,0.985415170302636,1.0013748795994393,0.18801423646476137,0.03433235187155383,-0.18801423646476137,40,102,10.833333333333334,-0.33333333333333215,0.37391428591331327,0.290977334512621,0.3351083795740658
2025-11-06,309,0.10416331917915375,17,0.9946710922599562,0.9848664389164637,1.000655827875105,0.10859085053612841,0.02194197997972723,-0.10859085053612841,40,102,10.833333333333334,-0.33333333333333215,0.3666697932354152,0.2996409631603405,0.3336892436042444
2025-11-07,310,0.05522856211934853,19,0.9956306639280854,0.9796983081888317,0.9912623486857688,0.023549324884579576,0.022436426565632123,0.023549324884579576,40,102,10.75,-0.4166666666666661,0.35656434538469317,0.3016554278291139,0.3417802267861929
2025-11-08,311,0.06881615283723219,18,0.9936024382065995,0.9873277307576248,0.9978185643981056,0.07220166435480302,0.034972700975777544,0.07220166435480302,40,102,10.583333333333332,-0.41666666666666785,0.37187785982510524,0.3286931921816657,0.29942894799322906
2025-11-09,312,0.05807368120228133,19,0.9918454984956132,0.9894157451801157,1.004562673255022,0.0525405217483533,0.021219897485587128,0.0525405217483533,40,102,10.5,-0.3333333333333339,0.3960626038240286,0.35524408531503376,0.24869331086093768
2025-11-10,313,0.06336427421538895,18,0.9918499336627249,0.986807839252235,1.0027192515023866,0.05434790297324875,0.0411826440972403,0.05434790297324875,40,102,10.5,-0.3333333333333339,0.3947061534759739,0.345140258624033,0.26015358789999316
2025-11-11,314,0.09077131993147244,17,0.9925332027324875,0.98047945543904,1.0017815792723053,0.08862209818146505,0.05252213888774639,0.08862209818146505,40,102,10.5,-0.3333333333333339,0.3842714855115095,0.3456579444528125,0.27007057003567797
2025-11-12,315,0.07985211838075973,18,0.9938345203639182,0.9846176878820166,1.0015261688359927,0.10812425076433732,0.009390838699514795,0.10812425076433732,40,102,10.5,-0.3333333333333339,0.35524950271457073,0.3519505319490754,0.29279996533635394
2025-11-13,316,0.05715028840326807,19,0.9938523820801098,0.9879589671817277,1.0011661160692302,0.07255953106419254,0.004221804822024444,0.07255953106419254,40,102,10.5,-0.3333333333333339,0.3292819041176922,0.3620534276510047,0.30866466823130323
2025-11-14,317,0.03530227642832548,20,0.9944311918945622,0.986996354179886,0.9911354473794742,0.04090735139490009,0.0014858001857932968,0.04090735139490009,40,102,10.5,-0.3333333333333339,0.3053763775491726,0.37377760316209185,0.3208460192887356
2025-11-15,318,0.03501288414772188,19,0.993115321853695,0.9831966616869022,0.9970295038137984,0.04747534288226005,0.009073426543731262,0.04747534288226005,40,102,10.5,-0.3333333333333339,0.2996632656513832,0.358712246907998,0.34162448744061885
2025-11-16,319,0.08077279740720442,17,0.9944489453363948,0.9828929721124098,1.003974757831717,0.12767256212809852,0.011196572169798257,0.12767256212809852,40,101,10.5,-0.3333333333333339,0.28566952414240376,0.36729367204744995,0.34703680381014634
2025-11-17,320,0.10191135528450884,17,0.9956575537390193,0.9828224858881067,1.0025029188363817,0.17049913216412638,0.009919815368681877,0.17049913216412638,41,101,10.5,-0.3333333333333339,0.27700481259625803,0.35536487636449066,0.3676303110392513
2025-11-18,321,0.0787883750885003,18,0.9944492151594536,0.9868919659755391,1.0021392154755817,0.09733827907134776,1.8532097691159417e-05,0.09733827907134776,41,101,10.5,-0.3333333333333339,0.2669277030823507,0.34372300042118437,0.3893492964964648
2025-11-19,322,0.05135362997959217,19,0.9950665394733796,0.9845863621440325,1.0012875382772493,0.06602498661890324,0.010974268684126485,0.06602498661890324,41,101,10.416666666666668,-0.4166666666666661,0.2632402432713297,0.33949273458228857,0.3972670221463817
2025-11-20,323,0.09323519571906644,17,0.9967654866382605,0.9845571724054355,1.001199542273397,0.12717044696848787,0.027736978916633136,0.12717044696848787,41,101,10.25,-0.5833333333333339,0.2511436669534758,0.3455318477481993,0.403324485298325
2025-11-21,324,0.0783621241300325,18,0.9968883650602289,0.9857737454454418,0.9911431478620667,0.09910670167504505,0.008670614222612914,0.09910670167504505,41,101,10.166666666666666,-0.5833333333333339,0.24603304571015663,0.3513511106296585,0.4026158436601849
2025-11-22,325,0.08544882791687014,17,0.9961229241120451,0.9878627667901579,0.9977917326798948,0.11141330700274081,0.028536816384030543,0.11141330700274081,41,101,10.166666666666666,-0.4166666666666661,0.25522665774312875,0.33081267000719367,0.41396067224967753
2025-11-23,326,0.081757276798355,18,0.9962594891012675,0.9868819949258517,1.0040495178403317,0.09164687116997561,0.03296588417106344,0.09164687116997561,41,101,10.166666666666666,-0.3333333333333339,0.2534180667896212,0.3359420541842615,0.41063987902611737
2025-11-24,327,0.051718328110372726,19,0.9961060405229794,0.9880842915276259,1.0016147867766512,0.03577212519056129,0.005383133109246887,0.03577212519056129,41,101,10.166666666666666,-0.3333333333333339,0.2346972485086836,0.3212198909814134,0.4440828605099029
2025-11-25,328,0.09908249563018137,17,0.9969136808815109,0.9946586081628607,1.0021341363748018,0.12424240564002173,0.03760689510384508,0.12424240564002173,41,101,10.166666666666666,-0.3333333333333339,0.2313798798468441,0.31417572724837245,0.4544443929047834
2025-11-26,329,0.09219053617871067,17,0.9970012883534164,0.991755394567564,1.0017758251423106,0.07611200153750501,0.0545253542015662,0.07611200153750501,41,101,10.166666666666666,-0.3333333333333339,0.2187441649910917,0.3144306443253126,0.46682519068359574
2025-11-27,330,0.06802762894448203,18,0.9967490143699075,0.9888537940676698,1.0012214691896772,0.0031411822360599066,0.06515144549836781,-0.0031411822360599066,41,101,10.166666666666666,-0.3333333333333339,0.2085002093875174,0.3120151168160692,0.47948467379641335
2025-11-28,331,0.0792616618378492,18,0.9962687439987424,0.9898465022683198,0.991629261495474,0.046480871582991495,0.06964734696448271,-0.046480871582991495,41,101,10.166666666666666,-0.3333333333333339,0.20271204029806722,0.315369961684827,0.48191799801710583
2025-11-29,332,0.07912155659661119,18,0.9960701327040887,0.9910100879035946,0.998132970425814,0.045828230233881447,0.06978201267246029,-0.045828230233881447,41,101,10.166666666666666,-0.3333333333333339,0.1937368151565793,0.32292966176455573,0.48333352307886496
2025-11-30,333,0.08441657729313048,17,0.9953562075919246,0.9776499744893651,1.0036710002420242,0.07588140295406214,0.05347568984203478,-0.07588140295406214,41,101,10.166666666666666,-0.3333333333333339,0.19757224565111975,0.3137644153160857,0.4886633390327946
2025-12-01,334,0.07030638061629463,18,0.995696397628618,0.9736066214021957,1.0018405281147849,0.0522152623624433,0.03316460089340063,-0.0522152623624433,41,101,10.166666666666666,-0.3333333333333339,0.19273768049927326,0.30935279644053515,0.4979095230601916
2025-12-02,335,0.3233410990918907,12,1.007489978797779,0.9764558095158963,1.0013189822562303,0.23455079455772446,0.34134288118421224,0.23455079455772446,41,101,10.166666666666666,-0.3333333333333339,0.19791338631924318,0.3647552711991391,0.43733134248161776
2025-12-03,336,0.4859778923288619,9,1.0199365308827557,0.9720748732657336,1.0003644336882682,0.5007048034837162,0.4892156903364343,0.5007048034837162,41,101,10.166666666666666,-0.2500000000000018,0.2094946834126157,0.38103308024728894,0.40947223634009544
2025-12-04,337,0.49911331415756105,9,1.0186877555504719,0.9765647401622111,0.9996968472241253,0.5180708853957997,0.5126150932583416,0.5180708853957997,42,100,10.166666666666666,-0.08333333333333393,0.17530531305309202,0.34378870396875283,0.4809059829781552
2025-12-05,338,0.5257203589765526,9,1.0177158885253377,0.9884274210211424,0.9911875426904699,0.5646856130658747,0.5499703661598498,0.5646856130658747,42,100,10.166666666666666,0.0,0.1551334750470952,0.31175892768349495,0.5331075972694099
2025-12-06,339,0.5331282369121413,9,1.0177014043541308,0.9904673927901207,0.9966940655070968,0.5700756804315443,0.5713519267454791,0.5700756804315443,42,100,10.166666666666666,0.0,0.13206804685447768,0.32762938061409497,0.5403025725314273
2025-12-07,340,0.5553488636531672,9,1.0193183267971035,0.9847826793384475,1.0020244592403802,0.6226623491693472,0.5906873362915582,0.6226623491693472,42,100,10.0,-0.16666666666666607,0.1172267483476002,0.3368413510587551,0.5459319005936447
2025-12-08,341,0.5393988163630233,9,1.0138653166879203,0.9943085150348672,1.005227804648099,0.5102606775488777,0.6174403138210388,0.5102606775488777,42,100,9.833333333333334,-0.33333333333333215,0.10762694331937105,0.3418112415799318,0.5505618151006972
2025-12-09,342,0.43698943668659723,11,1.0033885208224382,0.9941905517285258,1.0049434377980826,0.21867489900410625,0.43573122919648266,-0.21867489900410625,42,100,9.833333333333334,-0.33333333333333215,0.06430581775129232,0.4011564744235547,0.534537707825153
2025-12-10,343,0.48661104279195944,9,0.9933072305039287,1.0055922008774194,1.0013136082723428,0.6540759755139033,0.3429974092692405,-0.6540759755139033,42,100,9.833333333333334,-0.33333333333333215,0.04743601281627694,0.43810993764927925,0.5144540495344438
2025-12-11,344,0.5083518971536066,9,0.9881358774254568,1.0012448655646693,1.0010030968387513,0.7385169222778802,0.33433734404772153,-0.7385169222778802,42,100,9.833333333333334,-0.33333333333333215,0.04682289210091179,0.4937482155915665,0.45942889230752165
2025-12-12,345,0.5275294488961608,9,0.9838112707450356,1.0107065162800808,0.9938514611647041,0.8117556917529712,0.3317361332645509,-0.8117556917529712,42,100,9.833333333333334,-0.33333333333333215,0.04499887443528166,0.5595483177277423,0.39545280783697606
2025-12-13,346,0.5309101697968176,9,0.9805107753447037,0.999662724610368,0.9995927776319167,0.8720688223707997,0.30293824072400266,-0.8720688223707997,42,100,9.833333333333334,-0.33333333333333215,0.05367705544441249,0.6054087396631465,0.3409142048924412
2025-12-14,347,0.5267044235937335,9,0.9808226687668868,0.9977266655907573,1.00223984419455,0.9077164975002212,0.26501556433003737,-0.9077164975002212,42,100,9.833333333333334,-0.33333333333333215,0.06051440288762165,0.6529753748332063,0.28651022227917206
2025-12-15,348,0.4932968667663644,10,0.9841324818975494,1.0022667699343735,1.002304315497572,0.7376178767444127,0.2370902453690752,-0.7376178767444127,42,100,9.833333333333334,-0.33333333333333215,0.07402882917345302,0.7069727494575144,0.21899842136903266
2025-12-16,349,0.33798536030575943,13,0.9834432940570098,1.000596781203846,1.002699017116513,0.43095028807406877,0.002237474619435266,-0.43095028807406877,42,100,9.833333333333334,-0.33333333333333215,0.10143451937610268,0.7265524076507394,0.17201307297315793
2025-12-17,350,0.22585802026041557,13,0.9835281045529519,1.0023152042555836,1.000214569049745,0.20341541883952488,0.1702277904768856,-0.20341541883952488,42,100,9.833333333333334,-0.33333333333333215,0.12100927494392859,0.7577489334828122,0.12124179157325919
2025-12-18,351,0.2000756242721272,14,0.9851614522862131,1.008173796018444,0.9997921493687252,0.04887528624137334,0.2264221689853539,-0.04887528624137334,42,100,9.833333333333334,-0.33333333333333215,0.1275883215864052,0.7316808071650872,0.14073087124850753
2025-12-19,352,0.2166525829089364,14,0.9861948686055129,1.0132094261612352,0.9932093710665609,0.0730211564336855,0.28635335246075294,0.0730211564336855,42,100,9.833333333333334,-0.33333333333333215,0.1357123076980536,0.7052352792021718,0.15905241309977466
2025-12-20,353,0.23949772160096705,13,0.9848113069310347,1.0123867375775633,0.9994407315933851,0.1073448740114092,0.2953567406874332,0.1073448740114092,42,100,9.833333333333334,-0.33333333333333215,0.14654582162261526,0.6734199574592724,0.1800342209181124
2025-12-21,354,0.23875741070808207,13,0.9844837098071456,1.0123593812463352,1.002859925740256,0.10722780443802495,0.2921681477489572,0.10722780443802495,42,100,9.833333333333334,-0.16666666666666607,0.15895243228425895,0.643284609633262,0.19776295808247898
2025-12-22,355,0.22884333869925033,14,0.9854299000129018,1.009824693511743,1.0013772543991641,0.06503673412411967,0.3032294853488736,0.06503673412411967,42,100,9.833333333333334,0.0,0.16699412762748403,0.6240997072852148,0.20890616508730123
2025-12-23,356,0.2669516300604152,13,0.9874583348211543,1.011680874379086,1.0022033549217246,0.13986577113988846,0.3189427906325316,0.13986577113988846,42,100,9.833333333333334,0.0,0.17210547193083986,0.5935732596417463,0.23432126842741383
2025-12-24,357,0.2743791660907995,12,0.9887106228484142,1.0171078211859257,1.0006123217530414,0.14839960152699938,0.32607723812292744,0.14839960152699938,42,100,9.833333333333334,0.0,0.1788349127415453,0.5788838094705075,0.2422812777879471
2025-12-25,358,0.2697796818729189,13,0.9892221311243368,1.0147568644627298,1.0001367421690377,0.11576880325518685,0.34554682249828705,0.11576880325518685,42,100,9.833333333333334,0.0,0.17801316260866168,0.5669002252021415,0.2550866121891968
2025-12-26,359,0.2599623438329504,13,0.9904305003910484,1.0116218395909904,0.9932238798037593,0.09501985709940815,0.3474566811963978,0.09501985709940815,42,100,9.833333333333334,0.0,0.1744398624955998,0.5632574323137255,0.26230270519067467
2025-12-27,360,0.2703529323308911,13,0.9900340483819781,1.007962290044423,0.9990994653519727,0.10731501188260244,0.37037767644976605,0.10731501188260244,42,100,9.833333333333334,0.0,0.17669818121907377,0.5566330673991513,0.2666687513817749
2025-12-28,361,0.2745262637522162,12,0.991322175380956,1.0049158129288824,1.002745151510643,0.12477794331349026,0.35703731236412434,0.12477794331349026,42,100,9.833333333333334,0.0,0.17344556239449208,0.5663780591468038,0.26017637845870417
2025-12-29,362,0.2713753693368993,13,0.9915480611248052,1.0128620654228908,1.0015091196285035,0.10736103742014563,0.3647636757724638,0.10736103742014563,42,100,9.833333333333334,0.0,0.17042257323794213,0.5594889491451013,0.27008847761695665
2025-12-30,363,0.2651190180883243,13,0.9913226690792968,1.0133276906465143,1.0020320307103192,0.1490529179480324,0.2964803600147676,0.1490529179480324,42,100,9.833333333333334,0.0,0.1811166720902908,0.531812426553492,0.2870709013562171
2025-12-31,364,0.2820257137472153,12,0.99280321027854,1.0167263115942964,1.0006271878382764,0.2331791211852363,0.24968065088102823,0.2331791211852363,42,100,9.833333333333334,0.0,0.18009500953096116,0.5265031916135072,0.2934017988555317
