date,grid_cost_yuan,base_cost_yuan,breach_cost_yuan,overbuy_cost_yuan,emergency_cost_yuan,total_cost_yuan,emergency_kwh,start_soc_kwh,end_soc_kwh
2025-01-01,73334.55887014855,43571.181338089795,0.0,29763.377532058763,35482.5639081674,108817.12277831596,7093.212859283347,6000.0,10605.731392244497
2025-01-02,66326.6199905843,64967.79827018605,1281.609662601314,77.21205779692603,0.0,66326.6199905843,0.0,10605.731392244497,10364.745701059941
2025-01-03,58104.75985112749,50496.566638982826,7608.1932121446325,3.381485385034467e-11,0.0,58104.75985112749,0.0,10364.745701059941,10800.0
2025-01-04,34079.21219722215,31754.697245129108,2324.5149520930363,7.75139312736428e-12,0.0,34079.21219722215,0.0,10800.0,10485.465026214235
2025-01-05,64129.23927186753,25197.150951299715,4.840671863348689e-13,38932.08832056782,94039.14264992694,158168.38192179447,17516.47667976194,10485.465026214235,8906.341489955119
2025-01-06,65702.04413219966,49270.70552504743,33.132671710341,16398.205935441885,19932.696612791828,85634.74074499149,3744.5181613035766,8906.341489955119,9937.668571438184
2025-01-07,65017.0146230121,60081.85084438191,76.76736554089398,4858.396413089296,77.10949129776395,65094.12411430987,13.275284720283025,9937.668571438184,10276.94717933325
2025-01-08,65487.75612549923,62712.5760594517,2775.180066047532,0.0,0.0,65487.75612549923,0.0,10276.94717933325,10537.148182507719
2025-01-09,64689.00928421249,63432.81781071894,764.6799764576052,491.5114970359429,55.725670727866394,64744.73495494035,9.593814363065576,10537.148182507719,10440.499885943158
2025-01-10,29157.895362312403,25437.14877091626,1591.739286612623,2129.007304783517,453.6637297499981,29611.5590920624,94.54696666666628,10440.499885943158,10110.634530579446
2025-01-11,27589.895350731884,25902.825114175124,625.0276819569028,1062.0425545998553,353.12450245611274,27943.019853187998,74.5428265508624,10110.634530579446,10203.728946459249
2025-01-12,64715.99779592728,61365.46788698569,977.6073714027019,2372.9225375388933,0.0,64715.99779592728,0.0,10203.728946459249,10247.575142329491
2025-01-13,61731.37832540674,60177.46553557083,1296.377765421817,257.53502441409,43.9158240678746,61775.29414947461,7.560613595226755,10247.575142329491,9939.259439814963
2025-01-14,62447.34462740376,60852.798411246666,429.62711827853326,1164.9190978785598,291.70051143851384,62739.04513884228,41.8148668919888,9939.259439814963,9901.977916400525
2025-01-15,62600.37324893184,59899.64905214023,223.75936459504047,2476.964832196575,1290.9860041933873,63891.35925312523,193.4448289083224,9901.977916400525,9948.116051578992
2025-01-16,61651.30127937043,59283.67282826186,725.9327513475657,1641.6956997610132,1484.3273828473868,63135.62866221782,259.43616961073405,9948.116051578992,9958.725617272918
2025-01-17,25176.05546402647,24611.191532157703,564.8639318687533,1.3940754683972046e-11,578.3370926948696,25754.39255672134,126.4035907592135,9958.725617272918,9823.349243967874
2025-01-18,26233.312598699464,24554.87429051695,693.3754321773642,985.0628760051504,0.0,26233.312598699464,0.0,9823.349243967874,9982.04005381471
2025-01-19,61002.72892847721,58556.44726623935,191.82174852239322,2254.4599137154655,1826.8298608736259,62829.558789350835,322.1843430059947,9982.04005381471,9958.026307059545
2025-01-20,59891.65450851595,59285.25578219261,398.71362519494363,207.6851011283988,2506.532714100464,62398.18722261642,498.0906936399982,9958.026307059545,10140.995510367835
2025-01-21,58711.66682380267,56844.19258797419,1369.1745600941913,498.29967573428604,0.0,58711.66682380267,0.0,10140.995510367835,10286.319669398357
2025-01-22,60300.0142451812,59240.2489485455,91.0004609365224,968.7648356991772,2062.7074130363458,62362.721658217546,435.8993069688066,10286.319669398357,9851.16667481682
2025-01-23,62129.96435909117,57929.44538582009,260.23986993693933,3940.279103334146,659.6069091860866,62789.57126827726,134.50058999175727,9851.16667481682,10042.55220062024
2025-01-24,23702.022754010923,22705.08435172683,339.68971535371975,657.2486869303705,0.0,23702.022754010923,0.0,10042.55220062024,10004.743442565043
2025-01-25,23981.332146109366,22483.270107898312,514.9729119191448,983.0891262919115,388.1105868207139,24369.442732930078,75.7776458040502,10004.743442565043,10111.673189395387
2025-01-26,60431.19202684608,58638.945869126874,576.1165385294393,1216.1296191897693,30.469950278478937,60461.66197712456,5.216117483262678,10111.673189395387,10095.184470048227
2025-01-27,57598.48445432156,55641.05144069543,550.9341532164557,1406.4988604096723,0.0,57598.48445432156,0.0,10095.184470048227,9862.884586555117
2025-01-28,59770.52689544725,56333.855916499524,378.0829401369356,3058.5880388107926,2312.3762855428117,62082.90318099006,362.3226749820092,9862.884586555117,10002.212035377537
2025-01-29,56697.483699526885,53560.2415733966,1125.6526338101467,2011.5894923201386,304.8774290666669,57002.361128593555,52.47143333333338,10002.212035377537,10396.265340120683
2025-01-30,57155.44111169264,55038.915743917896,135.85599305053063,1980.6693747242202,2786.72924485421,59942.17035654685,490.78023034698975,10396.265340120683,9999.02100989331
2025-01-31,23155.233482784806,21445.486089153215,123.84726991545656,1585.900123716135,35.45988612390655,23190.693368908713,7.568004721781357,9999.02100989331,10060.814528375635
2025-02-01,21586.175015480316,20507.21952623015,740.0757704112186,338.879718838947,771.4427329138003,22357.617748394117,158.19554509762062,10060.814528375635,9965.290300288592
2025-02-02,54505.59104373405,52482.697718339055,1596.1900685194119,426.7032568755821,478.9873340709691,54984.57837780502,68.68046663249379,9965.290300288592,10098.351713382644
2025-02-03,55564.54426095855,52622.82030817641,1514.3592815449267,1427.3646712372138,1202.740286895407,56767.28454785396,217.62526828524636,10098.351713382644,10097.473526917258
2025-02-04,57048.16112342382,53269.404517889634,1426.4061856511344,2352.350419883057,270.13659274099484,57318.297716164816,48.84071149610029,10097.473526917258,9862.100892738088
2025-02-05,54139.386757726745,51411.2313286103,292.7361599321378,2435.419269184308,4961.2148816155695,59100.60163934231,828.7944784772496,9862.100892738088,10000.993365409617
2025-02-06,55243.31303634825,51853.92776853751,1107.5431201193576,2281.8421476913763,1130.7239005034019,56374.03693685165,215.6589822056872,10000.993365409617,9915.862062492124
2025-02-07,19844.607015866495,19444.318753879408,269.05769630949425,131.230565677595,3209.790837082767,23054.397852949263,633.0102987415355,9915.862062492124,9858.321282905279
2025-02-08,19879.433720201996,16843.840928261445,36.83199041194772,2998.7608015286028,4750.733428834864,24630.16714903686,801.2164803284634,9858.321282905279,9950.153352460286
2025-02-09,53298.70031825539,49566.021049492025,16.25494856318562,3716.424320200183,5614.844979092426,58913.54529734782,1071.4507215562262,9950.153352460286,9885.897198302153
2025-02-10,50719.8925081887,47571.15269568659,1403.98465589168,1744.7551566104264,1582.9238160861032,52302.816324274805,283.16016726636775,9885.897198302153,9806.35082429247
2025-02-11,49975.822198001326,48253.171127144735,823.6983918994492,898.9526789571378,6138.37201816686,56114.19421616819,1132.3483973090586,9806.35082429247,9978.149042984827
2025-02-12,51888.294363024834,47971.95412709373,1457.8904891156922,2458.4497468154104,3310.9436145559166,55199.23797758075,637.0748969860233,9978.149042984827,9994.25763457153
2025-02-13,48966.80897174419,47475.45811612183,1221.8953176889495,269.4555379334141,1107.2343881561083,50074.0433599003,175.33008184565062,9994.25763457153,10047.738769190524
2025-02-14,19390.04441785853,18479.803084133462,5.3647007758415235,904.8766329492275,0.0,19390.04441785853,0.0,10047.738769190524,10029.534004489857
2025-02-15,18931.34808481622,18042.481521843307,119.87955556672651,768.9870074061879,1185.4089383593357,20116.757023175556,246.09221300013303,10029.534004489857,9865.361736588264
2025-02-16,51538.432663204345,48203.59670781321,1463.1076613646217,1871.7282940265106,2558.3750376070166,54096.80770081136,529.9315880427486,9865.361736588264,9962.016477548828
2025-02-17,49625.78046772832,45992.55714887183,2240.0589376958674,1393.1643811606284,1039.1074072631611,50664.88787499148,152.23429826016195,9962.016477548828,9967.992638952543
2025-02-18,49371.82090051113,46267.0776814134,577.4922302743053,2527.250988823417,155.62323000000018,49527.444130511125,34.206666666666706,9967.992638952543,10173.015453305583
2025-02-19,48749.05596689118,47027.84049062115,162.1811846595446,1559.0342916104867,2059.39802510528,50808.45399199646,416.4443751014712,10173.015453305583,9817.641645892922
2025-02-20,48000.93214831902,46335.87841755916,967.6404495952993,697.4132811645638,2234.49176703692,50235.42391535594,473.12041683680616,9817.641645892922,10093.414452636218
2025-02-21,18432.37422098819,17988.812563365078,56.426899664550085,387.13475795856084,0.0,18432.37422098819,0.0,10093.414452636218,10104.768002215917
2025-02-22,18940.780943430953,17994.4673041575,76.83628813754571,869.477351135904,0.0,18940.780943430953,0.0,10104.768002215917,10132.200045681484
2025-02-23,47865.22551742365,46224.22300104577,704.4866848481049,936.5158315297725,274.54527441416985,48139.77079183782,59.47654355132595,10132.200045681484,9945.016857501074
2025-02-24,46714.06038570126,44479.100873580144,1073.0669555083161,1161.8925566128055,327.6355755264249,47041.695961227684,71.6534306738738,9945.016857501074,10149.61392893372
2025-02-25,45231.30130221894,43551.64672542253,1554.0418976205497,125.61267917586812,290.3399565622575,45521.6412587812,65.42333624477214,10149.61392893372,9932.782183031542
2025-02-26,46075.890409095126,43273.62147487496,15.821750266177142,2786.447183953983,1456.8502137622831,47532.74062285741,302.37634653866894,9932.782183031542,10275.25370726313
2025-02-27,44885.2114027511,42764.57296269541,452.62847757553044,1668.0099624801503,4170.983259368864,49056.19466211996,824.0690546828425,10275.25370726313,10098.390438529073
2025-02-28,17860.512108608735,17019.905229256205,174.56874111572404,666.0381382368079,697.80167336663,18558.313781975365,148.47362210238884,10098.390438529073,9987.837121361732
2025-03-01,17713.118167289907,17010.970048338655,375.35864272459315,326.7894762266595,2087.363298359749,19800.481465649656,399.09574777721923,9987.837121361732,9923.403580754923
2025-03-02,49030.41816480277,45046.05591027666,82.72901688117908,3901.6332376449377,2645.080545649892,51675.498710452666,451.40580252059044,9923.403580754923,9914.529551349966
2025-03-03,49585.805492087755,45088.229773778505,1089.9519032081441,3407.6238151011025,3055.096603416473,52640.90209550423,545.8926158246989,9914.529551349966,9862.003246180704
2025-03-04,47067.93202869546,43416.20715869432,927.642740170565,2724.0821298305736,1890.6971943749961,48958.62922307046,323.61983967478,9862.003246180704,9776.318301757647
2025-03-05,46265.90073576202,41269.79673618006,1606.321142849523,3389.782856732437,2824.3521162918796,49090.2528520539,435.3564670457413,9776.318301757647,9869.383023065688
2025-03-06,44040.410952189326,41091.83373048577,277.6950521658843,2670.8821695376696,1481.5026651125681,45521.91361730189,244.84581970991144,9869.383023065688,9706.278253967726
2025-03-07,17098.81035321036,16097.169398049262,363.02112844869026,638.6198267124086,1354.6752386804912,18453.48559189085,275.11634212979914,9706.278253967726,9900.311982236737
2025-03-08,17080.69248904054,15311.281611827259,16.99066182069,1752.4202153925921,972.5619963089523,18053.25448534949,210.45924319795233,9900.311982236737,9946.992037426338
2025-03-09,43424.08092796649,38721.085209397475,1409.323234280784,3293.672484288235,2310.6446447678827,45734.72557273437,411.40074157259494,9946.992037426338,9927.307067782109
2025-03-10,45259.07860515866,40416.00474144769,37.91194108330816,4805.161922627666,2838.362870299721,48097.441475458385,511.1247048179184,9927.307067782109,9924.542449770537
2025-03-11,43221.44175915033,38946.37832879159,237.38994569388237,4037.6734846648596,945.6787589294947,44167.12051807983,190.96613762000138,9924.542449770537,9939.414210128725
2025-03-12,42349.2748613822,39257.96470242939,1302.5395528706522,1788.7706060821602,809.261815165936,43158.53667654813,122.66009580339653,9939.414210128725,9851.443409473599
2025-03-13,44365.77507700131,41646.289881952056,41.3449515850654,2678.140243464188,2890.1107873413685,47255.88586434268,579.262195591047,9851.443409473599,9962.607210570784
2025-03-14,16654.84077482282,15962.868761845693,95.36742101723661,596.6045919598905,0.0,16654.84077482282,0.0,9962.607210570784,10249.33212122608
2025-03-15,16703.281296364057,15806.380819745476,4.864144857983276,892.0363317605986,499.5000716868559,17202.781368050913,124.49326530161855,10249.33212122608,9941.479157605314
2025-03-16,43272.64739732804,41098.69180325101,229.76074574165165,1944.194848335378,362.70210088053943,43635.349498208576,71.77328033025319,9941.479157605314,10598.758211463839
2025-03-17,40120.0492563195,37126.9002581524,1378.1560878736543,1614.9929102934511,1225.7707328163478,41345.819989135845,236.76635385100946,10598.758211463839,10435.576169381024
2025-03-18,41122.76089194443,39717.50830651023,997.4187700943982,407.8338153398105,2226.2487773947732,43349.009669339204,455.11326842477706,10435.576169381024,10259.468024199829
2025-03-19,40953.35352716378,37816.80944002925,12.784153220342969,3123.7599339141893,763.0751122551707,41716.428639418955,159.2358342519252,10259.468024199829,10362.596531227
2025-03-20,42917.76847993304,37854.06646471432,874.5661469719814,4189.135868246743,3064.0740462308627,45981.8425261639,615.4398365471421,10362.596531227,10216.194666070132
2025-03-21,16360.860781847592,14849.307051522723,187.57915100955196,1323.9745793153184,642.2319783609798,17003.092760208572,160.6204399624303,10216.194666070132,10002.565463076127
2025-03-22,15967.065991230253,15664.442695739346,90.03417973090912,212.58911575999733,0.0,15967.065991230253,0.0,10002.565463076127,10388.37109525397
2025-03-23,39582.74710907248,38620.179379804074,680.9752296441129,281.59249962429317,283.5736627594907,39866.32077183197,43.38537484019796,10388.37109525397,10124.797304711812
2025-03-24,39196.059426005915,37194.861065470446,499.30199210040183,1501.8963684350676,2728.639009625894,41924.698435631806,545.0730429586667,10124.797304711812,10304.332866474278
2025-03-25,40980.36140773333,37669.227466416814,914.3116656425001,2396.8222756740197,2125.3067790073096,43105.668186740644,438.8594604823412,10304.332866474278,10067.84604123296
2025-03-26,37709.94205288826,35946.205023179085,612.5187382858795,1151.2182914233013,231.92581214404206,37941.867865032305,46.81581579198589,10067.84604123296,10093.738332953593
2025-03-27,39262.0797193709,37462.27504741447,440.36573783877463,1359.4389341176604,1715.3651088102927,40977.44482818119,346.4131877356774,10093.738332953593,10207.471334831911
2025-03-28,15404.906869192964,15170.901155641273,54.355809054259204,179.64990449743217,0.0,15404.906869192964,0.0,10207.471334831911,10162.260585856317
2025-03-29,15280.239219588413,14756.279604955358,6.758629582082935,517.2009850509717,0.0,15280.239219588413,0.0,10162.260585856317,10121.126792379868
2025-03-30,37662.01123535964,35373.3608214372,584.3522371710454,1704.2981767514025,0.0,37662.01123535964,0.0,10121.126792379868,10210.422695041325
2025-03-31,39698.45898810379,33695.494491666796,395.53398687047326,5607.4305095665195,0.0,39698.45898810379,0.0,10210.422695041325,10251.683808617008
2025-04-01,40563.48532358336,36909.77107310003,473.4077238495506,3180.3065266337735,0.0,40563.48532358336,0.0,10251.683808617008,10206.157165864232
2025-04-02,41673.49025987638,36388.78836092331,539.5999257188146,4745.101973234257,356.04584775096293,42029.53610762734,51.03868230375042,10206.157165864232,10129.564933022455
2025-04-03,38100.56656424738,36483.39973948252,978.4982055516981,638.6686192131671,0.0,38100.56656424738,0.0,10129.564933022455,10202.35837063874
2025-04-04,14576.575072092463,14149.81263292688,119.6550627956029,307.1073763699812,384.59550094297623,14961.170573035439,98.84214106279718,10202.35837063874,10140.188646577026
2025-04-05,14969.822170337338,14068.449494218808,14.685814540048247,886.6868615784831,0.0,14969.822170337338,0.0,10140.188646577026,10052.647236138193
2025-04-06,36546.30580447877,34954.454009640656,497.68976753858095,1094.162027299528,620.209979161745,37166.51578364051,107.35684975276641,10052.647236138193,10087.201951790837
2025-04-07,35728.74771607956,33619.90309920795,268.2438896732564,1840.6007271983572,0.0,35728.74771607956,0.0,10087.201951790837,10081.74432382075
2025-04-08,36293.682493715656,35024.42451023333,666.904490337084,602.3534931452484,780.2613952762574,37073.94388899191,158.49166180547473,10081.74432382075,9961.01697531025
2025-04-09,39114.94874034195,35446.02625795398,5.439128228350979,3663.4833541596154,0.0,39114.94874034195,0.0,9961.01697531025,9983.78807831248
2025-04-10,37471.44961740895,34820.9285490243,680.0468489667536,1970.4742194178964,0.0,37471.44961740895,0.0,9983.78807831248,10038.45092795819
2025-04-11,14695.998736929807,13509.770931731113,75.43039085029822,1110.7974143483957,526.0264064634075,15222.025143393214,124.03354919722071,10038.45092795819,10056.15394078904
2025-04-12,14354.986118856223,13790.503034472178,178.02968409012286,386.453400293922,0.0,14354.986118856223,0.0,10056.15394078904,10220.084498126356
2025-04-13,36241.92384865556,33753.85518435567,204.20393865194762,2283.864725647946,0.0,36241.92384865556,0.0,10220.084498126356,10126.69142807439
2025-04-14,35768.79927679984,32922.79058627087,1000.603125525567,1845.4055650034024,467.4674087965734,36236.26668559641,68.10991849853463,10126.69142807439,10073.934750120816
2025-04-15,34028.64570438584,32770.32370220442,203.29015774038842,1055.0318444410293,0.0,34028.64570438584,0.0,10073.934750120816,10137.363340886484
2025-04-16,36657.67851013185,34045.66046794006,127.38953754389041,2484.628504647903,0.0,36657.67851013185,0.0,10137.363340886484,10010.098727813158
2025-04-17,35587.303626125526,33099.93710489284,36.65313496890148,2450.7133862637875,0.0,35587.303626125526,0.0,10010.098727813158,10144.531665325454
2025-04-18,14102.92413124242,13255.007207279272,92.06473852356675,755.8521854395824,0.0,14102.92413124242,0.0,10144.531665325454,10157.986201179127
2025-04-19,13869.989377982758,12961.620488699931,98.78865990190641,809.5802293809207,246.66038457436707,14116.649762557125,62.68993445538667,10157.986201179127,10060.666103402082
2025-04-20,34472.873778131965,33047.720375118544,40.927999917391126,1384.2254030960332,0.0,34472.873778131965,0.0,10060.666103402082,10368.1037316074
2025-04-21,33188.24799833125,32073.946847752293,709.6373807978675,404.6637697810853,0.0,33188.24799833125,0.0,10368.1037316074,10057.747846477101
2025-04-22,35363.01991709818,31695.944066415737,94.5707176043783,3572.5051330780657,0.0,35363.01991709818,0.0,10057.747846477101,10155.42412172902
2025-04-23,34567.41886982358,31532.433677860132,91.22424609543263,2943.760945868014,0.0,34567.41886982358,0.0,10155.42412172902,10307.939244899473
2025-04-24,32811.524621034936,31972.31413288933,42.48122165842022,796.7292664871848,0.0,32811.524621034936,0.0,10307.939244899473,10093.641560893579
2025-04-25,12811.405901394066,12614.478310873475,124.80505557492239,72.12253494566717,342.64690790722756,13154.052809301293,70.95357619947555,10093.641560893579,9941.392590669151
2025-04-26,13195.202775370139,12671.43965225325,0.0,523.7631231168881,658.1274369336903,13853.330212303828,135.99154765886095,9941.392590669151,9952.442311112769
2025-04-27,34788.19718688843,30366.717521509043,6.422212980594902,4415.057452398785,952.7617691041435,35740.95895599257,163.24116381539855,9952.442311112769,9935.972807770619
2025-04-28,37381.21744460106,32724.816366126004,10.207628949760831,4646.193449525301,0.0,37381.21744460106,0.0,9935.972807770619,10067.508930982613
2025-04-29,32778.11155377105,31431.3468752865,3.0653780924654694,1343.6993003920823,644.6867189329682,33422.79827270402,92.41495397548283,10067.508930982613,10204.786703846808
2025-04-30,31641.79104958498,30623.660647162425,32.075401273887124,986.0550011486674,2166.4094001074245,33808.200449692406,411.30420939272494,10204.786703846808,10010.530047406886
2025-05-01,34691.44073982843,30761.601890844082,9.23602153706096,3920.602827447285,9923.923189645622,44615.36392947406,1565.4443162805644,10010.530047406886,9255.432910702822
2025-05-02,15295.700045856896,13240.670154912632,4.531686824856286,2050.498204119409,8960.77076731977,24256.470813176667,1545.5014673773594,9255.432910702822,9514.958246981254
2025-05-03,13885.297917690645,13240.247904108082,56.508619806434226,588.5413937761272,9152.696981124534,23037.99489881518,1597.1361182125581,9514.958246981254,9760.791231793151
2025-05-04,35364.68517655932,32676.102682577846,1344.8580722766173,1343.7244217048478,6535.336092121992,41900.02126868131,1069.3645687926119,9760.791231793151,9776.809480079271
2025-05-05,36860.496863781336,34073.84833527342,975.147891130373,1811.5006373775443,5380.389090561505,42240.88595434284,829.8817712550533,9776.809480079271,9778.08823158904
2025-05-06,35479.12081041983,33175.93369233182,165.35751431544307,2137.82960377257,5395.5793941700385,40874.70020458987,864.790803148166,9778.08823158904,9596.850474474553
2025-05-07,36582.35367399604,34239.854558764884,55.655245055610635,2286.8438701755463,6291.37810144624,42873.731775442284,961.835104200501,9596.850474474553,9748.621860669335
2025-05-08,37790.668387646074,36183.91897643574,704.1227773592651,902.6266338510659,1128.2836558000183,38918.952043446094,162.8706266019235,9748.621860669335,10015.056436175257
2025-05-09,15624.070454971152,15494.046675803476,130.0237791676509,2.4676521093169864e-11,241.78301518758806,15865.85347015874,51.44853062925707,10015.056436175257,10155.391726594044
2025-05-10,15470.430310870848,15159.984908085864,115.11293337791714,195.3324694070678,124.97590002779677,15595.406210898645,26.564247611389238,10155.391726594044,9863.419570963022
2025-05-11,36549.37327603939,35082.085055390504,317.1768105444664,1150.1114101044252,2827.6182902298615,39376.99156626925,406.7565840364385,9863.419570963022,9989.029152000976
2025-05-12,36227.32510917484,33559.825839351586,81.18910464975355,2586.3101651735014,831.2780492634333,37058.60315843827,130.5045038260638,9989.029152000976,10136.350167428636
2025-05-13,36201.99602335289,34014.90629734347,668.1190382909016,1518.970687718517,1199.0772366001745,37401.07325995307,196.92960279774147,10136.350167428636,10111.175975964927
2025-05-14,36581.45858678453,33631.98035677406,474.83062796060995,2474.6476020498562,816.8886282232734,37398.3472150078,133.91050847772465,10111.175975964927,9927.674949256769
2025-05-15,37598.18527260923,35104.93106399936,232.08214440181743,2261.1720642080595,0.0,37598.18527260923,0.0,9927.674949256769,10779.972212971854
2025-05-16,15029.397959747692,14637.502911181313,238.84671874044724,153.0483298259317,0.0,15029.397959747692,0.0,10779.972212971854,10095.860243472107
2025-05-17,15531.202594722443,15073.735416274194,60.66208724267086,396.80509120557787,0.0,15531.202594722443,0.0,10095.860243472107,10180.826430270059
2025-05-18,36315.047532582095,34842.90487207274,307.7893194947007,1164.3533410146542,35.318698333333415,36350.36623091543,5.236666666666679,10180.826430270059,10500.971100048508
2025-05-19,34037.96430805982,33466.96122097255,108.02852167042745,462.9745654168342,784.7916413127671,34822.755949372586,114.7223212413179,10500.971100048508,10020.55530424158
2025-05-20,36474.23025710758,33102.68087809769,16.94845599896191,3354.6009230109225,1175.4768484230872,37649.707105530666,169.96260706663156,10020.55530424158,10010.906529371874
2025-05-21,36414.33209941515,32824.26014957103,9.648246148228889,3580.42370369589,0.0,36414.33209941515,0.0,10010.906529371874,9954.994023675805
2025-05-22,34315.72705654424,33164.154834236935,6.340863482426233,1145.2313588248833,635.0792580930491,34950.80631463729,91.12302366586141,9954.994023675805,10396.138161649103
2025-05-23,15413.174080610052,14129.777241325435,2.269170588943969,1281.127668695671,424.50626585355474,15837.680346463607,99.64786250111914,10396.138161649103,10245.039698171762
2025-05-24,14832.872109901264,14380.38322959996,112.02600735760564,340.46287294369705,59.23212171553318,14892.104231616797,13.91194206497203,10245.039698171762,10330.81644781454
2025-05-25,33958.38063091572,32728.112502958244,58.80295207518727,1171.4651758822965,0.0,33958.38063091572,0.0,10330.81644781454,10088.732802257302
2025-05-26,38005.938980833664,32171.071367104378,12.52546411160663,5822.342149617681,630.6648720703199,38636.60385290399,123.80684274635064,10088.732802257302,9957.374572668283
2025-05-27,35789.59429098561,32059.40906014458,142.44122947485567,3587.744001366179,0.0,35789.59429098561,0.0,9957.374572668283,9995.3087437315
2025-05-28,35355.72329490745,33280.025791026485,140.62569230385105,1935.0718115771197,0.0,35355.72329490745,0.0,9995.3087437315,10273.452779435662
2025-05-29,38529.766455478515,32497.98100175972,304.5558035810692,5727.229650137727,1417.2362191474208,39947.00267462594,205.27557537223214,10273.452779435662,10053.227327096161
2025-05-30,15101.658814053033,14151.707867099027,16.698782488208654,933.2521644657977,465.2373491233176,15566.89616317635,109.46984612976566,10053.227327096161,10311.866046912131
2025-05-31,14877.687689102542,14451.158647973398,165.26656437320233,261.2624767559428,790.1020231161503,15667.789712218693,188.01693395952623,10311.866046912131,10223.298922124693
2025-06-01,51133.91123971921,36095.77502622596,426.25558298648673,14611.880630506765,10968.771704883286,62102.68294460249,1732.3454137157892,10223.298922124693,9110.314217365794
2025-06-02,48712.084112509896,40115.705504838355,472.9234315651185,8123.45517610642,7957.676569980247,56669.760682490145,1252.1185562647124,9110.314217365794,9191.900778840121
2025-06-03,49276.11642701985,42379.27486666522,1701.1593213764886,5195.682238978148,3642.8728122761904,52918.98923929604,609.6139832702447,9191.900778840121,9597.286633110934
2025-06-04,48505.6070609615,43702.47398341006,2499.3587990768015,2303.7742784746333,2739.9680010143697,51245.57506197587,451.5517375524975,9597.286633110934,9586.072868628655
2025-06-05,48824.24121679569,44480.09265411687,907.9155456178249,3436.2330170610007,3036.1938241264297,51860.43504092212,473.514986482885,9586.072868628655,9382.052919209153
2025-06-06,22266.580233100114,18311.104952315785,261.68194462065577,3693.793336163672,7000.334708030426,29266.91494113054,1096.249930465131,9382.052919209153,9462.425871623373
2025-06-07,21005.74109991385,18686.816024764994,284.6399069935553,2034.2851681552986,4935.009616365696,25940.750716279545,722.3570155089297,9462.425871623373,9587.857710384502
2025-06-08,50016.32201318055,45251.33957999592,4030.6479058048144,734.3345273798161,23.370523179233334,50039.692536359784,3.4764630984356018,9587.857710384502,10800.0
2025-06-09,50862.71488839125,47582.92410824895,1988.5642725579078,1291.2265075843925,221.24945445782623,51083.96434284908,32.81427269285268,10800.0,10654.425295822017
2025-06-10,49604.6962092907,46758.194049564176,608.735513257991,2237.766646468533,30.9506798421249,49635.646889132826,4.591407779576457,10654.425295822017,10452.545707385112
2025-06-11,52950.841632625146,48835.435130541024,145.6163658901253,3969.7901361939985,1394.6676945086738,54345.50932713382,285.12523755602206,10452.545707385112,10350.569578269318
2025-06-12,50819.3123447766,47573.02251590921,749.3396347585186,2496.9501941088665,0.222795852011481,50819.535140628606,0.03309013099828917,10350.569578269318,10451.62725210461
2025-06-13,20893.305700504836,19120.255097081787,393.43071719226253,1379.6198862307856,2681.0631541856974,23574.368854690532,414.6736557821516,10451.62725210461,9863.735204951317
2025-06-14,20630.148694156243,18854.076607464398,364.67751544696654,1411.3945712448804,2382.2115698808957,23012.36026403714,376.7160605956514,9863.735204951317,9696.835369072574
2025-06-15,49611.965171152246,47025.34119818246,148.49852725222004,2438.1254457175664,0.0,49611.965171152246,0.0,9696.835369072574,10800.0
2025-06-16,50359.33969110647,47416.90831548638,64.5023021800192,2877.9290734400734,2607.996043381395,52967.33573448787,539.0888386842504,10800.0,10800.0
2025-06-17,51511.55810218634,45792.15758891525,0.0,5719.400513271086,1002.392791059701,52513.95089324604,148.6267402068688,10800.0,10039.656185922273
2025-06-18,49282.691764300034,45771.63070346575,719.8997273907219,2791.1613334435574,482.771546204336,49765.46331050437,71.58598405821715,10039.656185922273,10286.43790316937
2025-06-19,48253.83716837503,44248.47046177822,723.330969914349,3282.0357366824624,1493.8995629405672,49747.7367313156,259.3807740966066,10286.43790316937,10126.601559384255
2025-06-20,20301.885915336436,19638.344853644092,241.93857284361965,421.6024888487245,0.0,20301.885915336436,0.0,10126.601559384255,10352.797212161931
2025-06-21,20476.211456963487,19602.658944401275,117.17098403109404,756.3815285311193,574.039159306348,21050.250616269834,134.36621092256587,10352.797212161931,10740.897405106705
2025-06-22,46106.536864580055,42186.44573328626,28.700878193042968,3891.390253100753,398.3166271117094,46504.85349169176,58.29331457547198,10740.897405106705,10323.15146875997
2025-06-23,46230.82053821791,43340.69876031169,57.977690440617664,2832.1440874656014,223.02005504108678,46453.840593258996,32.7538626208559,10323.15146875997,9996.258942996366
2025-06-24,52859.02660271643,45434.008689611954,16.715073641766473,7408.302839462707,5824.445143186763,58683.471745903196,1203.121637739666,9996.258942996366,10271.601693814986
2025-06-25,47271.431834398674,44517.48546382013,19.37600443260013,2734.5703661459515,434.55608463052204,47705.9879190292,64.42790783906605,10271.601693814986,10060.781796434227
2025-06-26,45489.38830327898,44012.5052870819,19.71159557929459,1457.1714206177858,883.927864799366,46373.316168078345,131.05709506617688,10060.781796434227,9992.357299475894
2025-06-27,18860.950152681395,18382.247007833088,351.4570880746255,127.24605677368014,227.42124834854584,19088.37140102994,56.82710611679333,9992.357299475894,10145.865385503786
2025-06-28,19651.53981874937,18508.151091737876,51.580478789902365,1091.8082482215889,0.0,19651.53981874937,0.0,10145.865385503786,10143.44299568927
2025-06-29,46689.67207097067,41835.69777879258,29.130590443546726,4824.843701734545,3173.7396481418054,49863.411719112475,643.3004561884699,10143.44299568927,10061.919892310827
2025-06-30,46789.102849696945,44060.33369141812,154.50791882835864,2574.261239450469,2573.939837661014,49363.042687357956,481.4348350266457,10061.919892310827,10102.112092454552
2025-07-01,61081.27472769673,40925.45973482331,731.1487549233404,19424.666237950074,6536.14937898225,67617.42410667898,1027.1122226840982,10102.112092454552,9493.055490948014
2025-07-02,54556.11048929172,41951.39707922866,1139.2092312182801,11465.504178844783,4684.093591603998,59240.20408089572,699.7514314536795,9493.055490948014,9784.348677104987
2025-07-03,59326.24210538459,48584.04886851797,1235.5286026041786,9506.664634262434,857.6505229686073,60183.8926283532,143.2450354630105,9784.348677104987,9971.100435413391
2025-07-04,26953.76194310934,22690.070719273157,223.33405771450452,4040.357166121678,2620.728681853442,29574.490624962782,418.3373233728711,9971.100435413391,9889.213757617017
2025-07-05,26460.411821569665,23914.889270514406,94.02197335525878,2451.5005776999988,1029.3609344986887,27489.772756068352,175.70486511044157,9889.213757617017,9891.340259872872
2025-07-06,58036.947983896796,51165.09199623971,496.34856806357647,6375.507419593512,177.8239760713453,58214.771959968144,26.367276064938324,9891.340259872872,10630.123125449027
2025-07-07,53174.65395491163,51235.00067111248,1512.6849064553608,426.9683773437864,0.0,53174.65395491163,0.0,10630.123125449027,10800.0
2025-07-08,59351.31533016137,53324.53584911455,3528.5349632589423,2498.244517787876,0.0,59351.31533016137,0.0,10800.0,10800.0
2025-07-09,55761.53321717816,51495.922861474166,2562.6545255326437,1702.9558301713541,0.0,55761.53321717816,0.0,10800.0,10800.0
2025-07-10,53555.6086111756,49803.58334799588,968.7568002436859,2783.2684629360297,17.405125798284548,53573.01373697389,2.5850476456682827,10800.0,10800.0
2025-07-11,25892.941286455945,25314.772698112174,454.83457055659153,123.33401778717862,354.5700557119714,26247.511342167916,91.06096966366903,10800.0,10181.062255786343
2025-07-12,26138.929053893127,24579.253394740277,21.562083536179717,1538.1135756166686,764.8563361190453,26903.785390012174,132.48009184560198,10181.062255786343,9930.096062600325
2025-07-13,51622.226065255585,45269.431401402515,1986.567832120226,4366.22683173284,493.9999006337498,52116.22596588934,72.9605748461056,9930.096062600325,10258.441074848211
2025-07-14,50400.89089787012,45330.77316622362,102.30292490365443,4967.814806742852,1096.4602781736244,51497.35117604375,173.0061003265244,10258.441074848211,10197.480848236451
2025-07-15,54144.879471647444,47373.19691129363,1738.7542499135811,5032.928310440235,0.0,54144.879471647444,0.0,10197.480848236451,10800.0
2025-07-16,52333.185689923484,46881.85757261996,1349.8960153342807,4101.432101969243,206.7569482000988,52539.94263812358,30.651705802639526,10800.0,10769.084929253066
2025-07-17,50791.12980057409,47524.658192169045,30.297839610754572,3236.1737687942878,311.01019234637477,51102.13999292046,45.84683299470544,10769.084929253066,10207.969703950837
2025-07-18,25094.618206666335,24580.961843254136,407.51666151471096,106.13970189749072,0.0,25094.618206666335,0.0,10207.969703950837,10268.525092647738
2025-07-19,25888.14411328773,24501.099333244267,382.2400756683534,1004.8047043751098,647.2593000635445,26535.403413351276,123.71641969421437,10268.525092647738,9934.354157800744
2025-07-20,50269.444058916895,47652.358920279104,412.82120363867364,2204.2639349991114,154.87017895138644,50424.31423786828,22.20042702858177,9934.354157800744,10547.097646756747
2025-07-21,53202.277762083286,47340.7092476258,862.2272370165376,4999.341277440952,231.30769180257474,53433.58545388586,33.313804716244704,10547.097646756747,10401.3320229683
2025-07-22,53606.43472575029,46250.694947083204,844.2858080544969,6511.45397061259,946.7366034857562,54553.171329236044,140.37962582782336,10401.3320229683,10267.264490838466
2025-07-23,53258.69728380539,47529.676430121224,1590.3219446583178,4138.6989090258485,845.7102311464218,54104.40751495181,125.40130434147,10267.264490838466,10067.36923268647
2025-07-24,50824.5036985865,48547.46364159692,469.2992580486418,1807.74079894094,134.36968699666485,50958.87338558317,19.936063206508948,10067.36923268647,10384.459326626516
2025-07-25,24551.574199363637,23473.319717243194,268.28408819349306,809.9703939269494,1738.5720946859674,26290.146294049606,265.17580155528793,10384.459326626516,10018.959880913233
2025-07-26,24800.45392179176,23751.101722159157,122.75215528962835,926.6000443429737,1142.5118717834607,25942.96579357522,227.65713691945328,10018.959880913233,9953.42668044361
2025-07-27,51412.98360603197,47273.49338376511,173.3716809333349,3966.1185413335256,2534.5419723288405,53947.525578360815,491.9889482284718,9953.42668044361,10357.301916053804
2025-07-28,53666.08072658435,49056.198625130506,34.81793513212097,4575.064166321718,2038.1831673079002,55704.26389389225,416.8168646795354,10357.301916053804,10153.415798084137
2025-07-29,51980.13262760252,49150.411777045076,23.71153291007711,2806.0093176473683,966.0957527920223,52946.22838039455,141.9393846852778,10153.415798084137,10164.977641991032
2025-07-30,51999.78191872697,47479.6518840634,59.7592007978618,4460.370833865706,36.89976848448173,52036.68168721145,5.321672442955105,10164.977641991032,10208.916783046841
2025-07-31,51395.745813587295,47319.58654549981,11.562170391958713,4064.5970976955236,2280.9972897352854,53676.74310332258,341.83943721345156,10208.916783046841,9967.261429149317
2025-08-01,25192.58438867855,22780.41710487827,334.3071332333928,2077.8601505668876,811.8601502257595,26004.44453890431,117.2765748802558,9967.261429149317,10112.524771822133
2025-08-02,24038.769317698487,23248.462582868615,240.87512493638374,549.4316098934866,1093.1218609311534,25131.89117862964,175.32644633104906,10112.524771822133,10137.447062908723
2025-08-03,44042.07248207511,42439.23840056334,433.8444741820033,1168.989607329763,2492.0944236746855,46534.1669057498,400.07923843421986,10137.447062908723,9839.017654301777
2025-08-04,46990.897711186604,43066.39418538111,439.2859781555703,3485.2175476499283,404.27096474274504,47395.16867592935,59.972728622817954,9839.017654301777,10211.539044289808
2025-08-05,44953.96663367083,43331.68357869143,181.78482993720087,1440.498225042205,138.17570398331006,45092.14233765414,20.494934448151866,10211.539044289808,10019.68453986214
2025-08-06,46580.96775301531,44836.75146937978,31.57613329745232,1712.6401503380832,390.28040874719443,46971.24816176251,77.66175745146124,10019.68453986214,9781.470022685171
2025-08-07,46000.36702517353,43680.628234542215,1030.3401084713068,1289.3986821600083,863.2732473334481,46863.64027250698,125.6977032651572,9781.470022685171,9905.65063670257
2025-08-08,23162.78023835699,22592.846342301797,158.1857750144457,411.74812104074937,711.9497068722875,23874.72994522928,138.3490277599774,9905.65063670257,9918.851935929935
2025-08-09,23155.852241990662,22538.1471545207,36.29602749712742,581.4090599728353,1572.267952250057,24728.12019424072,368.50555036077435,9918.851935929935,9816.408421706694
2025-08-10,45848.36711161354,43058.16680573608,114.84780673605533,2675.3524991413983,468.5893047276316,46316.95641634117,68.35304967934178,9816.408421706694,10174.445209463325
2025-08-11,44849.544637226114,42760.251316678,175.07780084685456,1914.2155197012646,2338.5554519290654,47188.10008915518,345.91988473193976,10174.445209463325,10002.584509572383
2025-08-12,46738.76494483245,43713.757889395914,60.75177970048908,2964.255275736049,2292.536622013623,49031.30156684607,351.44876166205404,10002.584509572383,10078.096768659292
2025-08-13,45677.724494315364,43240.5484925364,1.7453751559196649,2435.4306266230437,1175.875740768518,46853.60023508388,173.29876234859398,10078.096768659292,10064.787763373617
2025-08-14,46561.584442766456,43062.38090843077,159.66361908093566,3339.5399152547498,2120.728188442549,48682.312631209,364.1535014167081,10064.787763373617,9968.738060727124
2025-08-15,23787.742239921565,22574.57772985614,227.77281511071786,985.3916949547058,951.8077926787344,24739.5500326003,213.77780726470223,9968.738060727124,9784.995965722037
2025-08-16,24222.187352598226,22564.46311403368,288.6671927501859,1369.0570458143618,2248.0264690415443,26470.213821639773,363.650823538275,9784.995965722037,10035.66528320911
2025-08-17,44431.04669289767,43253.64918493423,447.1749579717633,730.2225499916785,1071.108740689868,45502.15543358753,158.9436258199363,10035.66528320911,10105.30475546127
2025-08-18,45753.86059601552,43284.74230003393,251.68986824433856,2217.428427737252,1644.706940304252,47398.56753631977,242.239231162804,10105.30475546127,10312.366947869441
2025-08-19,44398.994770735095,43489.32342876597,69.3398432965086,840.3314986726089,1663.8614933908025,46062.8562641259,262.78548680150544,10312.366947869441,10038.192177855659
2025-08-20,48871.10119609214,44946.46301147947,106.15018275756024,3818.4880018551025,2479.5034444775074,51350.60464056965,428.0778138182746,10038.192177855659,9971.52396891565
2025-08-21,45331.525613361664,43757.35107584663,641.8059537232557,932.3685837917816,1493.7911010551938,46825.316714416855,221.35446848395495,9971.52396891565,10040.753427086067
2025-08-22,24782.618615503798,22600.439212404042,26.678202250767452,2155.5012008489853,3170.3166095679167,27952.935225071713,496.31257558240287,10040.753427086067,9903.02638187991
2025-08-23,23895.32276986419,22712.893064383334,28.394409325569743,1154.0352961552837,751.254637037708,24646.5774069019,153.85794658584018,9903.02638187991,9953.98116958295
2025-08-24,46340.40935096156,43072.14064972401,601.4142196501834,2666.854481587369,83.63129674228158,46424.04064770384,12.417001800971207,9953.98116958295,10040.93549606846
2025-08-25,50518.96831958163,46523.01743313774,1369.573264758932,2626.377621684961,338.6104944278684,50857.5788140095,50.21423893455653,10040.93549606846,10161.1629501529
2025-08-26,45533.178502685274,44994.670369891355,262.58168888495567,275.92644390895987,306.9310320292001,45840.10953471447,44.69827815291478,10161.1629501529,10275.038098036404
2025-08-27,48759.70197898653,45018.16704997771,544.1367675142728,3197.398161494544,856.6980130990087,49616.39999208554,125.86754148638374,10275.038098036404,9965.9582064003
2025-08-28,49627.25949340379,45108.19143384836,16.453475772253928,4502.61458378318,987.9425678326734,50615.202061236465,146.53649604277962,9965.9582064003,10050.8511798373
2025-08-29,24980.12242802807,23435.2671133069,464.97543211962085,1079.879882601548,1073.6410064498289,26053.7634344779,201.63822196775766,10050.8511798373,10040.126466810729
2025-08-30,24282.636663114223,23319.967971510312,158.8755183083053,803.7931732956067,928.9660921588611,25211.602755273085,143.95544932113634,10040.126466810729,9807.796937086327
2025-08-31,47106.41900737032,44322.05596584033,39.96467626254525,2744.3983652674474,687.7146531514277,47794.13366052175,100.71728759445921,9807.796937086327,10321.277960956093
2025-09-01,46579.3983832655,40450.34021564724,3096.394269366243,3032.663898252015,0.0,46579.3983832655,0.0,10321.277960956093,10800.0
2025-09-02,40049.2963653305,38723.21780760762,212.21209029750005,1113.8664674253744,1199.7974674769216,41249.09383280742,234.00818713523591,10800.0,10800.0
2025-09-03,40553.77204333514,38099.688382427215,165.1344317922752,2288.949229115649,0.0,40553.77204333514,0.0,10800.0,10800.0
2025-09-04,39104.344320888384,37126.94345587061,219.03242025458957,1758.3684447631833,7952.252319388952,47056.596640277334,1412.2147654223327,10800.0,10800.0
2025-09-05,20087.676663509657,18663.758240681855,712.1167422111383,711.8016806166632,0.0,20087.676663509657,0.0,10800.0,10800.0
2025-09-06,20288.347233384862,18607.09650283524,497.6097673328398,1183.6409632167808,1752.4674371178075,22040.81467050267,426.8743127354775,10800.0,10800.0
2025-09-07,39867.479852687786,34678.40689081762,12.602822193982353,5176.47013967618,7205.291328695328,47072.77118138311,1319.4190306491473,10800.0,10787.343811033244
2025-09-08,44908.17014574076,30388.46456066269,12.609802940154868,14507.095782137914,8690.60340042421,53598.77354616497,1552.7829446051583,10787.343811033244,9753.356091333677
2025-09-09,38946.86746833354,32687.31611256727,2.6107581113515805,6256.9405976549215,8405.286376602864,47352.1538449364,1411.87629341894,9753.356091333677,9825.99351402547
2025-09-10,42393.056842508166,35636.07063091826,42.309483726210594,6714.676727863699,8286.173273123415,50679.23011563158,1594.6459220375377,9825.99351402547,9997.902853093065
2025-09-11,37385.30005072021,35939.391929231075,572.6345531553833,873.2735683337505,2510.664128820614,39895.964179540824,491.41225031049674,9997.902853093065,10024.93696243882
2025-09-12,19258.126228958623,17998.69303229597,247.64019673604002,1011.792999926614,666.2067355529421,19924.332964511566,179.06231857616876,10024.93696243882,10461.59652903058
2025-09-13,19885.48114298056,18197.016704425216,458.6109778600387,1229.8534606953042,0.0,19885.48114298056,0.0,10461.59652903058,10700.368790490647
2025-09-14,42348.19477310896,37740.74738499928,632.4041871222878,3975.0432009873884,0.0,42348.19477310896,0.0,10700.368790490647,10002.990553033853
2025-09-15,37679.89646968111,34863.40117272903,0.0,2816.4952969520828,8510.341853859743,46190.23832354085,1436.59784629813,10002.990553033853,9939.935095161949
2025-09-16,40981.10496346368,38267.43707001529,658.7703786786608,2054.8975147697333,1241.605988429839,42222.71095189352,233.43775514768592,9939.935095161949,9854.191892512748
2025-09-17,40460.683541258375,38943.64988933401,179.36275420821926,1337.6708977161436,854.2164203704176,41314.89996162879,135.3959933599159,9854.191892512748,9791.487858543655
2025-09-18,42279.568904543165,36990.63904035126,346.98679607783157,4941.943068114076,2918.8108994965396,45198.3798040397,522.3310613310749,9791.487858543655,9976.136475984564
2025-09-19,18863.7174484643,17290.614624957772,110.03855304104951,1463.0642704654772,328.4682734210776,19192.185721885377,63.550170055217635,9976.136475984564,9968.626207368032
2025-09-20,18447.717081747258,17221.76353515455,90.97587128489367,1134.9776753078156,2859.722811512853,21307.43989326011,523.9159368326518,9968.626207368032,10167.8148102762
2025-09-21,40678.988096209854,38980.528603352854,753.5338909775907,944.9256018794093,1913.4019112534334,42592.390007463284,315.21858955108354,10167.8148102762,10028.456630601204
2025-09-22,41191.43348553907,39674.91894855737,545.2943677224596,971.2201692592323,1441.2370003328328,42632.6704858719,273.31366409553084,10028.456630601204,9971.927322657668
2025-09-23,42381.783078321874,40917.421533703324,421.51992146615385,1042.8416231523918,2595.30735215308,44977.09043047496,486.1003622686226,9971.927322657668,10075.863491281232
2025-09-24,41532.55932662855,39143.13060793509,9.885213068007367,2379.5435056254496,1075.7496378602023,42608.30896448875,154.2072301978501,10075.863491281232,10142.105067013277
2025-09-25,42827.04216030337,39792.71112588861,477.8983567464491,2556.4326776683183,625.9176860957018,43452.95984639907,128.65102763188096,10142.105067013277,9873.671605096977
2025-09-26,18074.46713420669,17628.828477447598,334.16691699577154,111.4717397633205,797.851637677,18872.31877188369,144.57395275594982,9873.671605096977,9937.761788935768
2025-09-27,19145.320946963217,17759.038529230675,2.3862042482803334,1383.8962134842611,3611.526990198814,22756.84793716203,631.871644924483,9937.761788935768,9830.728152371532
2025-09-28,45648.982399235254,40164.62943543963,571.427504323138,4912.925459472482,39.56136916666671,45688.54376840192,5.868333333333339,9830.728152371532,10116.311467113006
2025-09-29,43463.37110903574,40202.62294159176,1046.112094367798,2214.6360730761817,3834.152918786485,47297.524027822226,686.3160852982589,10116.311467113006,9951.299934550128
2025-09-30,45415.00318140814,42661.371825454444,50.10812257906637,2703.5232333746267,1212.1715091188328,46627.17469052697,237.90795184050575,9951.299934550128,10194.180855032979
2025-10-01,39450.45724385358,37968.18673014509,1477.3773684866362,4.8931452218548035,0.0,39450.45724385358,0.0,10194.180855032979,10800.0
2025-10-02,39205.72357919025,37667.796281352275,1275.64159108105,262.2857067569254,0.0,39205.72357919025,0.0,10800.0,10800.0
2025-10-03,17262.386583506886,16329.837106633473,48.268246905818884,884.2812299675956,331.7311652805752,17594.117748787463,79.74818539353063,10800.0,10800.0
2025-10-04,17816.209164367658,16951.723964040084,83.25954123009762,781.2256590974773,1512.8643885183042,19329.073552885962,386.4522458038739,10800.0,10800.0
2025-10-05,38597.042652864744,36648.69510682988,806.3788265466684,1141.968719488193,513.5266447952363,39110.56929765998,101.65403816992978,10800.0,10800.0
2025-10-06,40787.94933205614,35774.496935440955,6.138136675668262,5007.314259939514,889.0619609503266,41677.011293006464,178.13351933090107,10800.0,10738.903367324734
2025-10-07,40687.3265120057,36421.424298868515,2.637408293998246,4263.264804843185,917.2638798604345,41604.59039186613,186.79624778816793,10738.903367324734,10800.0
2025-10-08,37812.34474129086,33362.133031164245,9.42509344841932,4440.786616678187,6586.801880865026,44399.14662215588,1130.2741114845562,10800.0,9919.809051802491
2025-10-09,38315.36989424965,34619.85772286846,928.6228527311006,2766.889318650088,6037.73245763351,44353.10235188316,1044.14592418281,9919.809051802491,10001.691098829548
2025-10-10,17330.585455638782,15324.532810811723,91.13018497791964,1914.922459849141,898.4550393022464,18229.04049494103,222.37207411552077,10001.691098829548,10042.956705970115
2025-10-11,16887.629650922256,16053.072207495163,77.35133578978667,757.2061076373052,436.983299390961,17324.612950313218,71.71594410234435,10042.956705970115,10102.42312915016
2025-10-12,39858.756057395905,36934.95966380737,141.74120056105176,2782.0551930274837,1529.069024054589,41387.82508145049,226.06657558121975,10102.42312915016,10009.146614411286
2025-10-13,41141.0682951044,36552.04908988447,1099.2308087478727,3489.7883964720536,389.90329235333274,41530.97158745773,79.32204517301606,10009.146614411286,10229.286133879335
2025-10-14,43043.33792094526,37452.96325515174,1109.5285756106603,4480.846090182861,2342.0962003020572,45385.434121247315,472.67912738781064,10229.286133879335,10099.101889532463
2025-10-15,42149.14984556697,38167.525887574266,923.3789041778699,3058.245053814833,2709.7829356406883,44858.93278120766,473.8398833539484,10099.101889532463,9991.809533462076
2025-10-16,42462.918598690805,39631.75694064859,66.51542663106964,2764.646231411139,2884.5214088085736,45347.440007499375,463.2750957135295,9991.809533462076,10062.476040907737
2025-10-17,16607.917692519426,16168.752596087104,90.81265214638181,348.3524442859414,1371.935895854678,17979.853588374102,287.61310021994495,10062.476040907737,9963.97953921524
2025-10-18,17208.918718197783,16311.033740063338,166.21726731024717,731.6677108241959,0.0,17208.918718197783,0.0,9963.97953921524,10015.365391282883
2025-10-19,42977.37298788749,40343.1587638222,150.05327281164006,2484.160951253656,4550.306543299337,47527.679531186826,766.9078073238743,10015.365391282883,10024.419602815708
2025-10-20,42713.94479651524,41411.221999716494,629.4020135882289,673.3207832105213,4511.352623932795,47225.29742044804,819.2268261312283,10024.419602815708,9921.975550089548
2025-10-21,43532.092306922386,41922.00330094916,13.35434144990283,1596.7346645233233,2760.4150154806657,46292.50732240305,494.372678945548,9921.975550089548,9911.538752268865
2025-10-22,43674.45508581332,40849.96374411746,527.6889330674311,2296.8024086284377,5358.449955805985,49032.905041619306,919.3550781804619,9911.538752268865,9886.295905267158
2025-10-23,45080.412849562155,40166.2466151799,2562.3942833334654,2351.77195104879,2037.0857500864884,47117.49859964864,354.76165618606115,9886.295905267158,9878.99812326257
2025-10-24,17512.245280744042,16709.74575560464,49.75942230437294,752.7401028350288,2915.3925675173446,20427.637848261387,524.0616288217096,9878.99812326257,9970.357381717664
2025-10-25,17058.323288787502,16278.651390014682,19.606903454204414,760.0649953186133,2772.48040437699,19830.803693164493,542.3764963063993,9970.357381717664,9939.746611785136
2025-10-26,44538.683916782604,40677.04887275941,1429.0248926398733,2432.6101513833187,1370.1677062141034,45908.851622996706,254.34078804772912,9939.746611785136,10026.136181716241
2025-10-27,43771.87083055817,41019.814468236735,371.1204876940743,2380.935874627356,2397.0856993424013,46168.95652990057,379.9641057376329,10026.136181716241,9896.48236820911
2025-10-28,44351.42413255975,42629.9107297755,31.255744766142797,1690.2576580180962,790.493900268761,45141.91803282851,124.92080877230876,9896.48236820911,9994.507625447644
2025-10-29,46598.06819352801,44180.210322897714,47.300640646023645,2370.5572299842665,1871.7968239681163,48469.86501749612,323.88578513308164,9994.507625447644,9982.895248194081
2025-10-30,43888.82685875756,41667.038498599686,601.6903925921737,1620.097967565703,2190.168834465773,46078.99569322333,438.60718016320345,9982.895248194081,9958.694135205953
2025-10-31,18076.792170936416,17673.771539775295,95.50232550964473,307.51830565147543,551.3429608310308,18628.13513176745,105.5546117258541,9958.694135205953,9983.631627263974
2025-11-01,18087.015661949128,17550.007658803497,72.50548942860374,464.5025137170257,41.35743875975106,18128.37310070888,7.079934735898496,9983.631627263974,10220.493871601282
2025-11-02,46590.50729432361,43893.040925557194,225.42302854643899,2472.043340219978,2919.267673611301,49509.77496793491,443.1220421090296,10220.493871601282,10035.254443851536
2025-11-03,46067.263214928826,45173.02812844695,446.70903836225295,447.52604811962,1652.1362445637556,47719.39945949258,337.88594209191257,10035.254443851536,10047.613485765356
2025-11-04,45402.996027593144,43321.934325989045,509.51126989721917,1571.5504317068742,3670.104058017756,49073.1000856109,569.9783309274247,10047.613485765356,9986.936052643012
2025-11-05,47108.48682656394,44536.807009125434,861.5844413285608,1710.0953761099447,2525.3589038211826,49633.84573038512,522.9304396337775,9986.936052643012,9963.72686080089
2025-11-06,47677.30663746383,44902.86163237936,1.691600537395513,2772.7534045470757,4950.258652486288,52627.565289950115,959.7967353641251,9963.72686080089,9946.100962784627
2025-11-07,18487.170796219,18192.280552325145,43.19197708418045,251.6982668096769,613.7553785733251,19100.926174792326,112.79286502646802,9946.100962784627,10137.348278449632
2025-11-08,18247.390881395255,17951.64995076117,74.4445070988711,221.29642353521547,153.25438807196798,18400.645269467223,31.051441205950354,10137.348278449632,10034.943622045368
2025-11-09,48833.12509565166,45603.54615543799,354.30411876366395,2875.274821450009,691.7947517656446,49524.9198474173,135.77833809678862,10034.943622045368,9969.945470747629
2025-11-10,49942.21619303082,46718.834912192026,33.70880785079029,3189.6724729880057,2501.294724572742,52443.51091760356,409.27778674485194,9969.945470747629,10072.590220442878
2025-11-11,47906.431998635126,46539.65572364393,571.4926122360883,795.2836627551053,2546.0820349832793,50452.514033618405,525.1726900615723,10072.590220442878,9871.769507732195
2025-11-12,49268.24860733474,45804.12726420012,544.9748968674495,2919.1464462671756,1554.8911863111437,50823.13979364588,237.85238604329646,9871.769507732195,9964.388879630047
2025-11-13,49346.11988386428,46302.300901506445,22.638016354107563,3021.1809660037256,1671.0838455508806,51017.20372941516,240.20814047461016,9964.388879630047,10065.82254042333
2025-11-14,18955.989205331894,18026.12316715861,34.55886482996985,895.307173343314,915.084129305138,19871.073334637033,165.0453172993666,10065.82254042333,10033.936155461735
2025-11-15,18730.169345507275,17933.611131362926,63.83129175386778,732.7269223904797,1652.1908957632431,20382.36024127052,318.6173675045774,10033.936155461735,10023.1269327727
2025-11-16,51009.35165249772,47720.05601976779,56.999818900028856,3232.295813829902,136.7962613378717,51146.147913835586,22.377925950903272,10023.1269327727,9936.688377917091
2025-11-17,50640.170329500404,47353.779652575635,259.1733917909879,3027.21728513378,0.0,50640.170329500404,0.0,9936.688377917091,9970.074649847142
2025-11-18,51157.06543495302,47139.7270095314,193.1178384795795,3824.2205869420395,1271.5756438388416,52428.641078791865,272.4826694853608,9970.074649847142,9931.800801275442
2025-11-19,52974.76144399965,46890.81023295847,450.46938734047944,5633.481823700693,1774.1164916636794,54748.877935663324,301.8689934133869,9931.800801275442,9911.486909388652
2025-11-20,50585.494934047645,48199.70907391141,18.54102757564046,2367.244832560593,1219.120490567197,51804.61542461484,215.5766228359696,9911.486909388652,9971.505363525243
2025-11-21,19922.99295783416,18429.439174775023,41.27749526179418,1452.2762877973446,0.0,19922.99295783416,0.0,9971.505363525243,10120.977135744746
2025-11-22,19360.179239941204,18539.975500904784,38.320365763528386,781.8833732728933,786.8634665740681,20147.042706515273,145.96183587930813,10120.977135744746,9983.683154807226
2025-11-23,51471.587548413394,48424.26764784656,336.4416982957121,2710.8782022711266,1186.3403647852713,52657.92791319866,209.19841753278,9983.683154807226,10053.289588653506
2025-11-24,49694.65153674437,48040.755515993114,60.04796622977808,1593.84805452148,1974.0189236804754,51668.670460424844,311.7712892013293,10053.289588653506,9849.263553266159
2025-11-25,51139.26692206237,50554.8521477755,494.1151260739872,90.29964821288804,781.5472101404921,51920.81413220287,133.61220849795046,9849.263553266159,9970.783558377809
2025-11-26,52222.35525412663,50151.43275975976,42.15954151898441,2028.762952847885,154.53999266666654,52376.8952467933,32.99316666666664,9970.783558377809,10048.803497488683
2025-11-27,52140.41908757708,49286.31752468524,233.61101697859277,2620.490545913247,392.2554544238619,52532.67454200094,56.22927959057654,10048.803497488683,10066.927724063913
2025-11-28,19633.832635484512,18784.891885641362,41.93682385227634,807.0039259908718,1348.849121254059,20982.68175673857,221.37727875932237,10066.927724063913,10078.450794578272
2025-11-29,20915.651045877312,19567.693949738426,139.9309904062725,1208.026105732612,243.20681672970792,21158.85786260702,49.27703712485218,10078.450794578272,9832.088500652166
2025-11-30,54747.17615216986,51701.00488004365,27.287384780345636,3018.883887345868,579.0867762426246,55326.262928412485,85.00326694991759,9832.088500652166,9939.214250643146
2025-12-01,62109.63643806343,52658.3323656185,305.8048884966999,9145.499183948235,9862.209572632324,71971.84601069576,2024.905472737874,9939.214250643146,10641.910221824517
2025-12-02,63474.78387136644,54822.16305745971,292.36830953723234,8360.252504369502,6333.795303130546,69808.57917449699,1280.9256212968548,10641.910221824517,10343.96226277904
2025-12-03,62791.97337428025,56911.13381690302,98.4268776096595,5782.412679767571,18.02883689616754,62810.00221117642,3.0863368819939296,10343.96226277904,10800.0
2025-12-04,61703.330840037386,58346.7316661621,511.9370970740412,2844.6620768012435,3189.749053667038,64893.079893704424,644.9818105753005,10800.0,10800.0
2025-12-05,25523.6476769326,22901.83617469795,115.17510987546422,2506.636392359184,3114.256996169128,28637.90467310173,611.5902801251124,10800.0,10614.703192073648
2025-12-06,26868.498892485866,23816.047941234272,29.9769744127497,3022.473976838846,1044.0748510379356,27912.5737435238,216.98120714330489,10614.703192073648,10658.44369135211
2025-12-07,62571.84849342674,59876.578267211094,1101.0009745667596,1594.2692516488817,605.772873587054,63177.621367013795,120.07179966280039,10658.44369135211,10751.585469720185
2025-12-08,63896.6223206509,62005.937094813315,1505.24768779807,385.4375380395122,145.6469531881552,64042.269273839054,24.938330417135717,10751.585469720185,10613.825319347083
2025-12-09,62722.28445071013,60113.77946071171,1756.546167752289,851.9588222461334,1452.3555942731707,64174.6400449833,268.5639741680771,10613.825319347083,10501.836739485892
2025-12-10,60812.466479849856,59319.27210074864,163.84568430188253,1329.3486947993342,1551.868183865033,62364.334663714886,332.20622235340466,10501.836739485892,10274.58362770535
2025-12-11,60069.376937913614,57834.632937240225,1207.3983031227965,1027.3456975505926,1780.9792704646648,61850.35620837828,354.3041642651433,10274.58362770535,10220.954949364288
2025-12-12,26139.36030105804,23982.33375046826,180.53277304452791,1976.4937775452545,0.0,26139.36030105804,0.0,10220.954949364288,9957.874196610746
2025-12-13,25655.78143400044,24293.69202418838,83.26786740872674,1278.8215424033335,617.0517102235854,26272.833144224027,129.62059499621034,9957.874196610746,10024.067762864403
2025-12-14,60174.761815434416,57234.8844841626,14.640699194311507,2925.2366320775063,5717.240135191067,65892.00195062548,1188.6873980988028,10024.067762864403,10190.319526205189
2025-12-15,61658.36249128472,58609.884778743464,130.66997065757425,2917.8077418836847,1931.2224385274478,63589.58492981217,365.48274143318906,10190.319526205189,10009.001124343746
2025-12-16,61713.574519106296,59040.64677040225,516.9273591586995,2156.0003895453465,1171.8135512488548,62885.38807035515,244.44792071530455,10009.001124343746,9877.261897821842
2025-12-17,60201.95752198418,57807.56135991574,564.461646895267,1829.9345151731777,2648.9315926286627,62850.889114612844,440.8453943403872,9877.261897821842,10001.791421319027
2025-12-18,60472.400781728946,57241.145076080466,194.22588767118538,3037.029817977297,922.8962949934689,61395.29707672242,164.35830847430816,10001.791421319027,9916.393334203429
2025-12-19,25909.03004590592,22948.592527036588,319.72315027986014,2640.714368589472,2238.6399276626535,28147.669973568576,355.1380834565335,9916.393334203429,9819.769299494812
2025-12-20,24718.780354602644,23938.48291631888,143.31114651053682,636.9862917732283,1166.3723364588564,25885.1526910615,212.93601990731887,9819.769299494812,9815.380375552337
2025-12-21,61102.55990314365,58133.603032975036,337.5561899414214,2631.400680227188,4301.296180748695,65403.856083892344,820.4427216952762,9815.380375552337,10039.276340668488
2025-12-22,60597.7363896646,58368.45137508055,18.068196287429025,2211.2168182966193,2790.3746034897345,63388.11099315433,458.0796026910997,10039.276340668488,9981.906421240874
2025-12-23,60677.906196423595,57425.22787593233,752.247252618677,2500.43106787259,1112.3133649028905,61790.219561326485,197.00543171872414,9981.906421240874,9905.197105634938
2025-12-24,60267.82812216741,57798.785017592716,85.04767321551276,2383.9954313591807,2583.88542741114,62851.71354957855,386.2378784942265,9905.197105634938,9945.023311866958
2025-12-25,59582.73721195309,56609.55051791269,35.529755158381484,2937.656938882021,4956.051541694419,64538.78875364751,899.2697616751234,9945.023311866958,9966.899237604153
2025-12-26,25900.22673729316,23276.040237727822,0.0,2624.1864995653386,0.0,25900.22673729316,0.0,9966.899237604153,9995.888160129043
2025-12-27,25256.603079400473,23421.537008873507,37.67086086151285,1797.395209665455,950.0364830421847,26206.63956244266,155.41247882253964,9995.888160129043,9939.96891012862
2025-12-28,59253.224819962634,57813.68776747828,343.3313027730512,1096.2057497113017,1327.1236884546233,60580.34850841726,249.71402810911866,9939.96891012862,10033.370574821522
2025-12-29,59369.734004315265,57632.409890744326,51.28015911919232,1686.0439544517467,1538.649263798586,60908.38326811385,263.0376925606075,10033.370574821522,9873.60347642003
2025-12-30,58545.46225405622,56453.28010016801,388.5740695076603,1703.6080843805432,4269.779638866896,62815.24189292311,805.5158883227116,9873.60347642003,9957.463385503266
2025-12-31,74904.9030737502,57140.86430084355,30.515088569787373,17733.523684336866,16094.371787351054,90999.27486110126,3083.22155288164,9957.463385503266,6000.0
