date,model,base_cost_yuan,breach_cost_yuan,overbuy_cost_yuan,grid_cost_yuan,two_way_grid_cost_yuan,reversal_gap_yuan,adjusted_kwh,emergency_kwh,emergency_cost_yuan,total_cost_yuan,planned_purchase_kwh,final_commitment_kwh,unused_plan_kwh,curtailed_pv_kwh,charge_kwh,discharge_kwh,start_soc_kwh,end_soc_kwh,emergency_slots
2025-02-01,M9,22077.58605360762,0.0,0.0,22077.58605360762,22077.58605360762,0.0,0.0,0.0,0.0,22077.58605360762,42267.20400762825,42267.20400762825,1520.9277506359435,2720.711608348176,19196.7827121621,15549.3939968513,10800.0,10800.0,0
2025-02-02,M9,56153.89453693873,0.0,0.0,56153.89453693873,56153.89453693873,0.0,0.0,0.0,0.0,56153.89453693873,88790.69909236512,88790.69909236512,6248.266170360452,59.174066666666704,21720.952133357947,17593.97122801994,10800.0,10800.0,0
2025-02-03,M9,55647.91655725968,0.0,61.54296795710837,55709.45952521679,55709.45952521679,0.0,60.24976413323907,0.0,0.0,55709.45952521679,88475.83931103765,88536.0890751709,4034.181842606664,0.0,22726.538121881917,18441.547389317697,10800.0,10763.27609934074,0
2025-02-04,M9,55299.131208144645,0.0,90.5537330992694,55389.68494124391,55389.68494124391,0.0,46.86682353816701,0.0,0.0,55389.68494124391,88170.69707392568,88217.56389746384,2432.67842640119,0.0,24307.688477963784,19717.666956901114,10763.27609934074,10731.676888506912,0
2025-02-05,M9,51830.16455127683,0.0,1973.4556592627914,53803.620210539615,53803.620210539615,0.0,1512.072896790349,997.1104670282584,5609.921136715139,59413.54134725475,83586.84201039036,85098.9149071807,795.4274168284912,0.0,24297.610037305847,19745.439063258702,10731.676888506912,10660.149185128064,8
2025-02-06,M9,53688.080493027825,0.0,475.27455656697504,54163.35504959479,54163.35504959479,0.0,603.4375126247527,108.54509221675237,570.744916082288,54734.09996567708,85458.0774630535,86061.51497567825,1483.302279441361,0.0,23931.42369171229,19515.723119925307,10660.149185128064,10514.293707752118,5
2025-02-07,M9,19568.779768835488,0.0,220.4801951342056,19789.259963969693,19789.259963969693,0.0,143.32109640927695,200.0484788616834,1021.516686158592,20810.776650128286,38089.6118329003,38232.93292930957,189.8426281811079,2971.4331262869555,19936.635394884685,16470.60940784815,10514.293707752118,10156.588443317054,6
2025-02-08,M9,17494.325456204988,0.0,2645.267113053156,20139.59256925815,20139.59256925815,0.0,2240.0512977684048,323.8895976966757,1979.9371107197785,22119.52967997793,34574.27160994703,36814.322907715425,59.95924770087038,1199.1951601615278,20973.63872109691,16671.743340213867,10156.588443317054,10508.704025399984,1
2025-02-09,M9,49559.28701069584,0.0,4820.964204927083,54380.25121562294,54380.25121562294,0.0,4320.949225807953,400.3409967611491,1859.9748274294034,56240.226043052346,79473.74084146752,83794.69006727546,237.69050435132453,0.0,23866.045675312656,19464.121082294034,10508.704025399984,10361.34393063246,9
2025-02-10,M9,51400.39577662083,0.0,984.0026997535706,52384.39847637439,52384.39847637439,0.0,779.4209952385679,7.43090434610383,34.80635595715034,52419.20483233154,81421.92570953167,82201.34670477023,3274.407645672114,328.1247000000001,21173.929935680506,16894.32225556962,10361.34393063246,10646.411699889788,1
2025-02-11,M9,50299.591715482,0.0,989.0065972025359,51288.59831268453,51288.59831268453,0.0,644.5990267828174,271.640650438223,1301.008985792031,52589.60729847656,80096.06457016748,80740.66359695031,1456.3083199253424,0.0,22937.857168285234,18602.45837415538,10646.411699889788,10621.084957840523,4
2025-02-12,M9,51074.95997630703,0.0,613.5767202279941,51688.53669653502,51688.53669653502,0.0,424.5062674985375,10.432783395604702,48.86715742501242,51737.40385396003,81165.91248909617,81590.4187565947,2158.728556434027,163.38428333333331,21836.88506848879,17824.882501599164,10621.084957840523,10468.856517703583,1
2025-02-13,M9,50984.20486814943,0.0,1076.2492837693653,52060.45415191879,52060.45415191879,0.0,562.1356386289182,0.0,0.0,52060.45415191879,81284.55029838579,81846.6859370147,6000.902672372253,401.75736666666694,20086.9355118019,15972.388630492773,10468.856517703583,10800.0,0
2025-02-14,M9,18945.14740736814,0.0,1567.7353021124713,20512.882709480604,20512.882709480604,0.0,1062.2769797486694,0.0,0.0,20512.882709480604,36086.071067678175,37148.34804742684,424.85557481820416,3231.04783279171,19424.435911317163,15733.793088166896,10800.0,10800.0,0
2025-02-15,M9,18671.46632174891,0.0,2128.257681714887,20799.724003463798,20799.724003463798,0.0,1498.5555306064946,0.0,0.0,20799.724003463798,35608.96838321406,37107.52391382055,116.29950544308872,4033.903830319601,19353.83935819928,15676.609880141415,10800.0,10800.0,0
2025-02-16,M9,50869.94944201183,0.0,1617.4727551687458,52487.42219718057,52487.42219718057,0.0,895.2452792101693,47.17144106304613,216.4962369238396,52703.91843410441,81409.34870079052,82304.59398000069,2815.980703351919,30.539166666666688,21725.612900237695,17597.74644919254,10800.0,10800.0,2
2025-02-17,M9,50460.178569527554,0.0,1311.3458103038008,51771.52437983135,51771.52437983135,0.0,662.2523203658957,16.694513422821956,78.19710087249804,51849.721480703854,81180.72563324476,81842.97795361065,6117.1837659459525,882.1082833333332,19350.090795197513,15673.573544109984,10800.0,10800.0,1
2025-02-18,M9,47717.99061497161,0.0,2861.125403928838,50579.116018900444,50579.116018900444,0.0,1811.2155062703232,41.07420374070068,187.79077365477534,50766.90679255522,76705.01456746753,78516.23007373785,2387.738152799866,241.45472736625413,20193.282178837315,16356.55856485822,10800.0,10800.0,2
2025-02-19,M9,47262.07800861418,0.0,3159.521942807137,50421.5999514213,50421.5999514213,0.0,2216.579350408805,86.2143278976099,382.16564902758256,50803.76560044889,76210.55292844962,78427.13227885844,1310.8027275406398,0.0,22753.771030958254,18430.554535076182,10800.0,10800.0,2
2025-02-20,M9,48394.698069960934,0.0,1141.5672139553988,49536.26528391633,49536.26528391633,0.0,593.4169681657829,48.93628684981297,229.21756760452396,49765.48285152085,77819.09381797971,78412.51078614549,3108.5893935357512,391.814483333333,20883.734014699432,16915.824551906546,10800.0,10800.0,1
2025-02-21,M9,18549.84534247399,0.0,1986.6612521926427,20536.506594666633,20536.506594666633,0.0,1354.829049163259,0.0,0.0,20536.506594666633,35498.67159810696,36853.50064727022,1027.3415577804226,6705.071269087332,18741.188352995458,15180.362565926322,10800.0,10800.0,0
2025-02-22,M9,18552.68457047859,0.0,2105.398739694551,20658.08331017314,20658.08331017314,0.0,1439.0194484286103,0.0,0.0,20658.08331017314,35455.033418026534,36894.052866455146,959.38922319209,4507.743536098409,18853.459072796388,15271.301848965071,10800.0,10800.0,0
2025-02-23,M9,48106.19288103393,0.0,2148.332523094641,50254.525404128566,50254.525404128566,0.0,1308.3137694592865,22.13503095425881,103.68048498974827,50358.20588911831,77670.18678355057,78978.50055300986,3089.1481261853774,417.62383333333355,20852.68390058986,16890.673959477786,10800.0,10800.0,1
2025-02-24,M9,46542.792862375885,0.0,1469.527428921746,48012.320291297634,48012.320291297634,0.0,832.7792512157209,68.02218512260299,310.6268213642724,48322.9471126619,75156.39466636753,75989.17391758325,2998.9424194499043,995.1054368543206,20316.392788078792,16456.278158343823,10800.0,10800.0,2
2025-02-25,M9,46344.19247785319,0.0,1362.329816157886,47706.52229401108,47706.52229401108,0.0,731.7301576573697,65.42801478012564,290.36124155884823,47996.883535569934,75113.81648592252,75845.54664357987,4956.203706371636,1318.4479603360119,20078.946096415944,16263.946338096915,10800.0,10800.0,3
2025-02-26,M9,43810.26135879693,0.0,3224.6432544463228,47034.90461324326,47034.90461324326,0.0,2634.642916950351,6.478115872737931,30.343494747904465,47065.24810799117,71001.41150938625,73636.0544263366,687.5213951813539,0.0,21790.332177340344,17650.16906364569,10800.0,10800.0,1
2025-02-27,M9,43821.005216215766,0.0,1908.5637899082394,45729.56900612401,45729.56900612401,0.0,1237.4807479598758,522.2932009857632,2530.6514191723086,48260.22042529632,71092.5169830504,72329.99773101027,1690.9808157171392,0.0,22130.136401467884,17925.41048518899,10800.0,10800.0,8
2025-02-28,M9,17781.900284912335,0.0,2110.419006948046,19892.319291860378,19892.319291860378,0.0,1472.2590462979847,0.0,0.0,19892.319291860378,34288.9887360486,35761.24778234658,998.4282350202661,7825.681534754064,19181.81296090659,15537.26849833434,10800.0,10800.0,0
2025-03-01,M9,17916.0451244722,0.0,722.9607322500676,18639.005856722266,18639.005856722266,0.0,394.22036765912407,0.0,0.0,18639.005856722266,34506.51942712387,34900.739794783,813.9194565667154,6773.473137673253,19234.638248472078,15580.056981262378,10800.0,10800.0,0
2025-03-02,M9,45240.788885670016,0.0,5535.566276740282,50776.3551624103,50776.3551624103,0.0,3221.1127887887765,185.61554436781404,881.2293779281017,51657.5845403384,73889.8174535384,77110.93024232719,1307.9491515780255,0.0,20973.39317407737,17343.103605627053,10800.0,10405.938739306235,6
2025-03-03,M9,47254.70697995712,0.0,1747.6455224273145,49002.352502384434,49002.352502384434,0.0,1135.2006515138728,165.16981476552397,773.3552049990697,49775.7077073835,76853.59825346153,77988.79890497541,1604.829125569752,184.4892666666666,23405.034142159617,19057.53044798844,10405.938739306235,10295.435636151617,6
2025-03-04,M9,46133.387814816226,0.0,2638.59606343543,48771.983878251645,48771.983878251645,0.0,1633.0032679670962,0.6247333333334382,2.9262509333338245,48774.91012918498,74912.25419561355,76545.25746358065,2243.8669857510213,670.0634281403711,20938.873274872152,16506.379425182895,10295.435636151617,10800.0,1
2025-03-05,M9,45177.119745654265,0.0,1913.602607682902,47090.722353337165,47090.722353337165,0.0,1093.5739975578094,6.618300000000204,30.558060533334277,47121.280413870496,73683.30195015048,74776.87594770828,4236.37159074288,625.9976666666664,19950.80512437937,16160.152150747297,10800.0,10800.0,2
2025-03-06,M9,42404.237460255245,0.0,3337.452776329436,45741.69023658467,45741.69023658467,0.0,2220.411582224847,0.0,0.0,45741.69023658467,69215.61205469196,71436.02363691681,1411.1033446468236,803.271483333333,20173.296365237686,16892.301689634365,10800.0,10186.742629120181,0
2025-03-07,M9,17098.589996821534,0.0,1037.297328896023,18135.887325717555,18135.887325717555,0.0,607.499138285752,0.0,0.0,18135.887325717555,33207.99301308728,33815.49215137303,371.2662414652996,8347.277673968827,19067.005625335456,14892.342922729888,10186.742629120181,10800.0,0
2025-03-08,M9,15796.634856988838,0.0,3718.3098547360482,19514.94471172489,19514.94471172489,0.0,2656.969987766087,0.0,0.0,19514.94471172489,30693.332164230764,33350.302151996846,601.8857100863955,10075.314105903917,18999.8043123151,15389.841492975233,10800.0,10800.0,0
2025-03-09,M9,42017.793257569545,0.0,3298.749616355684,45316.54287392523,45316.54287392523,0.0,2298.3355323144233,0.0,0.0,45316.54287392523,69008.91591700864,71307.25144932306,2606.4423310303036,1407.4223857196887,20841.377276700347,16881.515594127282,10800.0,10800.0,0
2025-03-10,M9,40868.20575705234,0.0,5886.746427445287,46754.95218449762,46754.95218449762,0.0,4582.442460121934,0.0,0.0,46754.95218449762,67093.60925173476,71676.0517118567,82.21235177833569,0.0,20633.490391650714,17081.722481572353,10800.0,10390.449706294145,0
2025-03-11,M9,40949.0649455845,0.0,3359.9757777023497,44309.04072328684,44309.04072328684,0.0,2709.0099082659563,0.0,0.0,44309.04072328684,66910.05109943949,69619.06100770543,846.3352958599374,658.5661305677266,20532.554768435766,16357.313987157984,10390.449706294145,10694.955678821909,0
2025-03-12,M9,42215.58176903765,0.0,1998.423679288958,44214.00544832659,44214.00544832659,0.0,1209.1334560051155,0.0,0.0,44214.00544832659,68826.81791846413,70035.95137446925,2247.5861678701735,1533.1465166666665,19621.383346836672,15801.699340237585,10694.955678821909,10796.75697959981,0
2025-03-13,M9,41774.26543552174,0.0,3977.0200754211564,45751.28551094287,45751.28551094287,0.0,3496.964017689913,0.0,0.0,45751.28551094287,67927.73186947362,71424.69588716353,211.73061554091166,0.0,20851.764174033717,17184.41691907776,10796.75697959981,10469.54815947708,0
2025-03-14,M9,16995.561087811187,0.0,1689.9186098446146,18685.479697655795,18685.479697655795,0.0,1110.529633112013,0.0,0.0,18685.479697655795,32338.485045013298,33449.01467812531,1121.2446062154254,12506.30334107102,18392.811005446845,14600.770257941313,10469.54815947708,10800.0,0
2025-03-15,M9,16704.89928923122,0.0,2142.224224111327,18847.123513342547,18847.123513342547,0.0,1442.5788963523723,0.0,0.0,18847.123513342547,31783.75499605177,33226.333892404145,808.625161632802,7950.35783480492,18648.55655771805,15105.33081175162,10800.0,10800.0,0
2025-03-16,M9,41847.348602229016,0.0,2435.2161980552896,44282.56480028431,44282.56480028431,0.0,1802.850728200634,1.6400000000001,7.461180000000455,44290.02598028431,67787.12637040982,69589.97709861046,2526.409560865156,39.012390326729246,19342.88533729069,15667.737123205461,10800.0,10800.0,1
2025-03-17,M9,41531.13013433409,0.0,1229.316393179695,42760.446527513785,42760.446527513785,0.0,683.2841301145778,0.0,0.0,42760.446527513785,67523.79440131667,68207.07853143124,4930.853531261949,2009.6780653908936,17939.028954974056,14530.613453528991,10800.0,10800.0,0
2025-03-18,M9,41091.86877673074,0.0,1041.874505018206,42133.743281748946,42133.743281748946,0.0,575.8801925821947,134.27935913608505,653.6352911400968,42787.37857288904,66847.34391867134,67423.22411125354,2441.1326435823494,152.2479218993185,20200.865990743656,16362.70145250236,10800.0,10800.0,3
2025-03-19,M9,38494.56341814876,0.0,3730.173769928888,42224.73718807763,42224.73718807763,0.0,3158.21880124075,0.0,0.0,42224.73718807763,62122.08016354245,65280.29896478319,2060.85645228164,0.0,19757.747697376624,16003.775634875066,10800.0,10800.0,0
2025-03-20,M9,40018.06853974123,0.0,2627.1365114126634,42645.205051153855,42645.205051153855,0.0,2059.7631835422467,0.0,0.0,42645.205051153855,64876.42661788899,66936.18980143123,917.0948768973035,0.0,20053.332146669876,16243.1990388026,10800.0,10800.0,0
2025-03-21,M9,16041.80426107305,0.0,2438.6377429316044,18480.442004004653,18480.442004004653,0.0,1672.9489926828876,0.0,0.0,18480.442004004653,30457.64358588067,32130.59257856356,998.5395042491052,15577.991455095904,18529.458434483568,15008.861331931686,10800.0,10800.0,0
2025-03-22,M9,16462.252211719344,0.0,1450.8293679715207,17913.08157969086,17913.08157969086,0.0,978.1646860001669,0.0,0.0,17913.08157969086,31255.71492516857,32233.879611168737,1143.3088549922256,11752.906783348646,18191.917049971216,14735.452810476687,10800.0,10800.0,0
2025-03-23,M9,39883.32102622284,0.0,2328.4672180095336,42211.788244232375,42211.788244232375,0.0,1475.8618496704526,0.0,0.0,42211.788244232375,64878.95723319387,66354.81908286433,2826.5911671106924,1207.8182960719407,18687.83948955274,15137.149986537723,10800.0,10800.0,0
2025-03-24,M9,38055.06986556393,0.0,2408.3404648471865,40463.41033041113,40463.41033041113,0.0,1879.165704207217,0.0,0.0,40463.41033041113,62229.898567203694,64109.0642714109,1088.6359142609194,1168.8761285536923,20279.237606647177,16426.18246138422,10800.0,10800.0,0
2025-03-25,M9,39153.49012662852,0.0,2458.600881839893,41612.0910084684,41612.0910084684,0.0,1572.9952859306347,0.0,0.0,41612.0910084684,64057.84174701382,65630.83703294446,612.3734623947871,252.05482261547866,20085.705427723864,16269.421396456339,10800.0,10800.0,0
2025-03-26,M9,37706.5698255074,0.0,2625.5075643065034,40332.077389813894,40332.077389813894,0.0,1728.78866280078,0.0,0.0,40332.077389813894,61311.10724501247,63039.89590781325,2434.170618341287,1471.2894270586899,18641.478924982195,15099.59792923558,10800.0,10800.0,0
2025-03-27,M9,38296.746163949785,0.0,2479.797593451884,40776.54375740167,40776.54375740167,0.0,1605.6367890697431,0.0,0.0,40776.54375740167,62175.747641409485,63781.38443047922,1444.921321517223,0.0,19049.861626115842,15430.387917153845,10800.0,10800.0,0
2025-03-28,M9,15773.470491363047,0.0,1967.5465687250949,17741.017060088143,17741.017060088143,0.0,1293.0062605485523,0.0,0.0,17741.017060088143,30364.5125259875,31657.51878653605,1240.0841520577799,16138.146141507255,18196.882770022894,14739.475043718543,10800.0,10800.0,0
2025-03-29,M9,15587.67261170299,0.0,2143.5056996335825,17731.17831133658,17731.17831133658,0.0,1416.235794491466,0.0,0.0,17731.17831133658,30204.478709202816,31620.714503694282,738.8824328318801,19704.60999028566,18263.225774965336,14793.212877721922,10800.0,10800.0,0
2025-03-30,M9,36760.78675167396,0.0,2007.3042823293451,38768.091034003315,38768.091034003315,0.0,1239.1963900797095,0.0,0.0,38768.091034003315,59954.04483749259,61193.2412275723,1366.4640647746073,839.6187142042668,19165.993413649605,15524.45466505618,10800.0,10800.0,0
2025-03-31,M9,34846.78273318139,0.0,4685.871880196801,39532.65461337821,39532.65461337821,0.0,4776.144608691327,0.0,0.0,39532.65461337821,56416.61492299168,61192.759531683,634.0501619812367,34.42413140585518,18804.714499803093,15231.81874484051,10800.0,10800.0,0
2025-04-01,M9,37926.27474413705,0.0,3741.143642826721,41667.41838696377,41667.41838696377,0.0,2838.4825035801596,0.0,0.0,41667.41838696377,62466.067424608846,65304.54992818901,914.8289987733655,735.8797462414175,18131.524560566122,14686.534894058565,10800.0,10800.0,0
2025-04-02,M9,37543.53867553537,0.0,4699.807590210406,42243.34626574577,42243.34626574577,0.0,3980.036980571988,60.330019982230716,297.66732481853984,42541.01359056431,61568.47837523384,65548.51535580584,1414.9065468101473,0.0,19782.12331041008,16023.519881432163,10800.0,10800.0,2
2025-04-03,M9,38272.46514633338,0.0,1190.8380580584924,39463.30320439188,39463.30320439188,0.0,693.0265879455444,0.0,0.0,39463.30320439188,62417.36281799576,63110.38940594131,1798.8162683101264,1802.7082088569587,19185.97190582925,15540.637243721696,10800.0,10800.0,0
2025-04-04,M9,15190.621134763727,0.0,1149.5975110324364,16340.218645796163,16340.218645796163,0.0,766.4039806423767,0.0,0.0,16340.218645796163,29542.82384847573,30309.227829118106,828.4956732204105,19530.375802862003,18523.968963345782,15004.414860310088,10800.0,10800.0,0
2025-04-05,M9,15027.154981325944,0.0,1556.5718551243372,16583.72683645028,16583.72683645028,0.0,1062.6706050328871,0.0,0.0,16583.72683645028,29394.401473562382,30457.072078595273,253.560207226439,14611.253525290947,18674.438751287125,15126.295388542574,10800.0,10800.0,0
2025-04-06,M9,36437.943605065084,0.0,1260.2242325822922,37698.16783764738,37698.16783764738,0.0,803.0770213738242,0.0,0.0,37698.16783764738,59731.30516055502,60534.38218192885,791.1476083451472,1674.566123524461,19255.748333645148,15597.156150252566,10800.0,10800.0,0
2025-04-07,M9,34984.74464318053,0.0,2479.8173006945567,37464.56194387507,37464.56194387507,0.0,2217.0466045572034,0.0,0.0,37464.56194387507,56988.08045452865,59205.12705908586,1198.4022838733226,1257.9551185677847,18452.896701639125,14946.846328327698,10800.0,10800.0,0
2025-04-08,M9,36171.97816159139,0.0,980.5072282801716,37152.48538987157,37152.48538987157,0.0,682.5878453199781,0.0,0.0,37152.48538987157,59108.65850923961,59791.24635455959,1369.3935310306979,294.0728115794998,20321.216165196445,16546.629769913714,10800.0,10703.95035988378,0
2025-04-09,M9,35745.69275182119,0.0,4967.073548820521,40712.76630064172,40712.76630064172,0.0,4954.996207933174,0.0,0.0,40712.76630064172,58441.50097988349,63396.49718781666,487.5900208237673,0.0,19678.130868309836,15903.534717983603,10703.95035988378,10743.674010269746,0
2025-04-10,M9,36324.41716277537,0.0,2186.1276243012135,38510.54478707658,38510.54478707658,0.0,1998.4734844043737,0.0,0.0,38510.54478707658,59117.81681159777,61116.29029600213,1821.9288504070728,1139.5368927452678,19176.280326803048,15482.093673953244,10743.674010269746,10800.0,0
2025-04-11,M9,14662.024660331359,0.0,1998.852247265974,16660.876907597336,16660.876907597336,0.0,1370.3181413210568,0.0,0.0,16660.876907597336,28724.52395054057,30094.842091861625,602.2402947757199,20683.0691595191,18383.591952106006,14890.709481205864,10800.0,10800.0,0
2025-04-12,M9,14912.343709849443,0.0,972.2268257747728,15884.570535624214,15884.570535624214,0.0,622.685896257609,0.0,0.0,15884.570535624214,29120.03508587861,29742.72098213622,677.0498448080751,16598.743389195566,18114.56420069778,14672.797002565198,10800.0,10800.0,0
2025-04-13,M9,34697.05096067276,0.0,1990.0536541571928,36687.10461482994,36687.10461482994,0.0,1729.4071136683963,0.0,0.0,36687.10461482994,56853.71432711696,58583.121440785355,522.1643967787315,0.0,19918.939793017344,16134.34123234405,10800.0,10800.0,0
2025-04-14,M9,34824.40243068972,0.0,1566.342282746218,36390.74471343593,36390.74471343593,0.0,1032.2500582591513,0.0,0.0,36390.74471343593,57099.93977826422,58132.189836523365,1758.5913244410235,238.3591986257087,18985.302702403325,15378.095188946689,10800.0,10800.0,0
2025-04-15,M9,34165.82937986737,0.0,978.5070949363223,35144.336474803706,35144.336474803706,0.0,995.5417035113894,0.0,0.0,35144.336474803706,55599.753066345555,56595.29476985695,1156.1304623468932,1675.4801202018023,19075.028178815344,15450.772824840431,10800.0,10800.0,0
2025-04-16,M9,34661.65887430215,0.0,2498.169798459546,37159.82867276168,37159.82867276168,0.0,2699.78640846631,0.0,0.0,37159.82867276168,56917.42974196879,59617.2161504351,155.10970947950568,0.0,19381.655215555737,15699.14072460014,10800.0,10800.0,0
2025-04-17,M9,33917.53322775498,0.0,2088.938141978585,36006.47136973357,36006.47136973357,0.0,2591.02209084875,0.0,0.0,36006.47136973357,54885.136830816366,57476.15892166512,900.552239759951,0.0,19511.917536342986,15804.653204437818,10800.0,10800.0,0
2025-04-18,M9,14320.294353612368,0.0,1516.355584335984,15836.64993794835,15836.64993794835,0.0,1042.154453415464,0.0,0.0,15836.64993794835,28227.554132003337,29269.708585418797,1016.3568244743567,18420.663678302808,18308.2678910963,14829.696991788001,10800.0,10800.0,0
2025-04-19,M9,14186.469376957042,0.0,937.2634791311013,15123.732856088143,15123.732856088143,0.0,625.6869588720958,0.0,0.0,15123.732856088143,28054.45921794126,28680.146176813352,753.2410363168548,17606.57148517399,18608.70739643422,15073.052991111708,10800.0,10800.0,0
2025-04-20,M9,33724.048068897086,0.0,1340.2459023834174,35064.29397128052,35064.29397128052,0.0,1124.2581898102087,0.0,0.0,35064.29397128052,55108.513080483586,56232.771270293786,573.072319640935,0.0,19483.96877536598,15782.014708046449,10800.0,10800.0,0
2025-04-21,M9,34197.49271204388,0.0,716.6595470761488,34914.15225912003,34914.15225912003,0.0,369.46868173734566,0.0,0.0,34914.15225912003,56354.581401617295,56724.05008335464,1824.8254834262543,2885.2982687268445,18405.347094043223,14908.331146175013,10800.0,10800.0,0
2025-04-22,M9,32778.131493854125,0.0,2947.9712786222126,35726.10277247635,35726.10277247635,0.0,3083.1405897862387,0.0,0.0,35726.10277247635,53123.84924141412,56206.989831200364,419.32956134017763,0.0,19130.162911544845,15495.43195835132,10800.0,10800.0,0
2025-04-23,M9,32717.85122169017,0.0,2824.1957417026742,35542.04696339283,35542.04696339283,0.0,2927.069376929907,0.0,0.0,35542.04696339283,53198.75504178097,56125.82441871088,1121.255482769606,84.64996307078422,18526.327664230717,15006.325408026885,10800.0,10800.0,0
2025-04-24,M9,32816.98121144468,0.0,341.64264469227857,33158.62385613697,33158.62385613697,0.0,187.0379729297915,0.0,0.0,33158.62385613697,53186.33214824253,53373.37012117232,723.005630075481,2030.0901187607847,18579.829854400334,15049.66218206427,10800.0,10800.0,0
2025-04-25,M9,13607.931909408728,0.0,293.7780664883917,13901.70997589712,13901.70997589712,0.0,176.38568770913918,0.0,0.0,13901.70997589712,27282.141456056383,27458.527143765517,171.67660004631372,21789.239623083653,18709.16971659164,15211.916445956085,10800.0,10736.123360536827,0
2025-04-26,M9,13460.492664661413,0.0,836.7296385723156,14297.222303233726,14297.222303233726,0.0,670.8902335589428,0.0,0.0,14297.222303233726,27135.092577562908,27805.982811121845,49.54996242094353,24245.751542142614,18993.107704362774,15552.620031137816,10736.123360536827,10549.231370976862,0
2025-04-27,M9,31501.513495798885,0.0,2403.9269812602106,33905.4404770591,33905.4404770591,0.0,2080.299354427735,0.0,0.0,33905.4404770591,51422.08039090923,53502.37974533696,136.06787818230782,735.0288143984858,21002.749335407276,16944.937465984432,10549.231370976862,10623.997477305149,0
2025-04-28,M9,32985.389559329604,0.0,6680.805113698129,39666.19467302775,39666.19467302775,0.0,6749.008939734011,0.0,0.0,39666.19467302775,53920.37919970653,60669.38813944053,256.93344536530185,0.0,19116.23740517481,15325.750027766231,10623.997477305149,10800.0,0
2025-04-29,M9,32750.494859333805,0.0,877.3216493564553,33627.81650869026,33627.81650869026,0.0,1171.1306000114473,0.0,0.0,33627.81650869026,53068.02562061911,54239.15622063056,202.56691908672735,3149.8166624263818,18176.625907635782,14723.066985184998,10800.0,10800.0,0
2025-04-30,M9,32111.867647393025,0.0,341.78340910393325,32453.651056496965,32453.651056496965,0.0,494.01660363059506,0.0,0.0,32453.651056496965,51924.705675326724,52418.72227895733,780.4272426689438,0.0,19043.995458100922,15662.554855145874,10800.0,10536.757184350981,0
2025-05-01,M9,31868.13800036365,0.0,2188.82897047149,34056.96697083514,34056.96697083514,0.0,2250.5020659516026,1362.2122204638272,8553.224298833711,42610.19126966885,51446.899438851426,53697.40150480304,0.0,859.0422830603807,20262.735158127274,17073.542515920788,10536.757184350981,9802.616031197977,9
2025-05-02,M9,14097.23766945961,0.0,1762.664982688143,15859.902652147759,15859.902652147759,0.0,1910.9875909727964,1118.1855896692673,6716.697862767546,22576.600514915306,27994.52184583248,29905.50943680528,0.0,12759.91746522651,19707.097672902866,15733.64019498816,9802.616031197977,10057.181497934818,9
2025-05-03,M9,14636.849314761152,0.0,264.25680428115214,14901.106119042306,14901.106119042306,0.0,412.19923123270115,643.4988237196983,3124.000821022082,18025.10694006439,28747.509699945804,29159.708931178502,2.9488869284778048,17933.354893343327,18614.84159884661,15615.109274220213,10057.181497934818,9460.417521096533,8
2025-05-04,M9,37281.613827478184,0.0,0.0,37281.613827478184,37281.613827478184,0.0,0.0,0.0,0.0,37281.613827478184,60933.00433924723,60933.00433924723,2754.729534030682,3241.9934499999995,16996.524906283852,13794.910884400635,9460.417521096533,9429.61117630684,0
2025-05-05,M9,36633.11947593045,0.0,327.2481755462562,36960.36765147671,36960.36765147671,0.0,512.6388870705853,0.0,0.0,36960.36765147671,59656.37557148702,60169.014458557605,898.4267810627152,0.0,20925.85560707777,16731.274729582867,9429.61117630684,9672.575967584753,0
2025-05-06,M9,35425.008448209715,0.0,732.7582465484495,36157.76669475817,36157.76669475817,0.0,1102.660009300871,0.0,0.0,36157.76669475817,57224.2819426238,58326.94195192467,979.1323464823939,857.8335466412013,20173.180444050486,16553.28675191607,9672.575967584753,9435.897531767885,0
2025-05-07,M9,35786.54722087896,0.0,1130.0051392280825,36916.55236010705,36916.55236010705,0.0,1735.1669394019018,541.7704158198309,3447.2670834241403,40363.819443531196,58089.12611040969,59824.29304981159,547.0867355321968,242.68027547111046,20669.223499335978,16160.77299470786,9435.897531767885,10081.784242605972,7
2025-05-08,M9,38992.82020056997,0.0,0.0,38992.82020056997,38992.82020056997,0.0,0.0,35.999250000000075,243.22893262500048,39236.049133194974,62340.13421022074,62340.13421022074,1478.8858471579792,899.6378855034466,18551.069188972084,14379.971861412763,10081.784242605972,10800.0,1
2025-05-09,M9,17208.834342235325,0.0,0.0,17208.834342235325,17208.834342235325,0.0,0.0,0.0,0.0,17208.834342235325,31410.162478498176,31410.162478498176,1028.445042108242,18487.78401681405,17866.03983987309,14471.492270297207,10800.0,10800.0,0
2025-05-10,M9,17003.9504257711,0.0,0.0,17003.9504257711,17003.9504257711,0.0,0.0,0.0,0.0,17003.9504257711,31130.485407437096,31130.485407437096,610.4035842257424,15006.71215040311,17854.33889197322,14462.01450249831,10800.0,10800.0,0
2025-05-11,M9,37048.4474528906,0.0,685.2634282470179,37733.71088113763,37733.71088113763,0.0,960.6375432498029,27.561666666666724,185.80697583333372,37919.51785697097,59464.00089553705,60424.63843878685,682.2002367025023,1340.3414356912058,17466.60715614051,14521.02780641403,10800.0,10385.471100066437,1
2025-05-12,M9,35913.25177518994,0.0,1884.9860848061526,37798.23785999608,37798.23785999608,0.0,2694.7436919442625,0.0,0.0,37798.23785999608,57732.43778903436,60427.18148097862,2372.371545683232,2578.64265,16957.32515128451,13412.353099322445,10385.471100066437,10744.449181419774,0
2025-05-13,M9,36094.66235840738,0.0,67.77756254067192,36162.43992094805,36162.43992094805,0.0,105.78216578411991,0.0,0.0,36162.43992094805,58149.67815622518,58255.4603220093,1060.1611455894226,756.528571459628,18008.83240758034,14699.274569286757,10744.449181419774,10619.871049034575,0
2025-05-14,M9,35473.44035987778,0.0,1558.889361337549,37032.329721215334,37032.329721215334,0.0,2339.8571414481457,0.0,0.0,37032.329721215334,56656.00694985251,58995.86409130065,1345.2823212361982,1303.584337869039,17968.013901196464,14635.165252334373,10619.871049034575,10529.788835295429,0
2025-05-15,M9,36188.13025260624,0.0,1584.8239532504927,37772.95420585674,37772.95420585674,0.0,2383.1550984247406,0.0,0.0,37772.95420585674,56716.1926790806,59099.34777750535,1619.3611858198274,1000.4850354377854,18269.75381410675,14555.310541192352,10529.788835295429,10800.0,0
2025-05-16,M9,16429.45346746098,0.0,35.34018764085088,16464.793655101832,16464.793655101832,0.0,55.35752696702792,0.0,0.0,16464.793655101832,29977.135778686155,30032.49330565318,717.8972222890256,23221.929362011397,17825.406605349093,14448.246417329667,10800.0,10789.25881444788,0
2025-05-17,M9,16535.457745203345,0.0,205.1771893756917,16740.634934579033,16740.634934579033,0.0,285.83928985754284,0.0,0.0,16740.634934579033,30204.583042442842,30490.422332300386,330.87247975996127,16187.524253352116,18492.41815188461,14969.19163602963,10789.25881444788,10800.0,0
2025-05-18,M9,36028.446130215176,0.0,1011.2646958170882,37039.710826032264,37039.710826032264,0.0,1224.4783973784172,5.236666666666679,35.318698333333415,37075.0295243656,57516.970957775186,58741.44935515361,1633.6046684546977,0.0,18089.017122976755,14652.103869611175,10800.0,10800.0,1
2025-05-19,M9,34682.99091321284,0.0,35.10497644204499,34718.095889654884,34718.095889654884,0.0,54.731799878461175,67.00333333333344,451.9039816666674,35169.999871321554,55338.34433070154,55393.07613058,695.9107746584622,4037.061531423712,17190.27570255189,13978.385094720732,10800.0,10739.709138162556,1
2025-05-20,M9,33982.118062544105,0.0,3932.088126910099,37914.206189454206,37914.206189454206,0.0,3951.9925814910043,0.0,0.0,37914.206189454206,53946.41053348186,57898.40311497287,98.0322573039407,0.0,18042.49368129771,14769.51764029545,10739.709138162556,10567.378295446662,0
2025-05-21,M9,34175.40249287185,0.0,2453.7058665881777,36629.10835946003,36629.10835946003,0.0,3351.900907707901,0.0,0.0,36629.10835946003,53888.70493161892,57240.60583932683,376.5638004040122,1766.5473753692984,19084.145191734642,15349.265811514462,10567.378295446662,10688.369177436221,0
2025-05-22,M9,33883.12373255021,0.0,1086.7182249944112,34969.84195754462,34969.84195754462,0.0,1697.9604029500097,2.57000000000005,17.333365000000338,34987.175322544615,53368.98488116471,55066.94528411472,409.9900271606368,0.0,19696.982631473827,15854.088191186405,10688.369177436221,10800.0,1
2025-05-23,M9,15437.032145934221,0.0,521.1428562981695,15958.17500223239,15958.17500223239,0.0,504.21999356483786,0.0,0.0,15958.17500223239,28705.49379096793,29209.713784532767,528.101609458636,18666.548325032956,18916.394561620196,15322.27959491236,10800.0,10800.0,0
2025-05-24,M9,15865.357445275653,0.0,306.0093823605596,16171.366827636213,16171.366827636213,0.0,246.72456193220825,0.0,0.0,16171.366827636213,29321.730130352676,29568.454692284886,928.756289370531,21410.92178907986,18285.659107900887,14811.38387739972,10800.0,10800.0,0
2025-05-25,M9,33792.078328622534,0.0,509.03569443202593,34301.114023054564,34301.114023054564,0.0,793.5818633130311,0.0,0.0,34301.114023054564,53839.6647642912,54633.246627604225,712.4328585657803,1908.1936039322713,18352.557777888018,14884.947796115168,10800.0,10778.471115526805,0
2025-05-26,M9,33040.26142032472,0.0,5714.750970411878,38755.01239073661,38755.01239073661,0.0,6557.532457830476,90.15866009943686,463.5228035900829,39218.53519432669,52192.122381895664,58749.654839726136,503.1330987672218,0.0,20248.195082915026,16491.347631856668,10778.471115526805,10678.127099198477,2
2025-05-27,M9,33645.46019553229,0.0,2392.2440774701563,36037.70427300243,36037.70427300243,0.0,3252.9367755672865,0.0,0.0,36037.70427300243,52901.37513482856,56154.31191039585,1686.7267896341427,1406.709878057494,18895.404410380597,15224.896467676383,10678.127099198477,10767.43943778948,0
2025-05-28,M9,34028.82093360015,0.0,1552.8975410901928,35581.718474690344,35581.718474690344,0.0,2224.5693831589506,0.0,0.0,35581.718474690344,54137.996616049146,56362.5659992081,432.9216223981719,0.0,19086.925109581374,15431.104832771449,10767.43943778948,10800.0,0
2025-05-29,M9,33630.91470561223,0.0,3385.658648739528,37016.573354351756,37016.573354351756,0.0,4727.0453281788095,0.0,0.0,37016.573354351756,53579.476319425565,58306.52164760437,587.586771192795,41.0249632298503,19959.87966252802,16392.093249346282,10800.0,10550.454752557129,0
2025-05-30,M9,15514.266864775198,0.0,449.0341480433564,15963.301012818556,15963.301012818556,0.0,700.2007478018375,0.0,0.0,15963.301012818556,28953.59417705766,29653.794924859496,401.01089687460126,18808.467059137718,19071.015681483863,15222.931979303346,10550.454752557129,10800.0,0
2025-05-31,M9,15764.708805648257,0.0,361.3412965970446,16126.050102245303,16126.050102245303,0.0,352.1954978174782,0.0,0.0,16126.050102245303,29205.740096806912,29557.93559462439,989.7498605826481,16697.25362508011,18706.255896062903,15224.505337101267,10800.0,10719.513265232985,0
2025-06-01,M9,37015.79586596712,0.0,15219.00468800821,52234.80055397532,52234.80055397532,0.0,11972.150080061936,1506.1522003718392,9443.678008298722,61678.478562274046,60201.71977459211,72173.86985465404,146.30120293863018,0.0,17662.528455368047,15353.633903280785,10719.513265232985,9556.195649196687,12
2025-06-02,M9,41081.995944226655,0.0,8853.319061172457,49935.315005399134,49935.315005399134,0.0,6244.220694250548,981.7488716325038,6087.60760492197,56022.922610321104,67212.4572379178,73456.67793216833,1714.8288445894268,99.32638333333352,20869.140323725413,16885.676197847322,9556.195649196687,9576.559498496972,13
2025-06-03,M9,46498.60504184034,0.0,2243.393189687861,48741.9982315282,48741.9982315282,0.0,2353.831637541121,173.71683385582776,1172.6571100050198,49914.655341533224,73815.74445936702,76169.57609690815,2716.532387906865,1389.9066833333327,19818.997611348765,15774.510585158318,9576.559498496972,9886.423365201617,5
2025-06-04,M9,49077.83588892318,0.0,343.8472129627183,49421.68310188588,49421.68310188588,0.0,337.5529606985749,147.87368729673653,1007.5417427769271,50429.22484466281,78068.34542587456,78405.89838657314,4680.370917780127,316.77374999999984,18893.514977984847,14982.14838856176,9886.423365201617,10243.755302541578,4
2025-06-05,M9,47544.38246143663,0.0,1404.0918798820808,48948.47434131871,48948.47434131871,0.0,1728.278214504687,160.90071181978874,1093.09541252611,50041.56975384482,75135.53850699117,76863.81672149587,1890.2217860688447,543.4751166666667,19887.510595322845,16445.808081409366,10243.755302541578,9869.394747877286,4
2025-06-06,M9,19861.88163018246,0.0,2794.5302368718276,22656.41186705428,22656.41186705428,0.0,2269.573384652939,748.6451223134859,4675.541334532738,27331.95320158702,35433.66975839782,37703.24314305076,26.271662862976655,3992.9246765850908,18892.11692188264,15314.420395966461,9869.394747877286,9856.277315386706,6
2025-06-07,M9,20788.669084840516,0.0,483.8258247922088,21272.494909632725,21272.494909632725,0.0,754.496340625562,2.105819798570927,8.17479245805234,21280.669702090778,36788.845486485385,37543.341827110955,48.02872094767628,3248.4806715610903,17878.579440066205,14756.154352332109,9856.277315386706,9551.271753299496,1
2025-06-08,M9,56134.79009618318,0.0,0.0,56134.79009618318,56134.79009618318,0.0,0.0,0.0,0.0,56134.79009618318,86931.09617616769,86931.09617616769,15902.56140339869,2031.5277999999998,14148.569916167804,10336.486210065468,9551.271753299496,10800.0,0
2025-06-09,M9,52050.38218320184,0.0,21.651781888038204,52072.033965089875,52072.033965089875,0.0,33.79658454388232,8.551481980079075,57.67547021464332,52129.70943530452,80925.17192441346,80958.96850895733,5704.817522655131,863.7589666666668,18296.36260197357,14830.13183369128,10800.0,10788.802082119235,1
2025-06-10,M9,49389.529822905344,0.0,207.63726783442343,49597.16709073977,49597.16709073977,0.0,323.82867224505117,0.0,0.0,49597.16709073977,77197.27089315015,77521.09956539521,1913.2983091738201,213.5552833333329,19819.597965589677,16043.796226034952,10788.802082119235,10800.0,0
2025-06-11,M9,49897.1649947734,0.0,4386.960782862058,54284.125777635454,54284.125777635454,0.0,4013.9362377496655,9.723221937732319,65.55752184943078,54349.68329948489,77976.0089572512,81989.94519500087,1816.8549082777645,0.0,21570.3536420746,17471.986450080432,10800.0,10800.0,2
2025-06-12,M9,50526.13267641141,0.0,695.0238044038496,51221.15648081526,51221.15648081526,0.0,1081.4828016665906,0.0,0.0,51221.15648081526,78624.85098318543,79706.33378485203,3289.5913507342984,245.79104999999993,19571.368162023144,15852.808211238746,10800.0,10800.0,0
2025-06-13,M9,21189.76829566318,0.0,69.19480916102106,21258.9631048242,21258.9631048242,0.0,108.00719450717406,0.0,0.0,21258.9631048242,36454.55841974268,36562.56561424985,390.51897184369227,4992.765913926021,18068.498156272784,15234.531127792641,10800.0,10134.391531987021,0
2025-06-14,M9,21141.17744804326,0.0,53.00408188550814,21194.18152992877,21194.18152992877,0.0,82.73485036370585,0.0,0.0,21194.18152992877,36698.46657490021,36781.20142526392,44.87536064384426,7436.685003255695,17624.922771450387,14518.624460086008,10134.391531987021,9865.017070641248,0
2025-06-15,M9,49256.5304241861,0.0,785.7164556548224,50042.24687984092,50042.24687984092,0.0,1118.1882753889793,0.0,0.0,50042.24687984092,77530.47827564887,78648.66655103787,3163.5840698493867,0.0,21140.123744380384,16282.01559652524,9865.017070641248,10800.0,0
2025-06-16,M9,48814.17003550854,0.0,2205.599989509871,51019.770025018406,51019.770025018406,0.0,2386.8526029235045,1.6680775637045144,11.270366059169552,51031.04039107758,76644.63647537329,79031.48907829679,2374.166606739959,0.0,20868.09332870462,16903.15559625075,10800.0,10800.0,1
2025-06-17,M9,47121.063885805306,0.0,4945.086638037425,52066.15052384274,52066.15052384274,0.0,4786.878232135308,144.8916383337057,984.987435091445,53051.13795893419,74602.269364674,79389.1475968093,886.2402459288444,0.0,21852.843294810165,17842.055522262664,10800.0,10643.052829481749,5
2025-06-18,M9,48756.2287228427,0.0,1669.9225749050722,50426.15129774776,50426.15129774776,0.0,2025.6027860372603,71.60992043387864,482.9329035494426,50909.084201297206,76948.53059531815,78974.13338135541,4260.253276899076,55.22366666666653,19266.436867142747,15464.561408919202,10643.052829481749,10800.0,3
2025-06-19,M9,47115.65861229318,0.0,1201.8072964962212,48317.46590878941,48317.46590878941,0.0,1225.8268749610143,81.68734763135876,550.7241433693895,48868.1900521588,74035.46234149762,75261.28921645864,2344.6964978431265,922.4980499999999,20085.672717088804,16269.394900841931,10800.0,10800.0,2
2025-06-20,M9,21317.16717373889,0.0,55.94230558936649,21373.109479328257,21373.109479328257,0.0,87.65807333422833,0.0,0.0,21373.109479328257,35911.57123288074,35999.22930621497,1243.7507330168326,8943.790027388646,18093.36532605764,14682.25763024815,10800.0,10770.409204287273,0
2025-06-21,M9,21249.780237613628,0.0,585.7257208608509,21835.50595847447,21835.50595847447,0.0,548.9537634688929,0.0,0.0,21835.50595847447,36136.433211854135,36685.386975323025,2217.145529978163,11615.78467671902,18374.12974991786,14856.413381292014,10770.409204287273,10800.0,0
2025-06-22,M9,43880.0024115445,0.0,2572.2030383782912,46452.20544992279,46452.20544992279,0.0,2943.915921325921,58.259700811130074,398.0906793255748,46850.29612924837,69448.41938420996,72392.33530553587,879.0579571623781,194.05944999999997,20632.297364129707,16712.16086494507,10800.0,10800.0,5
2025-06-23,M9,44202.65988084257,0.0,2338.6712609659553,46541.33114180849,46541.33114180849,0.0,2595.411962234392,32.68770324936861,222.57452137617537,46763.90566318467,69416.82441498122,72012.23637721562,1083.0714831370246,0.0,20920.389295889712,17019.82269856174,10800.0,10717.436256787696,3
2025-06-24,M9,45294.014237747244,0.0,8369.221647167058,53663.23588491433,53663.23588491433,0.0,7220.758436744352,2037.2520219366866,9816.246871289159,63479.482756203484,71758.86864027823,78979.6270770226,557.6030875508993,0.0,21664.086276406866,17473.60251499848,10717.436256787696,10800.0,12
2025-06-25,M9,45919.32840861057,0.0,2415.145781492528,48334.474190103094,48334.474190103094,0.0,2683.064798307493,40.52268615781793,273.6024456343292,48608.07663573742,72409.6778250029,75092.74262331039,872.4444021491166,0.0,20123.15547711807,16299.755936465637,10800.0,10800.0,2
2025-06-26,M9,45146.33144903841,0.0,1924.9130842798686,47071.244533318255,47071.244533318255,0.0,2457.09113896533,115.04199340580487,776.266912411736,47847.51144572999,70738.69123845572,73195.78237742104,1969.7428885590725,0.0,19966.829731233935,16173.132082299482,10800.0,10800.0,3
2025-06-27,M9,20022.40112921837,0.0,216.30884709497593,20238.709976313345,20238.709976313345,0.0,232.74140025789046,0.0,0.0,20238.709976313345,34358.53112388214,34591.272524140026,763.3419576520444,10496.600734234338,18735.17876624725,15175.494800660272,10800.0,10800.0,0
2025-06-28,M9,19924.442194244315,0.0,318.31946293789906,20242.76165718222,20242.76165718222,0.0,395.23902382254306,0.0,0.0,20242.76165718222,34604.26042991354,34999.49945373609,528.9838090088892,9138.47306469311,18785.72283711684,15230.606373749411,10800.0,10784.254582572477,0
2025-06-29,M9,43193.98090574815,0.0,4606.598050259787,47800.578956007965,47800.578956007965,0.0,5219.776206992177,43.05288457180359,290.8264163317724,48091.40537233974,68220.9115229569,73440.68772994907,443.35835075087954,0.0,20335.113971568215,16562.500241131544,10784.254582572477,10683.07911128215,3
2025-06-30,M9,45340.53663644524,0.0,2470.627754452354,47811.16439089761,47811.16439089761,0.0,2887.52402191693,59.2457966704992,400.5938523745233,48211.75824327213,71358.88896437074,74246.41298628767,327.10964179408325,0.0,21029.665042024684,16928.799884193922,10683.07911128215,10800.0,4
2025-07-01,M9,44458.381912610064,0.0,15889.402776381723,60347.784688991786,60347.784688991786,0.0,13349.961592693362,311.31831560530725,2099.5064908185263,62447.29117981031,69648.17686912807,82998.13846182145,1039.422693667286,564.7078833333333,19927.086565721307,17088.304398628505,10800.0,9747.373021784178,6
2025-07-02,M9,46054.51309625472,0.0,11501.821399832252,57556.334496086994,57556.334496086994,0.0,10112.092024155201,209.51433832590521,1420.2248994415409,58976.55939552854,71978.82513795629,82090.9171621115,3717.604772172669,1500.0133500000006,18823.818634043422,14645.77162244535,9747.373021784178,10415.730211928418,7
2025-07-03,M9,51175.88131435398,0.0,6673.002303769408,57848.88361812338,57848.88361812338,0.0,6718.645829006694,43.65384971208948,301.352536782086,58150.23615490546,78867.50542195623,85586.15125096292,1321.5256618448707,631.5654,20271.622449748647,16355.327344251842,10415.730211928418,10487.604478644593,2
2025-07-04,M9,24893.79348557117,0.0,2746.4141430526547,27640.20762862383,27640.20762862383,0.0,2396.6672446261227,0.0,0.0,27640.20762862383,41259.123682961304,43655.790927587426,180.29479671602104,11200.316993883305,18511.60542066312,15117.29375034168,10487.604478644593,10351.05630130621,0
2025-07-05,M9,25841.55034135563,0.0,1105.849330901073,26947.399672256703,26947.399672256703,0.0,1401.3817104519069,0.0,0.0,26947.399672256703,42964.92185246698,44366.30356291889,141.50618757114654,11752.257463404976,19045.951707417727,15363.491762141626,10351.05630130621,10421.86643560258,0
2025-07-06,M9,53667.073431355726,0.0,4702.3704947703245,58369.44392612604,58369.44392612604,0.0,4536.580283211442,24.45878804845802,164.97452538684934,58534.41845151289,82029.86507707332,86566.44536028476,2490.4580892715517,76.60989999999993,20471.233690021043,16241.379080959365,10421.86643560258,10800.0,1
2025-07-07,M9,56281.07049839951,0.0,59.58640718214555,56340.65690558166,56340.65690558166,0.0,63.17742749677541,0.0,0.0,56340.65690558166,85519.00190310842,85582.1793306052,7899.359006140628,1313.694416666667,15577.069163848659,12617.426022717415,10800.0,10800.0,0
2025-07-08,M9,60890.4103463079,0.0,0.0,60890.4103463079,60890.4103463079,0.0,0.0,0.0,0.0,60890.4103463079,92491.74366322067,92491.74366322067,11563.074431983794,2185.683383333334,16692.62542756251,13521.026596325632,10800.0,10800.0,0
2025-07-09,M9,57481.86215995384,0.0,0.0,57481.86215995384,57481.86215995384,0.0,0.0,0.0,0.0,57481.86215995384,87528.4699989926,87528.4699989926,9394.674108766965,1010.7249013803955,16128.136695676669,13063.7907234981,10800.0,10800.0,0
2025-07-10,M9,53467.39483794077,0.0,109.24374660689847,53576.63858454767,53576.63858454767,0.0,170.52016952610393,0.0,0.0,53576.63858454767,81204.25987376014,81374.78004328624,3987.217397571162,1109.544433333333,18023.13067920217,14598.73585015376,10800.0,10800.0,0
2025-07-11,M9,27578.994533190787,0.0,0.0,27578.994533190787,27578.994533190787,0.0,0.0,0.0,0.0,27578.994533190787,44761.35921929998,44761.35921929998,1318.4899348010708,7542.292628198069,18110.73211065955,14728.93260435871,10800.0,10734.178228083925,0
2025-07-12,M9,26486.731983708327,0.0,211.51201303995006,26698.243996748282,26698.243996748282,0.0,330.76558332165985,0.0,0.0,26698.243996748282,43572.48396147712,43903.24954479878,30.78971043921871,9474.212215322696,18458.309998036086,15144.305712332549,10734.178228083925,10519.650879280238,0
2025-07-13,M9,50179.40269563054,0.0,484.9722050546481,50664.37490068518,50664.37490068518,0.0,598.317519199928,73.06922845865597,494.73313682091157,51159.10803750609,77076.88693779532,77675.20445699524,2490.458614098305,2243.521618282575,18390.83602329077,14644.262970217742,10519.650879280238,10800.0,4
2025-07-14,M9,46840.798440931656,0.0,3483.22279737454,50324.0212383062,50324.0212383062,0.0,3542.813989142897,92.48010899353017,623.7920076563217,50947.81324596253,72308.9798710535,75851.7938601964,496.28442969064713,0.0,19289.46193841077,15649.151615578154,10800.0,10772.569505038407,4
2025-07-15,M9,51892.678207283665,0.0,0.0,51892.678207283665,51892.678207283665,0.0,0.0,0.0,0.0,51892.678207283665,79892.32752206441,79892.32752206441,3652.8614494519243,176.41471666666666,17312.175406037153,13998.17463342466,10772.569505038407,10800.0,0
2025-07-16,M9,50168.54937510525,0.0,597.2839733715596,50765.833348476815,50765.833348476815,0.0,931.7574632944729,11.901185213990402,80.41035789832614,50846.24370637514,76785.95772530569,77717.71518860015,2057.314524916027,0.0,18619.676134551544,15081.937668986755,10800.0,10800.0,1
2025-07-17,M9,48750.88158081592,0.0,2680.9589179312907,51431.8404987472,51431.8404987472,0.0,3390.758505550386,45.88431218252265,311.2630348976294,51743.10353364483,74461.00601875618,77851.76452430656,1251.6326164145307,0.0,20661.05343898893,16735.453285581032,10800.0,10800.0,3
2025-07-18,M9,26956.69594731109,0.0,0.0,26956.69594731109,26956.69594731109,0.0,0.0,0.0,0.0,26956.69594731109,43903.929142019624,43903.929142019624,870.4861900814657,8457.014016847843,17379.899132054295,14077.718296963976,10800.0,10800.0,0
2025-07-19,M9,26847.26685628231,0.0,32.975456331059064,26880.24231261337,26880.24231261337,0.0,51.60696899723814,0.0,0.0,26880.24231261337,43796.17734693638,43847.78431593362,616.9332595786907,12863.938269347087,17723.367578728634,14539.27384172079,10800.0,10596.282107832676,0
2025-07-20,M9,49838.78740489888,0.0,371.2280349273807,50210.01543982625,50210.01543982625,0.0,535.4393572422263,22.20061538969287,154.87149295849747,50364.88693278475,77077.0254218625,77612.46477910473,1754.284361490622,0.0,18984.509017824006,15194.106201486862,10596.282107832676,10800.0,1
2025-07-21,M9,49943.20861771848,0.0,1689.729459350806,51632.93807706929,51632.93807706929,0.0,2064.152801327632,27.68570320343963,193.13546554719488,51826.07354261648,77116.96902542087,79181.12182674851,1450.045420458801,0.0,19836.90926049022,16067.896500997082,10800.0,10800.0,1
2025-07-22,M9,49245.00338335816,0.0,4526.538554997556,53771.54193835573,53771.54193835573,0.0,5564.920093144139,140.50128958307323,947.5568678765446,54719.09880623227,75794.79451842219,81359.71461156633,3741.5888666766655,249.3819333333331,19547.897286698542,15833.796802225812,10800.0,10800.0,5
2025-07-23,M9,50968.41426354327,0.0,385.75450602392306,51354.16876956717,51354.16876956717,0.0,523.3910158459237,100.15774560909529,675.9263538339752,52030.095123401145,78804.23724741142,79327.62826325736,1081.5601216516106,306.46433929200543,20293.724017996137,16470.509586739965,10800.0,10763.78540870767,3
2025-07-24,M9,50272.17775261201,0.0,1246.610629549561,51518.78838216157,51518.78838216157,0.0,1617.159123560592,19.982904145085854,134.68539894740286,51653.47378110897,77746.71512591736,79363.87424947796,1901.833554462486,80.49678333333327,19749.798335074363,15964.743519247142,10763.78540870767,10800.0,2
2025-07-25,M9,25860.3417696181,0.0,188.57138898412458,26048.913158602216,26048.913158602216,0.0,276.46101430662884,0.0,0.0,26048.913158602216,42528.83327852948,42805.2942928361,810.7709083734708,12094.7812739272,18410.47214675068,15016.049602881907,10800.0,10684.925373317938,0
2025-07-26,M9,25989.41314610348,0.0,136.41450758782017,26125.827653691304,26125.827653691304,0.0,205.37146807386642,0.0,0.0,26125.827653691304,42744.9892651432,42950.360733217065,618.0255207602866,10291.65095278298,18691.30505809731,15119.712365090174,10684.925373317938,10707.419519949777,0
2025-07-27,M9,48559.639213283444,0.0,3188.1331582765224,51747.77237155998,51747.77237155998,0.0,3759.3845398056765,421.1455129648697,2138.0378072402295,53885.81017880021,75042.09829690206,78801.48283670774,1435.9172131173734,0.0,21148.415286894946,17046.893950339705,10707.419519949777,10800.0,5
2025-07-28,M9,50437.384982897114,0.0,4695.938125474279,55133.32310837141,55133.32310837141,0.0,4538.826327636007,15.934103714570483,107.46756250292063,55240.79067087433,77827.87898197226,82366.70530960825,517.8691563888142,0.0,20578.384334740425,16668.491311139747,10800.0,10800.0,1
2025-07-29,M9,51001.466580469016,0.0,1916.4442949631891,52917.91087543219,52917.91087543219,0.0,2094.5172348324672,82.1923485426546,563.8416492707627,53481.752524702955,78575.24678764475,80669.76402247722,1112.8103573269427,0.0,18798.562362966055,15228.662299273117,10800.0,10797.970238588205,4
2025-07-30,M9,49609.45232953923,0.0,3071.7242896945227,52681.17661923374,52681.17661923374,0.0,3679.887033750975,5.330991811507033,36.96259287663127,52718.13921211037,76020.69075604707,79700.57778979804,1227.51726237549,693.737101162829,19366.176751582225,15684.77638351099,10797.970238588205,10800.0,2
2025-07-31,M9,49328.911511309605,0.0,2282.3985172980724,51611.31002860766,51611.31002860766,0.0,2968.9786429357,155.0996742649844,1051.5795686344118,52662.88959724207,76148.1824604619,79117.16110339761,981.4835374368562,0.0,20177.46048989621,16581.67951633714,10800.0,10535.626089420879,8
2025-08-01,M9,25367.654763552266,0.0,1337.8798850216815,26705.53464857394,26705.53464857394,0.0,1347.365701621539,0.0,0.0,26705.53464857394,41835.86851981006,43183.234221431594,1130.6062239777243,17108.582430775914,18182.891476263612,14490.205576252316,10535.626089420879,10800.0,0
2025-08-02,M9,25457.18661228285,0.0,0.0,25457.18661228285,25457.18661228285,0.0,0.0,0.0,0.0,25457.18661228285,41897.41614299294,41897.41614299294,586.7164633284117,17022.989500934353,18003.67366039493,14642.988414998094,10800.0,10733.319166579779,0
2025-08-03,M9,45060.29111006239,0.0,131.2501040621779,45191.54121412454,45191.54121412454,0.0,153.90508599303394,260.73712002670584,1758.3459610720065,46949.88717519655,68362.02711984828,68515.93220584132,1293.724318637498,1514.4708430839369,17678.014777379976,14549.020596566725,10733.319166579779,10477.954025592071,6
2025-08-04,M9,44908.794551481835,0.0,1033.438089474382,45942.23264095624,45942.23264095624,0.0,1537.514892010932,26.578237399590535,179.42616215577291,46121.65880311201,68017.08266483442,69554.59755684534,270.15499135000164,0.0,18976.443908391968,15081.07818883036,10477.954025592071,10800.0,2
2025-08-05,M9,44779.15011209356,0.0,1088.43381045961,45867.58392255316,45867.58392255316,0.0,1695.1429973062375,20.51216452080689,138.2919897436588,46005.87591229682,67595.72524135988,69290.86823866612,558.7619039609883,0.0,18948.99350469792,15348.684738805317,10800.0,10800.0,3
2025-08-06,M9,45581.590906269856,0.0,2725.7458787149426,48307.33678498482,48307.33678498482,0.0,2485.8533772448473,23.254547728545276,158.10375245764402,48465.44053744247,69187.80155778136,71673.6549350262,349.78586994580934,0.0,18468.49213529778,15235.7677891555,10800.0,10493.012044928566,2
2025-08-07,M9,46580.850161807015,0.0,422.45934537348404,47003.30950718051,47003.30950718051,0.0,544.6251118778758,60.772360028501,410.34290607474065,47413.65241325525,71585.25572101047,72129.88083288835,2112.619868323938,2861.4928341927352,18696.13726755732,14867.58202715714,10493.012044928566,10800.0,3
2025-08-08,M9,24573.537833024424,0.0,35.45282290410329,24608.990655928526,24608.990655928526,0.0,55.338832286120805,0.0,0.0,24608.990655928526,40783.93386793594,40839.27270022206,221.3614072809719,21588.970759519478,18293.446422516616,15039.677139095,10800.0,10553.349403492737,0
2025-08-09,M9,24387.0053992189,0.0,248.5728022569616,24635.57820147586,24635.57820147586,0.0,388.0009400717422,0.0,0.0,24635.57820147586,40550.965857529976,40938.96679760172,160.74281624096682,18491.67325964207,18448.87373650352,15084.252014784835,10553.349403492737,10397.05574991831,0
2025-08-10,M9,44394.57484633673,0.0,2003.1294864070137,46397.70433274377,46397.70433274377,0.0,2288.321409684141,68.35324778140307,468.590640826984,46866.29497357076,67140.99600701996,69429.3174167041,317.7540610030985,0.0,18487.619623204628,14612.322069722224,10397.05574991831,10800.0,3
2025-08-11,M9,44218.31475230453,0.0,1124.6349023681428,45342.94965467267,45342.94965467267,0.0,1693.0071037379312,192.3091038027443,1299.7952827522226,46642.7449374249,67184.00370516072,68877.01080889865,431.32801170495424,334.02076409246183,19698.51475563492,15955.796952064273,10800.0,10800.0,5
2025-08-12,M9,44831.73730398995,0.0,2777.566407488634,47609.303711478555,47609.303711478555,0.0,3024.6241593659347,137.96231523215033,931.7922879392529,48541.095999417805,68648.19738026199,71672.82153962791,680.8575206885344,0.0,18807.72557980055,15438.342895629015,10800.0,10573.23869334381,7
2025-08-13,M9,44765.80611101326,0.0,2363.9104506836816,47129.716561696936,47129.716561696936,0.0,3447.714654410173,111.32981335718091,759.1018200890732,47888.81838178601,67970.06833563803,71417.7829900482,1697.8902337688062,0.0,18453.462861294836,14743.219741658253,10573.23869334381,10800.0,4
2025-08-14,M9,44253.64617297485,0.0,1864.0817559042193,46117.72792887905,46117.72792887905,0.0,2792.300202772754,219.8067017925389,1354.7512949952188,47472.479223874274,66901.95993518375,69694.2601379565,355.76560734915535,0.0,20495.982370262172,16863.97212119562,10800.0,10508.637331907494,5
2025-08-15,M9,24700.50475234844,0.0,373.00029166521585,25073.505044013647,25073.505044013647,0.0,430.08181526990813,0.0,0.0,25073.505044013647,40913.0890608683,41343.1708761382,438.81663212181957,20322.817118728373,18443.28563023847,15021.475388283801,10508.637331907494,10417.066189917901,0
2025-08-16,M9,24657.033804781167,0.0,706.0119321695006,25363.04573695067,25363.04573695067,0.0,774.7482289626963,0.0,0.0,25363.04573695067,40895.0509741837,41669.799203146395,253.07520847694553,20724.166487045906,18415.178886359423,14651.901745402549,10417.066189917901,10710.836359416326,0
2025-08-17,M9,44971.485322956985,0.0,199.21221631672293,45170.697539273715,45170.697539273715,0.0,310.9532760738671,106.59361571291174,719.1870382859166,45889.884577559635,68140.61767749295,68451.57095356681,466.73288948579386,1289.4502940207512,18884.89767254908,15248.309903442565,10710.836359416326,10764.677705329865,4
2025-08-18,M9,44765.84746408509,0.0,860.9766403561507,45626.82410444125,45626.82410444125,0.0,1149.1729114929617,204.85196085679684,1393.3720614274932,47020.19616586874,67708.10909903227,68857.28201052523,964.2770929671241,0.0,19326.058929184823,15622.317667436588,10764.677705329865,10800.0,4
2025-08-19,M9,44906.67569453577,0.0,506.88576549521076,45413.561460031,45413.561460031,0.0,751.4174146362091,209.41952514695163,1412.684317744388,46826.24577777539,67765.91347945979,68517.330894096,542.0937194559955,405.79202755041183,18216.86643282383,14755.661810587293,10800.0,10800.0,5
2025-08-20,M9,45637.22331538951,0.0,3682.8025474166916,49320.02586280619,49320.02586280619,0.0,3524.427675353444,1101.8836951254389,5901.648792275983,55221.67465508218,69852.74904220841,73377.17671756184,169.44332300014935,0.0,19973.2263243638,16314.300301343323,10800.0,10648.903357101515,10
2025-08-21,M9,46487.90441892637,0.0,429.63359178841665,46917.53801071481,46917.53801071481,0.0,527.3643051682977,57.899013463309416,390.37392249371806,47307.911933208525,71097.88615421159,71625.2504593799,1147.2480206930077,1269.0672333333332,17329.017176993213,13906.601441509687,10648.903357101515,10793.239436940195,4
2025-08-22,M9,24371.625252367623,0.0,1299.0588526901993,25670.684105057826,25670.684105057826,0.0,1427.3319107006048,0.0,0.0,25670.684105057826,40485.77525536353,41913.10716606413,275.8449311284949,17501.2317330978,18519.417172895697,15613.956071057855,10793.239436940195,10111.874813593155,0
2025-08-23,M9,24939.546924546405,0.0,349.7084684698795,25289.255393016283,25289.255393016283,0.0,514.4647615112748,0.0,0.0,25289.255393016283,41469.21191539402,41983.67667690529,111.70884497669067,15458.354935908977,18407.447206701116,14523.840460681484,10111.874813593155,10540.97678775584,0
2025-08-24,M9,45632.48546275649,0.0,597.3946020210526,46229.880064777535,46229.880064777535,0.0,861.3473921251081,7.90046005979832,53.221449192831386,46283.10151397037,69052.68462835248,69914.03202047759,420.0913830145871,1763.2869587242417,20078.100745727264,16073.136090262033,10540.97678775584,10752.227358619239,1
2025-08-25,M9,49207.06512467205,0.0,646.8366909399865,49853.90181561204,49853.90181561204,0.0,1009.0265191948318,50.259860988525816,338.9180831156365,50192.81989872767,76040.41030956354,77049.43682875836,1875.1360167542848,671.1679166666668,19670.05453903471,15889.748799375426,10752.227358619239,10800.0,2
2025-08-26,M9,46889.71975373817,0.0,132.9962513885467,47022.71600512672,47022.71600512672,0.0,207.59580330687072,44.75159540917548,307.29056937792006,47330.00657450464,70764.22937723903,70971.82518054589,1834.9995101680863,146.2392230452706,18455.36662846516,14948.846969056778,10800.0,10800.0,4
2025-08-27,M9,46971.48556303417,0.0,2108.197728649709,49079.68329168389,49079.68329168389,0.0,3019.064290725349,47.20827298749464,318.2536221814004,49397.93691386529,70911.69355674894,73930.7578474743,1334.9592644698516,1132.9671354925586,19283.083207008214,15687.192353175491,10800.0,10724.561160556848,4
2025-08-28,M9,46785.38466945912,0.0,3696.798972418208,50482.18364187733,50482.18364187733,0.0,4443.417287574679,95.31174560639738,643.0466218200115,51125.23026369734,70882.20115932086,75325.61844689553,797.1780693921199,0.0,19937.16939093503,16081.21225115854,10724.561160556848,10800.0,2
2025-08-29,M9,25869.462479563863,0.0,0.0,25869.462479563863,25869.462479563863,0.0,0.0,0.0,0.0,25869.462479563863,42368.43548257832,42368.43548257832,619.2146856271121,15741.250443090757,18324.27730024225,14871.527296381799,10800.0,10767.930352016027,0
2025-08-30,M9,25494.909183753483,0.0,185.35157572905538,25680.260759482546,25680.260759482546,0.0,273.5320231508578,0.0,0.0,25680.260759482546,41931.65119273166,42205.18321588251,93.81408560191545,20522.29536802695,17612.16552613805,14535.81159721773,10767.930352016027,10467.97755085391,0
2025-08-31,M9,45995.74837988573,0.0,1489.9857357478108,47485.73411563353,47485.73411563353,0.0,2267.8479428515475,100.76190259456848,688.0155793176416,48173.74969495117,69362.11286924614,71629.96081209768,1031.9251011029764,0.0,19754.496452760373,15702.32192250442,10467.97755085391,10800.0,4
2025-09-01,M9,47542.81513236605,0.0,0.0,47542.81513236605,47542.81513236605,0.0,0.0,0.0,0.0,47542.81513236605,72701.16352532842,72701.16352532842,12267.277114238368,4134.231720316004,14344.842933898459,11619.322776457757,10800.0,10800.0,0
2025-09-02,M9,40728.556117596505,0.0,866.1160104011026,41594.672127997605,41594.672127997605,0.0,1353.454245011644,155.93712957430225,794.3642525948858,42389.03638059249,61781.79104024556,63135.2452852572,5667.394297371819,0.0,18768.590881366767,15202.55861390708,10800.0,10800.0,3
2025-09-03,M9,39699.744324329746,0.0,961.5976823860889,40661.34200671583,40661.34200671583,0.0,1381.5827511698585,0.0,0.0,40661.34200671583,60323.51049203316,61705.093243203024,2531.926965227724,163.602936341621,18220.24258754564,14758.396495911962,10800.0,10800.0,0
2025-09-04,M9,39149.71475445132,0.0,808.8066918215991,39958.52144627292,39958.52144627292,0.0,1103.6770981419634,347.15215109835873,1850.493086433047,41809.014532705965,59340.36747187635,60444.04457001831,2871.57833023674,203.90813333333404,19948.13003971896,16157.98533217236,10800.0,10800.0,3
2025-09-05,M9,21796.763499556866,0.0,0.0,21796.763499556866,21796.763499556866,0.0,0.0,0.0,0.0,21796.763499556866,36583.95830379587,36583.95830379587,3897.3521345427844,22653.303480661336,16889.68958907938,13680.648567154294,10800.0,10800.0,0
2025-09-06,M9,21383.95127686443,0.0,79.61223706985886,21463.563513934292,21463.563513934292,0.0,124.63939449623086,0.0,0.0,21463.563513934292,36071.90189564916,36196.5412901454,3990.3626611594786,21191.293952808966,17335.794611457633,14041.993635280687,10800.0,10800.0,0
2025-09-07,M9,36860.65939918838,0.0,3397.2616551539827,40257.921054342354,40257.921054342354,0.0,4019.5802629448626,301.53318205831727,1565.2806195443732,41823.201673886724,56255.149960785966,60274.73022373082,1871.304114458979,0.0,19705.135129807837,15961.159455144347,10800.0,10800.0,4
2025-09-08,M9,32209.11520590397,0.0,14118.2588295472,46327.374035451176,46327.374035451176,0.0,11721.455355007107,444.0199087593752,2279.7279213349957,48607.10195678617,50454.58106076465,62176.036415771756,39.157425907553375,0.0,19752.480916840716,16567.151551550465,10800.0,10169.286656767237,8
2025-09-09,M9,34993.47114806447,0.0,4438.486348622094,39431.957496686555,39431.957496686555,0.0,4281.351626765665,12.378326120387008,63.40081729026462,39495.358313976816,54401.5567778718,58682.908404637456,82.80013421500303,1900.9906113264644,20070.047844365417,16461.386125815698,10169.286656767237,9941.900688012,3
2025-09-10,M9,36861.05310525562,0.0,7236.002926881883,44097.0560321375,44097.0560321375,0.0,7973.3161661283675,961.2922751617523,4920.943939966429,49017.99997210393,57414.90080304653,65388.21696917491,473.4485267406734,0.0,21092.49105302574,16532.428985429753,9941.900688012,10555.777096368764,7
2025-09-11,M9,38526.19165886037,0.0,1326.8865406314953,39853.07819949185,39853.07819949185,0.0,1382.196181050306,0.0,0.0,39853.07819949185,59981.989685275745,61364.18586632605,1380.9734834632313,2818.8850679212946,19448.479667142063,15780.238135533868,10555.777096368764,10525.810868425651,0
2025-09-12,M9,20268.333931681766,0.0,0.0,20268.333931681766,20268.333931681766,0.0,0.0,0.0,0.0,20268.333931681766,35062.61928365211,35062.61928365211,1077.8104826264914,18802.913401746573,17807.73147822175,14177.492278942706,10525.810868425651,10800.0,0
2025-09-13,M9,20917.397858162523,0.0,0.0,20917.397858162523,20917.397858162523,0.0,0.0,0.0,0.0,20917.397858162523,36026.856331696865,36026.856331696865,2166.245304988127,22564.34430133479,17311.39601074009,14022.230768699474,10800.0,10800.0,0
2025-09-14,M9,39496.39426686558,0.0,2460.715644680388,41957.10991154598,41957.10991154598,0.0,3451.546126625447,0.0,0.0,41957.10991154598,60722.591692414426,64174.13781903987,494.19603619227473,0.0,19059.12493306493,15478.507900217328,10800.0,10754.870328405847,0
2025-09-15,M9,37151.30223937862,0.0,1908.7260405105465,39060.028279889186,39060.028279889186,0.0,2013.7299891341568,1.1717666666667128,7.893606150000311,39067.921886039185,57775.18035126387,59788.91034039801,160.9544247733878,1523.535033857645,19721.34390906054,16682.781893960222,10754.870328405847,9967.655519937864,1
2025-09-16,M9,41087.748350189155,0.0,1410.6183262599664,42498.36667644912,42498.36667644912,0.0,1529.6010922229277,0.0,0.0,42498.36667644912,63731.07188134847,65260.672973571396,358.2961212234731,1547.3826332911035,18625.287462134962,14762.063226411467,9967.655519937864,10328.121762068806,0
2025-09-17,M9,40737.464517835266,0.0,833.3761771020891,41570.84069493735,41570.84069493735,0.0,1181.794426420087,7.62916666666672,34.70889375000024,41605.549588687354,62621.026114000575,63802.82054042065,144.0372134152028,0.0,18709.002194149805,15002.708100477681,10328.121762068806,10496.548069606213,1
2025-09-18,M9,39864.43479519813,0.0,2833.0452314896893,42697.480026687794,42697.480026687794,0.0,3786.5216775032636,2.4633999999999787,17.18467839999985,42714.664705087795,60846.335781991234,64632.857459494495,1001.7051779290769,1345.6271257893445,18357.547722133466,15025.610283024052,10496.548069606213,10323.218482832943,1
2025-09-19,M9,19434.616458347806,0.0,539.5761688210171,19974.19262716882,19974.19262716882,0.0,661.334054941538,0.0,0.0,19974.19262716882,33974.49536052529,34635.829415466826,162.85130685218996,14657.514949227727,18111.315899876576,14397.20505715633,10323.218482832943,10626.508284770383,0
2025-09-20,M9,19309.77410556143,0.0,251.82555520420738,19561.599660765634,19561.599660765634,0.0,390.31249232938893,0.0,0.0,19561.599660765634,33745.10395096246,34135.41644329185,181.44403060106356,14827.820094812243,18654.645936598426,15173.927352053219,10626.508284770383,10555.77034764984,0
2025-09-21,M9,42400.507187283605,0.0,888.770504783489,43289.27769206708,43289.27769206708,0.0,1332.3631629237577,0.0,0.0,43289.27769206708,65041.431577495605,66373.79474041935,2320.2829055359994,2589.8828833333328,16648.59924858706,13472.457780370369,10555.77034764984,10570.112137633343,0
2025-09-22,M9,42400.14709819962,0.0,199.91351236563645,42600.06061056526,42600.06061056526,0.0,312.4291795051656,19.555900000000065,131.78740035000044,42731.848010915266,65153.99494470871,65466.42412421388,517.994489410168,1044.4818351966292,18015.718098705172,14706.234282431415,10570.112137633343,10443.99811265532,2
2025-09-23,M9,43473.06753700507,0.0,218.9910360548044,43692.05857305987,43692.05857305987,0.0,341.826326472808,6.375,42.9961875,43735.05476055987,66620.96767553587,66962.79400200867,1120.7748366572089,178.9910492316062,18400.584097180476,14847.796564393953,10443.99811265532,10506.972061902252,1
2025-09-24,M9,41519.31683818312,0.0,1610.5938421079734,43129.91068029109,43129.91068029109,0.0,2447.9174991570453,0.0,0.0,43129.91068029109,63011.9831668799,65459.90066603695,552.2121456092055,0.0,18845.990927051433,15001.527506623688,10506.972061902252,10800.0,0
2025-09-25,M9,42585.95610656552,0.0,1465.6524112347463,44051.60851780026,44051.60851780026,0.0,2054.909645306763,0.0,0.0,44051.60851780026,64635.85413907805,66690.76378438482,720.0845897584384,2312.1535,17856.362916005062,14533.286121378685,10800.0,10722.630933983795,0
2025-09-26,M9,20046.936659668896,0.0,0.0,20046.936659668896,20046.936659668896,0.0,0.0,0.0,0.0,20046.936659668896,34849.25165740106,34849.25165740106,699.9322056379478,13238.86099764825,17229.68817215126,14013.473218036399,10722.630933983795,10658.824491101706,0
2025-09-27,M9,19786.7242757441,0.0,415.71746759596954,20202.441743340067,20202.441743340067,0.0,607.895060087089,0.0,0.0,20202.441743340067,34482.216601269276,35090.111661356364,135.70740671014994,14223.68408833101,18509.108614169178,15579.69069785397,10658.824491101706,10006.254801794006,0
2025-09-28,M9,43285.44874925208,0.0,2777.6165663732754,46063.065315625354,46063.065315625354,0.0,3917.545632533126,5.868333333333339,39.56136916666671,46102.62668479202,66424.1941658647,70341.73979839782,2113.975684136881,329.81397870172214,19695.158460960283,15278.969158734395,10006.254801794006,10755.265018064501,1
2025-09-29,M9,44094.168882586775,0.0,48.33061664963319,44142.499499236386,44142.499499236386,0.0,72.2325535431371,26.015016666666725,134.73625666666706,44277.23575590306,67417.82242454872,67490.05497809187,1289.8979659531383,280.6949440245422,18253.445638924673,15067.860154143826,10755.265018064501,10441.299255159121,2
2025-09-30,M9,44831.872373389444,0.0,1838.613863329389,46670.486236718825,46670.486236718825,0.0,2400.941534302694,31.411150000000134,212.2294349750009,46882.715671693826,68261.4563931828,70662.3979274855,1206.3452902285258,0.0,19697.149211755263,15631.860191164968,10441.299255159121,10800.0,1
2025-10-01,M9,43686.94280536048,0.0,0.0,43686.94280536048,43686.94280536048,0.0,0.0,0.0,0.0,43686.94280536048,67047.43323603435,67047.43323603435,7798.832411972058,6741.162098268752,14978.511539264315,12132.594346804095,10800.0,10800.0,0
2025-10-02,M9,41535.319952555714,0.0,156.1422805395148,41691.46223309524,41691.46223309524,0.0,244.3598878194951,0.0,0.0,41691.46223309524,63307.294451651636,63551.65433947113,4889.880109640661,3789.142064958827,16536.047622131453,13394.198573926471,10800.0,10800.0,0
2025-10-03,M9,18431.39974390745,0.0,282.845904120887,18714.245648028333,18714.245648028333,0.0,361.9653304500378,0.0,0.0,18714.245648028333,32618.66007480251,32980.62540525255,2303.4776644452454,19637.208052836984,16962.031515633244,13739.245527662926,10800.0,10800.0,0
2025-10-04,M9,18940.73250193632,0.0,316.03509999224866,19256.767601928565,19256.767601928565,0.0,417.88418707152016,0.0,0.0,19256.767601928565,33329.3433414741,33747.22752854561,2024.839559049081,15329.19171511737,17418.932921291904,14121.71910024607,10800.0,10786.240628889303,0
2025-10-05,M9,39626.075952720385,0.0,676.9055912454231,40302.98154396583,40302.98154396583,0.0,746.9969708208995,0.0,0.0,40302.98154396583,61135.88714367706,61882.88411449795,2145.3893406993066,1718.4650482057245,17214.13276277177,13931.064103845503,10786.240628889303,10800.0,0
2025-10-06,M9,38529.92646539264,0.0,2302.7693445911555,40832.695809983794,40832.695809983794,0.0,2947.8603219270567,0.0,0.0,40832.695809983794,59232.23536716351,62180.09568909055,956.4172077363021,0.0,18371.41700712764,14880.847775773385,10800.0,10800.0,0
2025-10-07,M9,38480.0450413444,0.0,3505.432011959027,41985.477053303424,41985.477053303424,0.0,4152.810351238174,0.0,0.0,41985.477053303424,58916.08757682008,63068.89792805824,1758.5791648484865,0.0,18625.030332683,15086.274569473235,10800.0,10800.0,0
2025-10-08,M9,35906.05225350237,0.0,2713.950630942292,38620.00288444465,38620.00288444465,0.0,3196.6977292078227,0.0,0.0,38620.00288444465,56337.30347373127,59534.00120293909,105.37047629401411,0.0,19129.321280288306,16179.186220309888,10800.0,10039.515574137375,0
2025-10-09,M9,37793.82611814985,0.0,797.9626196797273,38591.78873782958,38591.78873782958,0.0,1191.8873163863136,0.0,0.0,38591.78873782958,59459.271969092806,60651.15928547912,282.2007568521408,562.2135920839773,20319.67759715139,16272.914343941717,10039.515574137375,10246.20947386061,0
2025-10-10,M9,17398.202070361636,0.0,1094.569801936924,18492.771872298563,18492.771872298563,0.0,1228.3930290394912,0.0,0.0,18492.771872298563,31941.302357741773,33169.69538678127,84.23495437924544,19826.44229663616,18231.70448785772,14316.297268758528,10246.20947386061,10747.74654764531,0
2025-10-11,M9,18071.661534856456,0.0,99.24785575949815,18170.909390615958,18170.909390615958,0.0,155.16513634019498,0.0,0.0,18170.909390615958,32883.73409708967,33038.89923342987,210.90528803109862,15337.304521075153,17825.442653311708,14441.066812321427,10747.74654764531,10745.015144157598,0
2025-10-12,M9,39154.50063919855,0.0,928.5295822232259,40083.03022142177,40083.03022142177,0.0,1457.324404779251,20.929933333333338,98.03580773333336,40181.06602915511,60610.02664208852,62067.351046867756,371.95746759410855,0.0,17861.03163125414,14659.664101980481,10745.015144157598,10531.427943419123,1
2025-10-13,M9,40958.232939042886,0.0,100.40693856657361,41058.63987760946,41058.63987760946,0.0,156.72666599012507,0.0,0.0,41058.63987760946,63450.40599389601,63607.132659886134,1188.9774953320123,1693.6557590867865,18186.25923444503,14489.155128977689,10531.427943419123,10800.0,0
2025-10-14,M9,41285.163784087505,0.0,856.459922674705,42141.623706762206,42141.623706762206,0.0,1333.9878530988199,0.0,0.0,42141.623706762206,63898.59306052956,65232.58091362838,819.5568955824687,0.0,19153.656498487253,15514.461763774672,10800.0,10800.0,0
2025-10-15,M9,41426.58330744513,0.0,372.0819565954503,41798.665264040574,41798.665264040574,0.0,580.7881941706866,0.0,0.0,41798.665264040574,64717.70146287292,65298.48965704361,299.15013475273776,0.0,18514.07021068984,15434.754338398965,10800.0,10312.936146955333,0
2025-10-16,M9,41745.16488804471,0.0,1608.414309203305,43353.579197248015,43353.579197248015,0.0,2082.289835549213,132.64986335817855,623.4569783177819,43977.036175565794,65193.73975283148,67276.0295883807,355.4450042902105,0.0,20814.317650178185,16727.55615272952,10312.936146955333,10459.648529082904,7
2025-10-17,M9,18617.751458922387,0.0,0.0,18617.751458922387,18617.751458922387,0.0,0.0,0.0,0.0,18617.751458922387,33927.74377940869,33927.74377940869,319.5469386407645,14263.736105000837,17068.92054904747,13728.65912994705,10459.648529082904,10567.611323284456,0
2025-10-18,M9,18512.613962479885,0.0,100.21048349396764,18612.824445973853,18612.824445973853,0.0,137.6383653870489,0.0,0.0,18612.824445973853,33782.469109613914,33920.107475000965,84.02743706921956,14266.83944307718,17395.142365374326,13902.495037186422,10567.611323284456,10776.022744136435,0
2025-10-19,M9,42305.48989577982,0.0,1076.71289512505,43382.20279090487,43382.20279090487,0.0,1673.8739720509147,176.27897956040857,979.408481671103,44361.611272575974,66148.62630971902,67822.50028176993,568.2202380589632,0.0,20386.993483173654,16842.156993235607,10776.022744136435,10410.80910873094,6
2025-10-20,M9,44057.38469517218,0.0,316.9310501634478,44374.315745335625,44374.315745335625,0.0,495.1877625251974,0.0,0.0,44374.315745335625,68763.29737607473,69258.48513859992,736.8185573484038,0.0,20194.026338516793,16113.142123931932,10410.80910873094,10681.941564582792,0
2025-10-21,M9,43805.69820067992,0.0,1144.979200709997,44950.67740138992,44950.67740138992,0.0,1648.5655998076363,0.0,0.0,44950.67740138992,68622.51876217863,70271.08436198627,328.4774976285478,0.0,19755.241608012653,16275.216093654923,10681.941564582792,10378.085574399825,0
2025-10-22,M9,43902.22210996573,0.0,708.442829143388,44610.66493910912,44610.66493910912,0.0,1017.3952429973666,0.0,0.0,44610.66493910912,68602.1836462176,69619.57888921496,183.6615070588755,0.0,20422.95534176215,16541.934659606068,10378.085574399825,10378.81798242345,0
2025-10-23,M9,46580.16321011795,0.0,82.57799875681502,46662.741208874766,46662.741208874766,0.0,128.89721182676192,0.0,0.0,46662.741208874766,72900.69148062398,73029.58869245074,4210.645649228657,1937.7505333333331,18067.28849626326,14565.593019707838,10378.81798242345,10455.385384940568,0
2025-10-24,M9,18685.67850480694,0.0,250.63476010266726,18936.31326490961,18936.31326490961,0.0,329.37645282159957,0.0,0.0,18936.31326490961,34151.10216484087,34480.47861766248,102.69421298355473,12747.520904979614,17864.56972503638,14654.356942003746,10455.385384940568,10250.879313024709,0
2025-10-25,M9,18347.42175227479,0.0,340.22745256265324,18687.649204837446,18687.649204837446,0.0,429.1638285460747,0.0,0.0,18687.649204837446,33863.48246530095,34292.64629384702,53.67350678333091,11652.180861582408,17556.33059439531,14367.971402247356,10250.879313024709,10087.164178816756,0
2025-10-26,M9,45225.802778264995,0.0,181.02656177903793,45406.82934004404,45406.82934004404,0.0,282.56702064939975,0.0,0.0,45406.82934004404,70760.31801686238,71042.88503751178,1338.92456295578,1056.9372833333325,19129.10073853698,15026.389563980985,10087.164178816756,10607.366439076724,0
2025-10-27,M9,43736.444449617404,0.0,1692.7023967638672,45429.14684638127,45429.14684638127,0.0,2312.495537333207,19.744933333333393,92.4852677333336,45521.6321141146,68013.26397797538,70325.75951530859,1838.6951856106352,1549.7358997670453,19603.02993905654,16198.538242458972,10607.366439076724,10251.717559273206,1
2025-10-28,M9,44616.90020924892,0.0,1294.4206613254537,45911.320870574375,45911.320870574375,0.0,1881.6419003983628,0.0,0.0,45911.320870574375,69327.52140311807,71209.16330351643,1122.2308883112476,0.0,19910.333303365376,15795.822588160197,10251.717559273206,10620.103545457387,0
2025-10-29,M9,45850.25425918474,0.0,1909.7688190928322,47760.02307827756,47760.02307827756,0.0,2414.462996275592,0.0,0.0,47760.02307827756,71320.97095505738,73735.43395133296,613.2622091806261,0.0,20633.172824134643,16823.2578819823,10620.103545457387,10497.450329420453,0
2025-10-30,M9,45111.740046308405,0.0,155.81061452612764,45267.55066083453,45267.55066083453,0.0,243.20707800847208,3.641833333333352,17.058347333333423,45284.60900816786,69981.40630580558,70224.61338381404,624.6730755039945,1092.6793023266387,19286.067307421683,15562.982118104934,10497.450329420453,10562.70855265004,1
2025-10-31,M9,19580.672770270277,0.0,51.03106480719202,19631.703835077467,19631.703835077467,0.0,79.74509142398858,0.0,0.0,19631.703835077467,35312.148611602985,35391.89370302697,235.7000744911204,7816.765654933326,17715.738066990933,14280.60216005507,10562.70855265004,10639.537079547365,0
2025-11-01,M9,19583.626116505126,0.0,47.80588593523343,19631.432002440368,19631.432002440368,0.0,74.68314919044565,0.0,0.0,19631.432002440368,35430.59083961752,35505.27398880797,431.42901578359516,9063.975452397695,17619.56198967318,14153.730902379832,10639.537079547365,10770.775200942307,0
2025-11-02,M9,46355.853830709166,0.0,1370.1189491934076,47725.97277990257,47725.97277990257,0.0,1874.5425570615312,0.0,0.0,47725.97277990257,72030.36285499757,73904.9054120591,1400.7996166829582,0.0,20481.212984001504,16773.491121958683,10770.775200942307,10566.654528811796,0
2025-11-03,M9,47831.99946101211,0.0,150.29456591344274,47982.29402692555,47982.29402692555,0.0,234.59699666501638,0.0,0.0,47982.29402692555,74554.68678729064,74789.28378395566,862.1568032359081,565.1147348675302,19220.836413982783,15363.75445146389,10566.654528811796,10794.569021991974,0
2025-11-04,M9,46334.67937366784,0.0,495.0548358746412,46829.73420954248,46829.73420954248,0.0,675.1513128146764,33.599550000000136,155.81717803333396,46985.55138757582,72111.17731157312,72786.3286243878,1205.7458125329772,976.1489776173655,19144.41309255208,16086.451741647948,10794.569021991974,10150.705536791122,2
2025-11-05,M9,48028.250466287354,0.0,189.58103834615065,48217.831504633505,48217.831504633505,0.0,296.11870268301675,0.0,0.0,48217.831504633505,75089.28089107228,75385.3995937553,747.0612081319088,449.24364404029586,20995.423672533092,16484.348997616653,10150.705536791122,10730.64351138573,0
2025-11-06,M9,46593.762972862554,0.0,2951.9218926398516,49545.684865502415,49545.684865502415,0.0,3438.269239753915,0.0,0.0,49545.684865502415,72461.59052493068,75899.8597646846,429.5528886591039,0.0,21254.21834880345,17153.496022777945,10730.64351138573,10800.0,0
2025-11-07,M9,20112.446013500445,0.0,55.73845400576596,20168.18446750621,20168.18446750621,0.0,87.00297199058139,0.0,0.0,20168.18446750621,36192.491804008496,36279.494775999076,642.1371982977303,8937.958466776294,17914.31327106837,14533.375943476643,10800.0,10774.686451209716,0
2025-11-08,M9,19962.9880312781,0.0,0.0,19962.9880312781,19962.9880312781,0.0,0.0,0.0,0.0,19962.9880312781,36254.180877719366,36254.180877719366,467.08051031553856,8733.615985434786,17121.35478788856,13859.077505919511,10774.686451209716,10784.93075373218,0
2025-11-09,M9,48038.50563150643,0.0,931.6415121941277,48970.14714370055,48970.14714370055,0.0,1450.636629939938,0.0,0.0,48970.14714370055,74478.41279512398,75929.04942506392,672.7136020641624,210.83546999931116,20446.101202102258,16747.418032435147,10784.93075373218,10578.17957736294,0
2025-11-10,M9,48455.95146440578,0.0,2284.7141430629936,50740.6656074688,50740.6656074688,0.0,2843.3144410078485,0.0,0.0,50740.6656074688,75397.9588992791,78241.27334028695,605.8982251988313,0.0,20996.74796583085,17219.815950742726,10578.17957736294,10342.123912452116,0
2025-11-11,M9,49396.6332270596,0.0,231.6733103655755,49628.30653742518,49628.30653742518,0.0,361.8984841071342,0.0,0.0,49628.30653742518,76477.2879359553,76839.18642006244,905.5843988913026,354.800308171167,20206.428937890585,16186.646891557279,10342.123912452116,10542.746743712225,0
2025-11-12,M9,48815.1834625072,0.0,1241.0643587964669,50056.24782130368,50056.24782130368,0.0,1466.5512298841486,0.0,0.0,50056.24782130368,75668.40584956635,77134.95707945051,1801.3700484189994,463.5332000000002,20516.60614975482,16602.54006872331,10542.746743712225,10560.425535465662,0
2025-11-13,M9,48361.967306306935,0.0,1377.7941042514333,49739.76141055836,49739.76141055836,0.0,2086.0256981271104,2.010533333333342,9.417338133333374,49749.178748691695,74595.96302155816,76681.98871968527,319.99503802900324,160.46586666666644,20155.234436589388,16347.567404933121,10560.425535465662,10536.172745137095,1
2025-11-14,M9,19939.951287175263,0.0,338.6534295960851,20278.60471677134,20278.60471677134,0.0,437.79665401867925,0.0,0.0,20278.60471677134,35972.95968779693,36410.75634181561,206.39716625933158,5199.453997447679,17740.298410131712,14333.848532023108,10536.172745137095,10575.942945341072,0
2025-11-15,M9,19855.03052195299,0.0,441.0590979278302,20296.089619880822,20296.089619880822,0.0,534.9221304772224,0.0,0.0,20296.089619880822,36033.09987400467,36568.02200448189,233.28394080078056,4586.313126654436,18273.918203958245,14737.38018359823,10575.942945341072,10647.602458238784,0
2025-11-16,M9,49923.98483684634,0.0,1622.459783393685,51546.444620240036,51546.444620240036,0.0,2046.5955534579548,0.0,0.0,51546.444620240036,77063.02656772922,79109.62212118716,623.7047705659114,0.0,21260.767683870803,17209.394716582872,10647.602458238784,10660.743688630422,0
2025-11-17,M9,49961.05285314018,0.0,1695.5380488418639,51656.590901982054,51656.590901982054,0.0,2119.756628964625,0.0,0.0,51656.590901982054,76950.53347828034,79070.29010724496,2134.839279454387,269.16134999999986,20237.9182327612,16267.383088303952,10660.743688630422,10800.0,0
2025-11-18,M9,49691.19955382795,0.0,1549.4985183121998,51240.69807214015,51240.69807214015,0.0,2188.7832201760866,0.0,0.0,51240.69807214015,76745.34555784496,78934.12877802106,269.19905620994575,0.0,20973.718375253207,17199.340486775425,10800.0,10565.968219088529,0
2025-11-19,M9,49782.71464467075,0.0,4147.690384713957,53930.405029384696,53930.405029384696,0.0,4033.602131663608,1.3850000000001046,6.301057500000477,53936.7060868847,76977.67053663247,81011.27266829606,1613.9984520489475,243.10676666666654,20785.337451543397,16998.096601962934,10565.968219088529,10385.997923296545,1
2025-11-20,M9,50463.69751040689,0.0,999.9689963229259,51463.666506729816,51463.666506729816,0.0,1523.0671190835058,0.0,0.0,51463.666506729816,77977.21450891289,79500.28162799639,511.4085735810394,28.772050000000036,21470.365322439877,17303.340351357852,10385.997923296545,10483.392989761489,0
2025-11-21,M9,20460.113781905868,0.0,981.6753012680936,21441.789083173964,21441.789083173964,0.0,1031.403029201565,0.0,0.0,21441.789083173964,36788.67612426648,37820.07915346805,523.3152436832572,4820.372471573541,17510.84769647326,13898.840324928682,10483.392989761489,10800.0,0
2025-11-22,M9,20456.188993319847,0.0,338.4596984930711,20794.648691812923,20794.648691812923,0.0,423.96373163103397,0.0,0.0,20794.648691812923,36946.86111373686,37370.8248453679,253.0523816359335,3707.8424495626946,17863.275732869326,14673.175202033393,10800.0,10573.42015732307,0
2025-11-23,M9,51250.88937498582,0.0,1654.4705678703235,52905.35994285613,52905.35994285613,0.0,1700.8122642560375,0.0,0.0,52905.35994285613,78924.83703714825,80625.64930140428,1177.4094318400855,0.0,21116.956462219074,16900.81287598821,10573.42015732307,10800.0,0
2025-11-24,M9,50419.55223363037,0.0,543.3906149525308,50962.942848582905,50962.942848582905,0.0,790.1415633745502,18.83966666666663,88.24499866666649,51051.187847249574,77636.39271335803,78426.53427673258,773.2736001397709,183.90513333333342,19979.706800126954,16653.455290200807,10800.0,10277.896908780029,1
2025-11-25,M9,52910.17498690887,0.0,14.947999365913262,52925.12298627478,52925.12298627478,0.0,23.33255188623002,0.0,0.0,52925.12298627478,81568.53724992237,81591.8698018086,1156.0191282804471,19.567762465704163,20930.755997811342,16683.13355341556,10277.896908780029,10578.762247459617,0
2025-11-26,M9,52238.75595128628,0.0,1080.583823044305,53319.33977433058,53319.33977433058,0.0,1131.4514357992857,0.0,0.0,53319.33977433058,80462.02800422328,81593.47944002255,597.7181994318126,0.0,21257.791473531986,17019.69711627457,10578.762247459617,10800.0,0
2025-11-27,M9,51863.95070457682,0.0,1409.054747467772,53273.0054520446,53273.0054520446,0.0,1771.0128204015768,0.0,0.0,53273.0054520446,79558.20969535051,81329.22251575207,1478.9846000277062,214.0128166666666,20504.121637760072,16648.789272035683,10800.0,10755.05472727775,0
2025-11-28,M9,20663.992057610863,0.0,265.1583185871448,20929.15037619801,20929.15037619801,0.0,341.25334424253145,0.0,0.0,20929.15037619801,37164.87450867548,37506.12785291801,199.77379995527855,2962.8693673706002,18241.08738287419,14818.841247282056,10755.05472727775,10706.654208217795,0
2025-11-29,M9,21068.20939696336,0.0,165.47796016930437,21233.687357132665,21233.687357132665,0.0,258.29697989433294,0.0,0.0,21233.687357132665,37933.062828911614,38191.35980880595,86.28279310171484,0.0,17600.405981229458,14424.779065525221,10706.654208217795,10519.487296296289,0
2025-11-30,M9,53875.364955812256,0.0,1606.8479485856033,55482.212904397864,55482.212904397864,0.0,2024.3028718007256,0.0,0.0,55482.212904397864,82829.32700169022,84853.62987349095,280.9201246055694,0.0,22349.84807720343,18021.966444984704,10519.487296296289,10609.943404685262,0
2025-12-01,M9,54803.24762159505,0.0,10391.237449751936,65194.485071346986,65194.485071346986,0.0,9008.162075611212,210.98003273372817,1022.9797006136045,66217.46477196059,84036.54565540477,93044.70773101597,2208.963124009869,0.0,24088.136687490747,19340.339781084243,10609.943404685262,10800.0,4
2025-12-02,M9,57093.29373899721,0.0,8666.544659673878,65759.83839867108,65759.83839867108,0.0,7523.194670750765,105.95513179000034,617.9403777355502,66377.77877640663,86999.22237071823,94522.41704146899,1486.4194640954966,0.0,23706.014521913115,19201.871762749623,10800.0,10800.0,3
2025-12-03,M9,59481.90605233522,0.0,4815.587271916736,64297.493324251926,64297.493324251926,0.0,4698.5437828030135,19.607955587667448,114.53987256535939,64412.03319681728,89698.40066959511,94396.94445239812,3233.565632227751,0.0,21159.14846890203,17138.910259810644,10800.0,10800.0,1
2025-12-04,M9,61353.8245073443,0.0,2488.7970464462965,63842.6215537906,63842.6215537906,0.0,2021.2340223789145,99.52302405562716,562.1699151042793,64404.79146889488,92297.97993994204,94319.21396232097,3586.1279090077933,0.0,21375.791196677903,17314.3908693091,10800.0,10800.0,2
2025-12-05,M9,24525.840201762865,0.0,2405.885740331582,26931.725942094457,26931.725942094457,0.0,3118.947647284648,0.0,0.0,26931.725942094457,43448.212719382835,46567.160366667486,1825.6910041159913,0.0,18051.79831167459,14621.956632456426,10800.0,10800.0,0
2025-12-06,M9,25264.750598611183,0.0,3103.1159789915982,28367.86657760277,28367.86657760277,0.0,3599.2542170620427,0.0,0.0,28367.86657760277,44954.909214748826,48554.16343181087,1551.6631398813443,0.0,17567.734080330847,14229.864605067987,10800.0,10800.0,0
2025-12-07,M9,64232.225870500835,0.0,69.59272456415167,64301.818595064986,64301.818595064986,0.0,97.79683439772975,24.548135287347577,143.39793228104085,64445.21652734603,96235.78494821125,96333.58178260899,4860.352394098126,0.0,20237.348809464274,16392.252535666063,10800.0,10800.0,1
2025-12-08,M9,66978.68135529639,0.0,0.0,66978.68135529639,66978.68135529639,0.0,0.0,0.0,0.0,66978.68135529639,100326.24565460053,100326.24565460053,8756.278785292929,0.0,19593.45132968921,15870.695577048264,10800.0,10800.0,0
2025-12-09,M9,65503.43842285008,0.0,0.0,65503.43842285008,65503.43842285008,0.0,0.0,79.69273598829386,463.3827661749348,65966.82118902501,98396.71217940885,98396.71217940885,7141.782155324747,0.0,20769.307860030174,16823.139366624448,10800.0,10800.0,3
2025-12-10,M9,61894.02844317835,0.0,734.006053562986,62628.03449674134,62628.03449674134,0.0,1052.10475903635,2.940943939618819,17.17952402328333,62645.21402076462,93734.83571046116,94786.94046949751,2269.061361147149,0.0,21776.48213595245,17643.28055032913,10800.0,10795.188866435945,1
2025-12-11,M9,62193.578042510984,0.0,0.0,62193.578042510984,62193.578042510984,0.0,0.0,30.088760693825975,175.76349559298444,62369.34153810397,94103.77796700201,94103.77796700201,4246.3176542500105,0.0,20641.917648622028,16715.623275176196,10795.188866435945,10800.0,1
2025-12-12,M9,25831.459327764696,0.0,1460.829154374639,27292.28848213933,27292.28848213933,0.0,1986.3844112197698,0.0,0.0,27292.28848213933,46217.03817859407,48203.42258981384,895.563090746239,263.05082386529784,17533.650362274042,14203.255170405067,10800.0,10798.890692263229,0
2025-12-13,M9,25973.987960659597,0.0,992.79281778923,26966.78077844883,26966.78077844883,0.0,1415.8568029752885,0.0,0.0,26966.78077844883,46731.92356985434,48147.78037282963,950.6397914682432,0.0,17934.55679414206,14535.949596114006,10798.890692263229,10788.93670019775,0
2025-12-14,M9,59643.91631892341,0.0,2603.004801883419,62246.92112080682,62246.92112080682,0.0,3222.1555428247766,40.90438201466441,238.9429475386621,62485.86406834549,90687.49760425727,93909.65314708205,723.5180658689012,0.0,23359.793123188385,18911.475459960573,10788.93670019775,10800.0,1
2025-12-15,M9,61230.13408383529,0.0,1358.5142340640325,62588.64831789934,62588.64831789934,0.0,1711.5458221666058,30.215768250311612,176.50541023419527,62765.15372813353,93061.02011237582,94772.56593454244,1204.168740534055,0.0,22090.61290438134,17961.55790878931,10800.0,10724.265048621754,1
2025-12-16,M9,61964.7980362793,0.0,407.8076861733301,62372.60572245264,62372.60572245264,0.0,637.6713405479225,16.538704149733462,96.51857793233468,62469.124300384974,93771.06301143895,94408.73435198687,1013.7832586981668,0.0,21804.020172304005,17810.621708198894,10724.265048621754,10558.303527918812,2
2025-12-17,M9,60853.78539162473,0.0,340.1390875189616,61193.924479143694,61193.924479143694,0.0,520.1660290162698,43.8956745391032,255.52803130350466,61449.4525104472,92814.734707472,93334.90073648827,1108.3781830024734,0.0,22180.692875057186,18102.12171369895,10558.303527918812,10407.458544693678,2
2025-12-18,M9,59773.38827359879,0.0,1649.2104762444592,61422.598749843244,61422.598749843244,0.0,1645.6170528332773,25.736527792521997,148.88227879383356,61571.48102863708,90923.92472704334,92569.5417798766,801.1830771269142,0.0,22810.69194806854,18382.86368419299,10407.458544693678,10511.677204407599,2
2025-12-19,M9,25076.099396847992,0.0,1298.1656044122005,26374.265001260203,26374.265001260203,0.0,1915.4048927505405,0.0,0.0,26374.265001260203,45140.600789481774,47056.00568223231,166.63043517251486,844.9988355104501,18034.843133549937,14898.858022000586,10511.677204407599,10188.749333490776,0
2025-12-20,M9,25882.94034222343,0.0,29.204014342007184,25912.144356565437,25912.144356565437,0.0,45.584975168980236,0.0,0.0,25912.144356565437,46786.738482144436,46832.32345731342,154.69868303534423,166.64005790038698,18372.388994803965,14717.756528426282,10188.749333490776,10370.83661945181,0
2025-12-21,M9,60894.822099412675,0.0,1211.1551053870073,62105.977204799674,62105.977204799674,0.0,1713.6693365892934,17.092947782267856,99.84845447011767,62205.825659269794,92693.53610866249,94407.20544525178,611.6716018192998,0.0,23097.883589761666,18323.03866521358,10370.83661945181,10800.0,1
2025-12-22,M9,60353.533614794185,0.0,1079.8400393676143,61433.37365416179,61433.37365416179,0.0,1274.0709870836458,47.07377598202936,266.4540613740245,61699.827715535816,91764.61986765963,93038.69085474327,434.0928118898429,0.0,22235.32721130875,18521.082475806616,10800.0,10232.813961503849,2
2025-12-23,M9,60996.053150221815,0.0,326.34778932304124,61322.40093954486,61322.40093954486,0.0,509.36209210250047,0.0,0.0,61322.40093954486,92892.23078848135,93401.59288058385,1645.2680521887626,0.0,22289.278870066653,17791.046575004893,10232.813961503849,10525.335416780626,0
2025-12-24,M9,59749.5559408692,0.0,925.0622781251467,60674.61821899434,60674.61821899434,0.0,1434.0916182019782,13.040803802896676,75.85127185934807,60750.46949085369,91180.70465938399,92614.79627758598,565.7862890694573,0.0,23170.74818084633,18963.256705193584,10525.335416780626,10308.723551549465,2
2025-12-25,M9,58967.18820473601,0.0,1671.9005447715822,60639.08874950759,60639.08874950759,0.0,2326.038070952408,0.0,0.0,60639.08874950759,90082.38349169499,92408.42156264739,194.93320015153063,0.0,23277.361110286896,18876.32128112435,10308.723551549465,10284.658238447277,0
2025-12-26,M9,24947.092001252746,0.0,1588.6520442230428,26535.744045475785,26535.744045475785,0.0,1945.5323870822901,0.0,0.0,26535.744045475785,45094.96673234548,47040.49911942777,118.21015613464982,0.0,18526.059090571798,14611.392560612006,10284.658238447277,10723.230797059661,0
2025-12-27,M9,25092.61501825998,0.0,823.722288226398,25916.337306486388,25916.337306486388,0.0,1191.508669866755,0.0,0.0,25916.337306486388,45528.216565742216,46719.725235608974,149.45669407430282,0.0,17983.63500750272,14752.17553263472,10723.230797059661,10517.196156440205,0
2025-12-28,M9,60558.77367821874,0.0,352.105334308641,60910.87901252737,60910.87901252737,0.0,410.86204535350066,116.99850811685963,678.2461956674788,61589.125208194855,92115.46750155941,92526.32954691291,1634.1792995720293,0.0,21617.280170169004,17417.386164711254,10517.196156440205,10620.097015468693,3
2025-12-29,M9,59986.911088936635,0.0,917.4008605964802,60904.311949533105,60904.311949533105,0.0,1311.0685235598717,19.020919558900687,111.11070160331835,61015.422651136425,91543.48469670773,92854.55322026761,1462.2070302073193,0.0,21701.380452177666,17813.779609225145,10620.097015468693,10358.250967733988,1
2025-12-30,M9,59144.79117115116,0.0,958.5764883031595,60103.36765945431,60103.36765945431,0.0,1072.7267293738294,54.20504858661593,316.6387913187169,60420.00645077302,90529.32500980083,91602.05173917467,1025.879791847915,0.0,22654.24644820918,18248.272052295804,10358.250967733988,10471.214935238024,1
2025-12-31,M9,59040.90947183669,0.0,1510.678834634879,60551.58830647157,60551.58830647157,0.0,2032.9689346043049,146.11753977289354,729.226704757326,61280.81501122889,90299.56752373374,92332.53645833806,173.00575591570566,0.0,23020.025272349878,19360.799963487963,10471.214935238024,9677.237720921838,6
