date,x_plan_kwh,C_grid_yuan,e_emergency_kwh,C_emer_yuan,C_total_yuan,r_purchase_waste_kwh,w_pv_waste_kwh,u_charge_kwh,v_discharge_kwh,E_start_kwh,E_end_kwh,L_energy_kwh,P_act_energy_kwh
2025-02-01,46771.80737119798,24336.132986767094,0.0,0.0,24336.132986767094,4861.294261364322,4051.571531481481,18319.819184309737,14839.053539290886,10800.0,10800.0,76305.20628333333,41927.03034999999
2025-02-02,93764.95712517115,59351.15353276277,0.0,0.0,59351.15353276277,11306.681422961365,59.174066666666704,21278.019397595373,17235.195712052257,10800.0,10800.0,121705.97265000001,43349.6947
2025-02-03,91435.31440495428,57596.46836973961,0.0,0.0,57596.46836973961,6968.92766117772,0.0,22365.63286198191,18116.162618205355,10800.0,10800.0,122603.769,42386.85249999999
2025-02-04,90646.5950830114,56922.794396933576,0.0,0.0,56922.794396933576,4932.076461670198,0.0,23787.656164953773,19268.00149361256,10800.0,10800.0,121578.09884999998,40383.234899999996
2025-02-05,88249.74839531656,55138.058257432414,187.97606991374664,1263.149918382185,56401.2081758146,3067.0885129632934,0.0,24327.415625966776,19705.206657033094,10800.0,10800.0,121991.08443333332,41242.65745
2025-02-06,88191.82727653446,55299.60032073967,54.76703333333364,318.80905771666846,55618.40937845634,3514.6547982170864,0.0,23478.32786833703,19017.445573352994,10800.0,10800.0,122252.1627,41981.10548333333
2025-02-07,41205.890195930304,21066.855829245265,57.89040782900026,272.03820643806426,21338.89403568333,1781.163704104868,3894.477629070782,20022.786756874375,16240.327152957385,10800.0,10775.700133456514,76168.59693333333,44362.91726666666
2025-02-08,37051.67624110076,18993.22754467943,344.3895626191077,1914.4049223465722,20907.632467026004,302.1824551735441,1536.7231790508263,21173.199343697524,17193.201890868695,10775.700133456514,10728.021886263512,75746.78751666666,44169.624800000005
2025-02-09,82426.45509463067,51190.80126778447,1887.9498929692518,12007.762183932355,63198.56345171682,303.90539659045965,0.0,23373.114773277164,18918.03114893436,10728.021886263512,10743.7905722859,121547.90356666665,41992.48759999999
2025-02-10,86614.18770290387,54103.73471805866,0.0,0.0,54103.73471805866,7739.475436775642,441.1220531088318,21434.550270195297,17327.597640509226,10743.7905722859,10781.99954822919,121477.56451666665,47150.926933333336
2025-02-11,83955.40320097272,52286.69575741493,86.64158902089108,474.423743586241,52761.119501001165,4339.713717866682,148.03829999999994,22723.659116841398,18389.9634780478,10781.99954822919,10800.0,121441.28161666666,46220.68448333333
2025-02-12,84732.02535741721,52904.474858217436,0.0,0.0,52904.474858217436,5083.5350430501,163.38428333333331,22201.946830002445,17983.576932301978,10800.0,10800.0,121363.85288333331,46097.116749999994
2025-02-13,85842.41364899908,53796.28989968906,0.0,0.0,53796.28989968906,10230.708211827474,558.6377833333336,19597.834932482237,15874.246295310615,10800.0,10800.0,121310.28371666666,49980.80469999999
2025-02-14,38479.29773704127,20133.10736511379,0.0,0.0,20133.10736511379,1747.2046717103135,3098.901613130762,20165.208608071203,16333.818972537672,10800.0,10800.0,75872.63795,46070.83613333333
2025-02-15,38100.89822690237,19925.887751029586,0.0,0.0,19925.887751029586,1231.8656104347988,3749.67521518154,20206.664743610676,16367.39844232465,10800.0,10800.0,76054.55224999998,46774.46115
2025-02-16,85186.49294191212,53153.71604925617,9.66249075608448,43.95950169480634,53197.675550950975,5597.899523047254,67.10088263235457,21861.978563097837,17708.20263610925,10800.0,10800.0,121276.97728333333,45899.59818333333
2025-02-17,84416.71203200273,52587.62631869341,0.0,0.0,52587.62631869341,8638.692101483139,948.4422833333333,19187.970950103198,15542.256469583592,10800.0,10800.0,120960.37281666664,49776.50965
2025-02-18,82058.9052502027,50985.95548233742,16.2436683423565,73.9005691235509,51059.85605146097,5765.161851797238,254.11040034501082,20865.73096352358,16901.242080454107,10800.0,10800.0,121331.27123333333,49239.88345
2025-02-19,81631.23315118859,50722.98162401295,27.572502207217667,121.31910213434445,50844.300726147296,4317.882276677657,135.93235000000004,22766.650754656872,18440.987111272065,10800.0,10800.0,121866.79411666666,48987.46673333332
2025-02-20,81480.21369752337,50678.47787147972,7.221751455284789,33.82668381655395,50712.30455529627,6146.013307579957,391.814483333333,20823.54697227387,16867.07304754184,10800.0,10800.0,121105.25703333333,50112.12329999999
2025-02-21,37912.36006764406,19847.957216391515,0.0,0.0,19847.957216391515,2390.856781045375,6253.753760473961,19513.092067323127,15805.604574531733,10800.0,10800.0,75802.00203333332,50241.74
2025-02-22,37685.62853930761,19723.109250484013,0.0,0.0,19723.109250484013,1881.7530156645032,4183.920327820908,19869.43322362562,16094.240911136749,10800.0,10800.0,75682.24226666667,47837.47938333333
2025-02-23,82378.00069893204,51230.615209892596,0.0,0.0,51230.615209892596,6423.173724325206,488.31870000000026,20708.708375123708,16774.053783850206,10800.0,10800.0,121142.14093333331,49610.287249999994
2025-02-24,80995.16218904342,50000.692167292145,2.4520431792597037,11.485370251652453,50012.1775375438,7653.144116021938,1357.1586833106214,19917.251664334028,16132.97384811056,10800.0,10800.0,120628.98855000001,52425.95493333333
2025-02-25,78903.41625809389,48562.54141529469,15.409391030034953,67.48542801603809,48630.02684331073,7701.147983339024,1545.8397333333332,20265.866837464404,16415.35213834617,10800.0,10800.0,121093.33288333332,55272.00965
2025-02-26,76339.63902580527,46936.262377591454,0.0,0.0,46936.262377591454,2877.1304312252078,499.88801666666654,21830.381813579304,17682.609268999237,10800.0,10800.0,121060.73411666666,52245.886083333324
2025-02-27,76281.01886208981,46773.75237185408,597.1954795855759,2890.1437401526473,49663.89611200673,5126.78059912105,506.56359999999825,22569.926013443914,18281.640070889574,10800.0,10800.0,120599.48893333333,53642.90473333334
2025-02-28,36443.70199840237,18866.380983816627,0.0,0.0,18866.380983816627,2101.4687794031443,7188.896183687117,20319.702554274307,16458.9590689622,10800.0,10800.0,75385.10794999999,52092.5144
2025-03-01,36388.57308943072,18875.25420108218,0.0,0.0,18875.25420108218,2157.2123027234366,6899.678342134279,19331.139532840425,15658.223021600745,10800.0,10800.0,72244.16015,48585.39421666665
2025-03-02,77228.60206736476,47286.74431447923,1620.4156902944046,10945.571412095156,58232.31572657438,2294.6178212745594,0.0,22084.69931430502,17888.60644458707,10800.0,10800.0,117860.41708333333,45502.11001666666
2025-03-03,80142.98827591725,49401.36943481816,131.8141465683533,666.4652918324714,50067.83472665063,3701.447609536617,190.4140212183155,23005.039454870654,18639.245296473313,10800.0,10794.26295774657,117958.74559999998,45941.59896666667
2025-03-04,80841.86575448824,49945.09118024247,0.0,0.0,49945.09118024247,6750.407574560129,964.0056500000002,20646.480308245773,16718.485711650985,10794.26295774657,10800.0,118139.02498333334,48939.56704999999
2025-03-05,78926.15713589716,48462.503921638156,33.53736690334574,226.82969530586712,48689.33361694402,8322.23137281164,756.9464333333331,19737.07726309924,15987.032583110387,10800.0,10800.0,118073.44383333332,51942.971816666664
2025-03-06,74931.9872322078,45787.66542396631,230.08567409156205,1542.4208540527504,47330.08627801906,4227.107450540465,1014.1985666666664,21104.023212966422,17123.910457207512,10800.0,10767.05371699477,117673.59855,51732.94441666667
2025-03-07,34620.42698023698,17821.04484097222,0.0,0.0,17821.04484097222,1521.6411892614183,8462.322669234136,19392.241756333628,15678.064167925537,10767.05371699477,10800.0,71680.36145,50758.07591666666
2025-03-08,32938.94984432048,17007.313717258297,0.0,0.0,17007.313717258297,972.0032551110039,8905.889192300887,21041.673053904855,17043.755173662936,10800.0,10800.0,72344.71158333334,53281.572066666675
2025-03-09,73460.96972406923,44697.648553229876,0.0,0.0,44697.648553229876,4699.426938629388,1377.4060396863151,21356.61664090203,17306.00494514849,10800.0,10792.060593313501,117692.9865,54359.46145
2025-03-10,71676.49522537281,43582.3337689946,870.548072871171,6040.326428637946,49622.66019763255,478.47268544876397,0.0,21154.493140933493,17127.993978138275,10792.060593313501,10800.0,117943.06436666667,49900.99291666667
2025-03-11,74340.44059825076,45078.163029370866,0.0,0.0,45078.163029370866,5185.331810857914,1335.939945869614,20422.368639595967,16542.11859807273,10800.0,10800.0,117499.55295,53560.63415
2025-03-12,73487.58481083451,44640.19072605886,0.0,0.0,44640.19072605886,5679.247167220311,1533.1465166666665,20208.718124285242,16369.061680671042,10800.0,10800.0,118112.23683333334,55676.70215
2025-03-13,71685.24560016095,43548.61344508459,1127.583629563746,6956.965229493853,50505.57867457844,1206.540511021395,0.0,21371.95106335073,17311.28036131409,10800.0,10800.0,118237.27704999999,50691.65903333333
2025-03-14,34073.1111883992,17768.285417059702,0.0,0.0,17768.285417059702,2349.180310625554,11919.07707327403,19870.67274298047,16095.244921814183,10800.0,10800.0,72108.86895,56079.44296666667
2025-03-15,33640.099295150896,17516.15267123245,0.0,0.0,17516.15267123245,1682.8113572044194,7112.109429245282,20637.122940532605,16716.069581831413,10800.0,10800.0,72724.98178333332,51800.85663333333
2025-03-16,73955.63294974314,45031.52823810497,1.6400000000001,7.461180000000455,45038.98941810497,6462.847006987477,322.9277000000001,20107.638470643877,16287.187161221547,10800.0,10800.0,117983.21598333333,54632.169050000004
2025-03-17,73977.84190090385,44999.449522704075,0.0,0.0,44999.449522704075,9996.001682266475,2635.277233333333,18360.166063003737,14871.734511033028,10800.0,10800.0,117693.6218,59835.49036666667
2025-03-18,69618.10011768028,42063.09285746883,872.8205584687405,4364.274910059742,46427.36776752857,4230.662912199904,1105.2257166666675,21205.650950609474,17176.57726999368,10800.0,10800.0,117253.42358333334,56127.46521666667
2025-03-19,69319.65245891351,41945.15894063613,223.9050618677149,1080.4269540090668,43025.5858946452,4600.090899047707,1451.6085365709723,21191.51386927662,17165.126234114065,10800.0,10800.0,117281.55799999999,57816.08755
2025-03-20,69732.29249693817,42273.49723334542,0.0,0.0,42273.49723334542,2639.3515321482478,841.2334499999995,21277.60893749087,17234.86323936761,10800.0,10800.0,117648.38173333334,55439.41991666667
2025-03-21,32376.674432155163,16773.200401010836,0.0,0.0,16773.200401010836,1885.0334816591476,14534.97548599035,20648.426041257873,16725.225093418878,10800.0,10800.0,72593.53221666667,60560.0677
2025-03-22,32720.612470233646,16922.949150384,0.0,0.0,16922.949150384,2180.4117942464673,10834.460496000751,20129.160245542593,16304.619798889502,10800.0,10800.0,71936.92953333333,56055.72979999999
2025-03-23,68903.27419435067,41538.53368206556,0.0,0.0,41538.53368206556,4104.225181237367,2028.2073258547741,21058.53458206245,17057.41301147059,10800.0,10800.0,117739.97726666667,58970.25715
2025-03-24,67711.92358186265,40745.922998799135,0.0,0.0,40745.922998799135,3604.7739638781413,2090.464736361733,21148.356833102313,17130.169034812876,10800.0,10800.0,117425.17061666667,59426.67353333333
2025-03-25,66572.6865657696,40089.213189236834,376.1102327667055,1829.6951672389498,41918.90835647578,1691.5835919458511,182.73805496147702,21707.107552433183,17582.757117470876,10800.0,10800.0,118053.16781666667,57103.04310000001
2025-03-26,67626.21301678676,40760.92880035611,0.0,0.0,40760.92880035611,5664.445083508647,2527.7386500000002,20218.28640321812,16376.811986606683,10800.0,10800.0,117704.62780000002,62112.07293333332
2025-03-27,67024.73951940678,40480.92863546159,0.0,0.0,40480.92863546159,3601.769568880765,774.558039653874,20691.697425642808,16760.274914770675,10800.0,10800.0,117952.59836666666,59235.60896666666
2025-03-28,32034.83896561354,16437.117687185222,0.0,0.0,16437.117687185222,2058.6598139114367,15311.471412783525,20225.405117115333,16382.578144863419,10800.0,10800.0,71891.76726666666,61069.8865
2025-03-29,31970.740723701107,16338.474246321013,0.0,0.0,16338.474246321013,1510.9634950048312,18945.874992300214,20035.226595067015,16228.533542004288,10800.0,10800.0,72118.27746666667,64411.06828333333
2025-03-30,63170.73614707534,38117.01502885271,0.0,0.0,38117.01502885271,2569.4809762110626,1327.2667850338707,20675.62466226534,16747.255976434928,10800.0,10800.0,117994.70585,62649.086149999996
2025-03-31,62510.33954521533,37706.383074833095,0.0,0.0,37706.383074833095,1433.2540655965472,312.79042492901135,20067.924059770765,16255.018488414322,10800.0,10800.0,117075.66561666667,60124.27613333333
2025-04-01,64445.582952467215,38672.748440620955,408.3660535885668,2848.7615898338418,41521.510030454796,854.7079631191954,0.0,19949.418559315356,16159.029033045437,10800.0,10800.0,117967.1463,57758.29478333333
2025-04-02,65711.4722955199,39229.14378795333,1753.446302187413,8783.265522929225,48012.40931088256,3012.005799168647,0.0,21145.144202835043,17127.566804296388,10800.0,10800.0,117986.62945000001,57551.29405
2025-04-03,67689.88811237077,40479.93498200654,0.0,0.0,40479.93498200654,5467.8657803786045,2484.032858012472,20391.89056480543,16517.4313574924,10800.0,10800.0,117884.45609999998,62020.92583333333
2025-04-04,31290.498462791034,15822.450091120842,0.0,0.0,15822.450091120842,2106.769334398214,18943.577541825267,20049.207034566083,16239.857697998526,10800.0,10800.0,71735.75181666666,65304.94956666666
2025-04-05,31042.978146829024,15621.746592489837,0.0,0.0,15621.746592489837,1234.383250124987,13922.763500340554,20219.560068579758,16377.843655549606,10800.0,10800.0,72602.74256666665,60558.62758333333
2025-04-06,63865.00586779184,38152.21824805137,0.0,0.0,38152.21824805137,2866.541991224705,2719.5476499999995,20362.31557842351,16493.47561852304,10800.0,10800.0,117205.43058333332,62795.354316666664
2025-04-07,63695.77343660644,37985.41840538612,0.0,0.0,37985.41840538612,4492.093969495896,2228.8283609256387,19642.79906763989,15910.667244788317,10800.0,10800.0,117015.14203333334,63772.422750000005
2025-04-08,63506.843511194005,37897.83567589805,104.15124999999911,513.4415774999954,38411.277253398046,3647.3402221523734,1583.8681039309947,21192.593781284093,17166.000962840117,10800.0,10800.0,117713.29026666665,63360.09665
2025-04-09,63153.07831463948,37664.71977834239,939.1608687472689,6501.843160538499,44166.56293888089,1105.7774501637623,0.0,20274.477455559594,16422.32673900327,10800.0,10800.0,117677.52253333334,58543.21151666667
2025-04-10,64775.685854221214,38582.045239171726,0.0,0.0,38582.045239171726,4287.6129390758815,2108.0742906904507,20628.214339236234,16708.85361478135,10800.0,10800.0,117668.70068333333,63208.062783333335
2025-04-11,30360.496313703075,15196.692822215095,0.0,0.0,15196.692822215095,1509.0628814100646,19669.60283341396,20343.054906381003,16477.874474168617,10800.0,10800.0,72091.99674999999,66775.34658333333
2025-04-12,30369.971019598128,15181.467168958286,0.0,0.0,15181.467168958286,1617.6161340537935,15989.656150685736,19671.25360451892,15933.715419660324,10800.0,10800.0,71957.17576666665,62932.01521666667
2025-04-13,62096.502989759974,36911.11692625253,0.0,0.0,36911.11692625253,2692.32793300673,1262.2064938608464,20345.316208205662,16479.706128646594,10800.0,10800.0,117283.0622,63006.70371666667
2025-04-14,62222.4689370954,36897.92740141412,0.0,0.0,36897.92740141412,3379.491193948223,2511.977394834577,20015.6239384874,16212.655390174798,10800.0,10800.0,117901.37268333332,65373.34088333333
2025-04-15,62375.406384481015,37123.441969753345,0.0,0.0,37123.441969753345,5417.816354424065,3275.2486733237056,18646.908017894337,15103.995494494415,10800.0,10800.0,117056.90516666666,66917.47633333332
2025-04-16,61562.67779355964,36623.780159852206,0.0,0.0,36623.780159852206,1674.327569742561,360.45578928329996,19727.907813335678,15979.6053288019,10800.0,10800.0,117924.88506666667,62145.29311666667
2025-04-17,61895.22770314986,36892.64902190741,0.0,0.0,36892.64902190741,3381.6050714353896,1944.2248999999997,19479.238851128823,15778.183469414347,10800.0,10800.0,117487.04263333333,64618.700283333324
2025-04-18,29652.08424096682,14698.447365305663,0.0,0.0,14698.447365305663,1938.9666932229597,17535.315403101176,20124.65769110183,16300.97272979248,10800.0,10800.0,71490.16935,65136.05216666667
2025-04-19,29362.40698473821,14533.25049954745,0.0,0.0,14533.25049954745,1818.8367327535716,16911.530480214424,20249.265904053707,16401.905382283498,10800.0,10800.0,71905.41535,65120.736099999995
2025-04-20,61365.3147051018,36385.78242197901,0.0,0.0,36385.78242197901,3181.015472404107,2469.614164814816,19773.369392366058,16016.429207816513,10800.0,10800.0,117197.81635000001,65240.07146666666
2025-04-21,61322.963054498076,36261.90445895097,0.0,0.0,36261.90445895097,4495.0386640683355,4814.368971651273,18403.394923395463,14906.749887950331,10800.0,10800.0,118481.63788333333,69964.7275
2025-04-22,59138.28570972248,35328.46085814675,0.0,0.0,35328.46085814675,1774.552093173721,1607.1250780739456,18966.732746358663,15363.05352455052,10800.0,10800.0,117811.00101666668,65658.0717
2025-04-23,60534.39243404586,35875.013668200976,0.0,0.0,35875.013668200976,3317.5218609499893,2314.649742224573,18433.17954844547,14930.875434240832,10800.0,10800.0,118030.51476666666,66630.59805
2025-04-24,60089.38618930348,35712.90727835185,0.0,0.0,35712.90727835185,4260.018988827323,5304.634016666666,18076.981493734136,14642.355009924653,10800.0,10800.0,117497.77966666665,70407.67296666667
2025-04-25,28618.45664144113,13927.034462410269,0.0,0.0,13927.034462410269,1370.3582501766937,21456.339769473736,19954.741956793176,16163.340985002476,10800.0,10800.0,71763.32119999999,69762.96354999999
2025-04-26,28301.37204389473,13714.938596823671,0.0,0.0,13714.938596823671,652.2234860553117,23714.413476579488,20339.691831192602,16475.15038326601,10800.0,10800.0,72100.92436666666,72030.73073333333
2025-04-27,55520.28773513487,33030.00117324946,505.2967683526375,3524.9502560279993,36554.95142927746,1398.3204858250497,2223.07315452675,20161.68252527571,16330.962845473328,10800.0,10800.0,117032.52253333331,68459.05135
2025-04-28,56208.293321109246,33604.99925646132,4515.536419955788,30525.418444346746,64130.417700808066,1203.5268893329144,0.0,15254.397552976086,12356.06201791063,10800.0,10800.0,117537.3008,60915.33348333333
2025-04-29,59126.81060997932,35087.26745492607,63.4470346071339,442.6065134193661,35529.87396834543,3475.8349474287415,4970.517854282112,17424.69013794176,14113.99901173283,10800.0,10800.0,117252.75871666666,69819.545
2025-04-30,57883.36491579582,34338.29887856618,0.0,0.0,34338.29887856618,3038.1595504829347,3112.483350395265,18294.039903075267,14818.172321490969,10800.0,10800.0,117682.88071666665,69426.02628333333
2025-05-01,55928.4268106896,33440.32555291356,1853.1968754226505,12094.243279997725,45534.56883291128,937.8275632554898,2676.397630644484,19442.622797244476,16286.603105032194,10800.0,10202.134845262037,120364.58391666666,69353.20511666666
2025-05-02,28600.332604837626,13896.267238893666,1974.5968438802356,12255.421583789732,26151.688822683398,21.23408013552944,12040.19897435058,21093.565755957923,16870.38944505951,10202.134845262037,10441.466864446938,74761.02673333333,60470.70665000001
2025-05-03,29387.30567806999,14432.011901024176,1175.9932312964945,6730.754518050098,21162.766419074273,73.1499973515571,17485.84214373866,20669.78218787273,16532.647069596464,10441.466864446938,10674.662978425224,74894.84928333333,66027.67763333333
2025-05-04,65927.3574202297,39173.54831051388,617.630751208804,3728.27679762552,42901.8251081394,7206.896144439741,4371.11658458541,17107.072618409562,13874.764509329532,10674.662978425224,10654.623324627682,120670.08423333333,68935.4169
2025-05-05,65106.80314143794,38684.51716990704,441.70337409273077,2975.046072207269,41659.56324211431,4652.545841253008,1837.2280335390965,20498.06219811536,16515.336357376804,10654.623324627682,10752.50557251284,120612.16386666667,65536.15706666667
2025-05-06,64227.70442498226,38280.04264222876,326.3056094551715,2037.701749748374,40317.74439197713,4531.171115054749,3618.81194680498,19702.06759747243,16168.122991561395,10752.50557251284,10519.785308503147,121017.1901,68147.10773333334
2025-05-07,64635.70453040399,38359.93815768468,696.330818665026,4774.29823880267,43134.23639648735,3259.213879833707,3084.4470833333326,19730.43692734494,15809.908491442955,10519.785308503147,10710.613552621424,121160.21501666665,66092.36906666667
2025-05-08,66373.23807081893,40390.546569909566,35.999250000000075,243.2289326250005,40633.77550253457,5040.94047066954,1873.2380666666659,18884.729372852693,15216.182989369965,10710.613552621424,10800.0,120445.47738333333,64618.964983333324
2025-05-09,32681.119893878742,17284.108213031734,0.0,0.0,17284.108213031734,2692.627942605765,17798.8618524947,19422.338151464617,15732.093902686343,10800.0,10800.0,74253.82545,65754.4396
2025-05-10,32202.801366263982,16972.34906047074,0.0,0.0,16972.34906047074,2185.8470073807903,14177.742040883137,19569.300182456456,15851.133147789735,10800.0,10800.0,74647.98705,62526.94176666666
2025-05-11,65823.93646216315,39594.55918967341,100.61023759423938,691.9413774490805,40286.50056712249,4047.253280586992,2865.036566666666,18569.35667984426,15041.178910673852,10800.0,10800.0,120743.09041666666,65259.01133333333
2025-05-12,65888.54196245168,39474.8868742699,0.0,0.0,39474.8868742699,7313.718757153334,3512.853283333333,16477.761519114105,13346.98683048243,10800.0,10800.0,120448.60361666666,68517.40838333333
2025-05-13,63206.996583920445,38079.3931593146,2.3416446278848753,16.33531292412489,38095.72847223872,4099.418416070565,2474.9497833333335,18451.35401304086,14945.5967505631,10800.0,10800.0,120269.6316,67140.41883333333
2025-05-14,63150.405826264934,38051.463087166936,0.0,0.0,38051.463087166936,3919.5686064498896,2785.870516666666,18056.93642007916,14626.118500264123,10800.0,10800.0,120592.00526666667,67577.85648333334
2025-05-15,63915.051297338316,39009.1011266344,0.0,0.0,39009.1011266344,5255.531291077912,2502.97684639398,17849.920402805765,14458.435526272671,10800.0,10800.0,119598.30981666666,66833.25153333333
2025-05-16,31434.94147783759,16683.99363349484,0.0,0.0,16683.99363349484,2323.753628997932,22777.944729905277,19040.718871584482,15422.98228598343,10800.0,10800.0,74681.34474999999,71965.83821666666
2025-05-17,31455.099088129355,16688.08382027842,0.0,0.0,16688.08382027842,1699.641363466386,15515.828383248514,19951.738200426957,16160.907942345839,10800.0,10800.0,75274.53043333333,64825.731349999995
2025-05-18,62317.328272087885,37938.653549319584,5.236666666666679,35.318698333333415,37973.97224765292,3671.7583911045303,1536.2802806791415,18096.621931425696,14658.263764454816,10800.0,10800.0,120687.03700000001,67010.8689
2025-05-19,62106.41230532496,37505.63680493107,67.00333333333344,451.90398166666745,37957.54078659774,6100.728440959683,5277.126766666667,17264.96779490495,13984.623913873014,10800.0,10800.0,120072.38798333332,72557.17143333334
2025-05-20,60250.55935683765,36495.92031606915,0.0,0.0,36495.92031606915,1665.094143919025,553.3489945678618,18445.902114126802,14941.180712442707,10800.0,10800.0,120437.57771666668,65910.18289999999
2025-05-21,61403.24818093377,37232.575989073244,0.0,0.0,37232.575989073244,2790.0344356930564,4054.469316666667,16821.732343372154,13625.603198131445,10800.0,10800.0,120283.05128333333,68920.43599999999
2025-05-22,60682.79108959948,36807.294396328216,2.57000000000005,17.333365000000338,36824.627761328215,3662.1187467122213,2813.8056937386873,17856.87280253636,14464.06697005445,10800.0,10800.0,119729.68001666667,68913.0492
2025-05-23,30093.435686590175,15752.650816475656,0.0,0.0,15752.650816475656,2078.608797452185,17702.942032455132,20478.610386050153,16587.674412700624,10800.0,10800.0,74983.38438333332,68562.43549999999
2025-05-24,30546.686459386096,16075.863928129773,0.0,0.0,16075.863928129773,2346.158808113174,20681.77845446961,19811.830597210457,16047.582783740472,10800.0,10800.0,74693.81781666668,70939.31643333333
2025-05-25,59576.51652688735,36126.85762249585,0.0,0.0,36126.85762249585,3933.9597583730983,3807.131957760578,17317.971723264964,14027.55709584462,10800.0,10800.0,120319.8776,71774.86741666666
2025-05-26,57693.799554415906,35237.69148914373,1465.447580206116,10068.057976725151,45305.74946586888,1338.7706277096804,0.0,17056.018720591324,13815.375163678975,10800.0,10800.0,119407.96936666666,64828.13641666666
2025-05-27,60677.80542168594,36832.561579671776,0.0,0.0,36832.561579671776,4598.633303437124,3451.4825042124944,17038.538494928,13801.21618089168,10800.0,10800.0,120046.82734999999,70656.46005
2025-05-28,59754.39122449051,36255.91521446053,0.0,0.0,36255.91521446053,2621.7679250220153,1274.2569770524403,18866.011696926555,15281.469474510508,10800.0,10800.0,119921.84721666668,67648.02311666666
2025-05-29,59723.87983744086,36074.696912616535,17.817433333333497,119.77769558333443,36194.47460819987,1801.9341553273448,79.75388193422282,19736.240702698055,15986.354969185424,10800.0,10800.0,120439.31426666665,66329.19076666667
2025-05-30,30093.151326038525,15674.104742507825,0.0,0.0,15674.104742507825,1710.115471660766,17923.796457378754,20331.611212275508,16468.605081943162,10800.0,10800.0,74612.22448333332,68015.99121666668
2025-05-31,30328.311532766224,15879.528339753962,0.0,0.0,15879.528339753962,2390.8057298019785,15616.469504147011,20693.972362195957,16762.117613378723,10800.0,10800.0,74778.33258333334,66389.15103333333
2025-06-01,62002.97109015683,37409.959281332965,11049.03645050425,71385.95311066245,108795.91239199541,1.7053025658242404e-13,0.0,13926.653254760447,12099.472014099352,10800.0,9890.13013584068,128248.56003333333,57023.733733333334
2025-06-02,70996.82734595392,42575.751110461504,4186.305804259844,27830.61744482503,70406.36855528654,2253.3231563430663,7.826666666666824,21886.540664559005,17605.364787354978,9890.13013584068,10026.500303549368,128080.53698333332,59439.72953333333
2025-06-03,80208.75106144136,49561.461372541744,82.79216077816864,558.1398180576746,50119.60119059942,6453.210175009058,1205.3162666666663,20779.481353255658,16338.83140604519,10026.500303549368,10573.776403651465,128076.84056666668,59884.473733333325
2025-06-04,81009.74775908008,50201.494673588066,95.64264068003831,650.8005181149788,50852.295191703044,7123.8376368025,428.23212396432575,19497.15045059449,15589.090628267859,10573.776403651465,10800.0,128539.84358333334,58894.58276666667
2025-06-05,81894.22966844444,51122.54170674931,138.8218429716179,937.335249866265,52059.876956615575,6358.473976916376,712.9432999999999,20265.972623501475,16453.65640566845,10800.0,10757.534910408614,128455.92066666666,57306.60264999999
2025-06-06,36436.724568086414,19984.436739734745,1859.097378178659,12555.382692554882,32539.819432289627,86.5806813249842,3823.4936523232527,19823.071320468458,16292.319107851623,10757.534910408614,10495.72231232843,82747.415,51892.4196
2025-06-07,39156.64577558118,21558.232688599845,371.9980951660781,2595.0587118785606,24153.291400478403,466.8557470071465,4232.895121955975,18396.88315167323,14694.503316555758,10495.72231232843,10725.691241550167,83156.75975,52030.24658333333
2025-06-08,95116.7693739644,60899.80087842005,0.0,0.0,60899.80087842005,25079.469813999334,2266.315669135796,13258.856534514487,10672.795910351877,10725.691241550167,10800.0,128266.94665,63082.02338333333
2025-06-09,87079.04176305237,54966.51352555481,0.0,0.0,54966.51352555481,11520.551124402004,1049.4811333333332,18822.614589387904,15246.317817404204,10800.0,10800.0,128169.18798333334,57236.475249999996
2025-06-10,85190.8350542899,53656.61177124886,0.0,0.0,53656.61177124886,9407.821396628464,458.2999333333329,19506.681531551414,15800.412040556641,10800.0,10800.0,127414.49178333332,55796.047549999996
2025-06-11,85416.83189753532,53546.438044247094,0.0,0.0,53546.438044247094,4953.782369173486,0.0,23045.280061553487,18666.676849858326,10800.0,10800.0,128236.67731666665,52152.231
2025-06-12,87161.54112762697,55117.08082037525,0.0,0.0,55117.08082037525,10576.8282945395,448.5068666666666,19388.497542565667,15704.683009478194,10800.0,10800.0,127721.81298333332,55269.42155
2025-06-13,39953.40359598874,22630.394527627428,0.0,0.0,22630.394527627428,2230.8647293643216,5817.930755841517,18733.12847780475,15173.834067021846,10800.0,10800.0,81889.5904,53544.2767
2025-06-14,39290.64115803719,22137.123287533454,0.0,0.0,22137.123287533454,1207.7258702849435,8388.342480873134,18427.526615153234,14926.296558274116,10800.0,10800.0,82253.15711666667,56059.814366666666
2025-06-15,85808.92092885205,53964.42228648289,0.0,0.0,53964.42228648289,11366.749952360175,146.44399999999996,19309.224437676603,15640.471794518053,10800.0,10800.0,127368.88451666667,56741.910183333326
2025-06-16,85362.89325381976,53635.24785892842,0.0,0.0,53635.24785892842,8728.759233049492,0.0,20737.269495282137,16797.18829117853,10800.0,10800.0,127618.63201666666,54924.57919999999
2025-06-17,83005.68373168763,51841.108972421716,58.44043318417653,396.89271552907206,52238.00168795079,4246.302606559428,0.0,22004.264956030078,17823.45461438437,10800.0,10800.0,127311.7546,52674.743383333334
2025-06-18,85307.59908721902,53490.75301033226,16.929140988242125,114.11933940174018,53604.872349733996,10790.528096175349,87.41241666666656,18516.825344027588,14998.628528662348,10800.0,10800.0,126909.07891666668,55980.68801666667
2025-06-19,83590.46233720229,52399.42376056607,87.49188063433519,589.1963162077905,52988.620076773856,10497.366768722923,1128.3446166666663,19961.782276037073,16169.043643590026,10800.0,10800.0,127349.06689999999,59089.562699999995
2025-06-20,38102.47514788194,22080.901334367853,0.0,0.0,22080.901334367853,3513.0309721376907,8513.597943079852,19343.502014023146,15668.236631358752,10800.0,10800.0,81137.07971666666,58736.49886666667
2025-06-21,37971.96348688811,21833.000710009223,0.0,0.0,21833.000710009223,4190.771730201076,10592.554542342568,20283.667443918268,16429.7706295738,10800.0,10800.0,81408.0648,62073.3244
2025-06-22,76426.21948097995,47279.38118124893,3.1013645551699938,21.635119136865878,47301.016300385796,4556.903983639259,458.8342666666665,20822.32365910113,16866.082163871924,10800.0,10800.0,126539.46191666667,59082.12081666667
2025-06-23,77721.15406866046,48189.15061377079,0.0,0.0,48189.15061377079,6153.378846113092,451.8766666666668,21340.066083582667,17285.45352770196,10800.0,10800.0,126690.87308333332,59629.587083333325
2025-06-24,75763.41948586621,46970.85669121741,5421.094700261449,31389.260461344784,78360.11715256219,1007.3059218348734,0.0,20570.610601540953,16662.194587248174,10800.0,10800.0,127112.84501666666,50844.05276666667
2025-06-25,80713.2663735692,50197.908391653065,3.507297529062157,23.697055755108465,50221.605447408176,6177.743182660718,44.38776666666672,21353.79660581171,17296.575250707483,10800.0,10800.0,126310.40843333333,55872.98706666667
2025-06-26,80716.0849528349,50279.77634002312,48.85781094556296,329.6759351068261,50609.452275129945,9039.647746352417,302.66156666666666,20396.050618042416,16520.80100061436,10800.0,10800.0,126697.44536666665,59150.061533333326
2025-06-27,36145.74389871716,20490.432701724476,0.0,0.0,20490.432701724476,2852.9061732764453,9641.670328535272,20418.5343696778,16539.012839439023,10800.0,10800.0,79563.255,59791.60913333333
2025-06-28,36318.60301436002,20347.74543170272,0.0,0.0,20347.74543170272,2474.162270455765,8209.26354658671,20306.584635004685,16448.333554353798,10800.0,10800.0,80661.5728,58884.64668333333
2025-06-29,76514.46299452707,47294.25370764645,5.530223588463855,37.39260679339835,47331.64631443985,3154.6862752721536,0.0,21565.991629000313,17468.453219490257,10800.0,10800.0,126384.80871666667,57117.04018333333
2025-06-30,78586.44512275851,48834.537450627475,59.738856028543296,402.4364038660476,49236.973854493524,4627.1131483316485,97.35411666666664,21284.382791870517,17240.35006141512,10800.0,10800.0,125947.32058333333,56069.636600000005
2025-07-01,80307.23720936624,49900.7189339247,3764.073984365471,21690.016605098543,71590.73553902324,1912.3821719209031,0.0,21582.060294949748,18289.675306472265,10800.0,9901.992813818928,141546.85106666666,62680.30703333332
2025-07-02,82503.7870032434,51258.527230363026,1335.2571107081417,8715.489074811043,59974.01630517407,5704.458607129614,993.859266666667,20745.560409109814,16509.600535621204,9901.992813818928,10228.996586883086,141198.65821666666,68293.89185
2025-07-03,84881.22849964321,53440.555633777265,317.1649048663876,2210.563119318367,55651.11875309563,531.3568313238032,0.0,23133.931822675728,18227.314182823262,10228.996586883086,10796.96391304317,141565.53863333332,61805.119699999996
2025-07-04,43125.566775064966,25290.48682938291,430.8859287045557,1820.3980640930583,27110.884893475966,878.0060702976467,9760.98953333333,21393.531876287707,17356.94224281583,10796.96391304317,10765.651220795626,95795.06574999998,66914.19828333333
2025-07-05,44818.173694674915,26220.825635312736,0.0,0.0,26220.825635312736,1227.649221488655,10762.777593559385,21088.17374566455,17050.50683270435,10765.651220795626,10800.0,95872.83489999997,67082.75493333333
2025-07-06,89247.05752532295,56973.492163621006,52.59363781898787,366.8932174252594,57340.38538104627,5214.472165884006,221.7756333333332,21418.009546971574,17348.58773304698,10800.0,10800.0,141244.57465,61450.5931
2025-07-07,93671.42961096618,60275.8826760986,0.0,0.0,60275.8826760986,15265.829120684612,1846.5944166666668,16576.438457622287,13426.915150674053,10800.0,10800.0,141495.39414999998,68085.91138333332
2025-07-08,97037.82795158605,62368.541040503595,0.0,0.0,62368.541040503595,15883.113887924374,2185.683383333334,17882.335071903584,14484.691408241904,10800.0,10800.0,141285.22699999998,65713.83998333332
2025-07-09,92359.15817236877,59183.55779341127,0.0,0.0,59183.55779341127,13744.266069937465,1206.126188683128,17631.79419516583,14281.753298084317,10800.0,10800.0,140590.70496666664,66531.97995000001
2025-07-10,89358.40705800199,57015.66109597929,0.0,0.0,57015.66109597929,11413.190630139778,1554.5866666666664,18615.82304138012,15078.8166635179,10800.0,10800.0,140463.54224999997,67609.91886666666
2025-07-11,46582.69740535812,27813.793638531824,0.0,0.0,27813.793638531824,3618.1686610993447,6568.322841375918,20407.51975201508,16530.09099913222,10800.0,10800.0,94741.08840000001,62222.31125
2025-07-12,45553.74361378445,26840.964776184945,0.0,0.0,26840.964776184945,1666.8817256678526,8933.751550282024,20362.457918427594,16493.590913926353,10800.0,10800.0,95318.37109999999,64234.12776666667
2025-07-13,85422.69989646168,53753.38997301865,45.74591614041026,307.9448039698272,54061.33477698848,8997.816425282697,3614.964244477329,18883.919699168728,15295.974956326663,10800.0,10800.0,139893.36648333332,70625.64608333333
2025-07-14,78955.06329099496,49565.697225299795,296.6080798444591,2055.560101234866,51621.25732653466,2880.0360640468148,811.7246251028796,19748.586658016102,15996.35519299304,10800.0,10800.0,141062.42346666666,69254.74425
2025-07-15,84593.19168938912,53522.53184376063,0.0,0.0,53522.53184376063,8068.546274461316,259.14311666666686,18507.640604883185,14991.188889955378,10800.0,10800.0,139545.16266666667,66796.11208333333
2025-07-16,84797.47650199139,53387.49951969144,0.0,0.0,53387.49951969144,7819.078624769574,1218.3980999999999,19081.244178360448,15455.807784471963,10800.0,10800.0,140365.26538333332,68230.70199999999
2025-07-17,82542.69590107037,52156.25183669092,2.5577876926427052,17.281692545340437,52173.53352923626,4845.155649921916,929.5643152231455,21316.40872079626,17266.29106384497,10800.0,10800.0,139569.15928333334,66848.74321666665
2025-07-18,46092.83871011848,27461.63811703697,0.0,0.0,27461.63811703697,3515.004258131802,7605.622720689713,19462.96648051038,15765.002849213412,10800.0,10800.0,93698.0732,62423.825099999995
2025-07-19,45780.82837098646,27156.54194676355,0.0,0.0,27156.54194676355,2702.97424727185,12123.217921677118,19851.669221249962,16079.852069212473,10800.0,10800.0,94564.52239999999,67381.70335
2025-07-20,82841.18465136258,52201.17397080546,0.0,0.0,52201.17397080546,5946.194587138502,1129.4375614582455,19345.12782157459,15669.553535475428,10800.0,10800.0,138750.53876666666,66660.56055
2025-07-21,83740.24248404519,52613.29600037057,0.0,0.0,52613.29600037057,5168.823725983191,701.6560666666669,20421.122849449086,16541.10950805376,10800.0,10800.0,138442.8198,64453.07045
2025-07-22,84107.38562825782,52840.023500137366,29.75399131415054,200.65067910933806,53040.67417924671,6121.63232317387,304.5702019754185,20609.43409345275,16693.641615696728,10800.0,10800.0,139514.85881666664,65719.71419999999
2025-07-23,84668.32059965082,53213.59660698518,23.367034869986128,157.7165392619868,53371.313146247165,5346.78048972871,1054.3951862139927,21441.920220586588,17367.955378675135,10800.0,10800.0,139450.03365,65233.48653333333
2025-07-24,83741.4593885995,52720.6237304215,0.0,0.0,52720.6237304215,5911.646857914186,408.8475298937458,20023.64737258726,16219.154371795685,10800.0,10800.0,138902.21751666666,65285.74551666666
2025-07-25,45160.25266449201,26724.04111621635,0.0,0.0,26724.04111621635,3344.931277120092,11481.779289022814,20148.539640433883,16320.31710875145,10800.0,10800.0,92354.83968333332,65849.52011666665
2025-07-26,44838.09925276895,26518.12066433225,0.0,0.0,26518.12066433225,2950.1509991620574,9475.757867436389,20753.151681599164,16810.052862095323,10800.0,10800.0,93187.68993333333,64718.59836666666
2025-07-27,82780.69430328833,51930.84808246509,438.43610913167186,2200.6755003045373,54131.52358276963,5243.316813355088,111.26295962179825,21996.63599706904,17817.275157625918,10800.0,10800.0,138110.19628333332,64425.00648333333
2025-07-28,85008.54169582884,53538.872876631285,0.0,0.0,53538.872876631285,2923.4474369899035,0.0,21737.984344766326,17607.767319260725,10800.0,10800.0,138228.99843333333,60274.121199999994
2025-07-29,87354.54692599062,55191.89817109932,34.582164993700076,235.17146186334426,55427.06963296266,7115.427803493608,397.3654666666664,20037.31510960029,16230.225238776233,10800.0,10800.0,138314.74511666666,62245.49916666666
2025-07-30,87649.70348650076,55341.842579717566,0.0,0.0,55341.842579717566,8086.368725929942,1746.0667521624684,19547.44188635973,15833.42792795138,10800.0,10800.0,138424.36443333334,64321.11038333333
2025-07-31,85468.97401049068,53720.76346019213,0.5303341399089732,3.565171255538072,53724.32863144767,6221.349187650333,566.4607333333333,20982.621878843496,16995.92372186323,10800.0,10800.0,137423.31371666666,62728.31745
2025-08-01,44140.197630010836,25972.728156840458,0.0,0.0,25972.728156840458,2784.0558726482773,16313.782207185042,19952.630965846594,16161.631082335745,10800.0,10800.0,92719.42409999997,71468.06443333332
2025-08-02,43594.21904553354,25608.495878370184,0.0,0.0,25608.495878370184,2633.6076891048024,16184.220333954881,20259.821521792197,16410.45543265168,10800.0,10800.0,91562.24421666667,70635.21928333334
2025-08-03,77621.3086980831,48864.86825131147,143.52089402446745,967.3027022814568,49832.170953592926,6696.511923759166,4740.039743685991,18362.09442804777,14873.29648671869,10800.0,10800.0,138062.48614999998,75223.00616666666
2025-08-04,75048.55449835147,47526.36460534646,5.532874803613595,37.252846052730334,47563.617451399194,3828.6523559438933,2352.5132657416043,18196.140358611894,14738.873690475637,10800.0,10800.0,138312.10695,72896.45186666667
2025-08-05,74526.97845724488,47318.73596130841,0.0,0.0,47318.73596130841,4135.106178666647,1724.5040900648692,18500.30765884232,14985.249203662284,10800.0,10800.0,136458.49728333333,71306.18754999999
2025-08-06,74969.48780637105,47448.29800271808,521.3255833663723,3592.5549813896487,51040.85298410773,2387.0716127385904,1428.3228096196106,18976.398894076367,15415.379193363799,10800.0,10750.559900931174,136716.08779999998,68601.68853333333
2025-08-07,76186.91056764922,48245.76724730435,18.634832284877916,125.90624433277765,48371.67349163713,5535.253854851969,3617.491403086419,19054.30948859878,15389.49459660307,10750.559900931174,10800.0,136850.75446666667,73462.76921666667
2025-08-08,42530.61001762341,24791.151123414405,0.0,0.0,24791.151123414405,2193.6673912431793,20647.746818536612,20600.12925180856,16686.104693964942,10800.0,10800.0,90703.21611666668,74928.04486666666
2025-08-09,41732.15964998283,24208.041022735768,0.0,0.0,24208.041022735768,1204.3436882780084,17687.64881106627,20622.30605599239,16704.067905353833,10800.0,10800.0,90303.83174999998,71381.90275000001
2025-08-10,72224.14965474696,45895.83973723499,14.065508983441873,97.342090461805,45993.18182769679,2358.543978250528,992.6699165373068,18854.643257592466,15272.261038649893,10800.0,10800.0,136535.44471666665,71230.82566666666
2025-08-11,74040.55424922053,46819.894490658255,113.62213750201136,765.9252870788694,47585.819777737124,3145.3307659554453,2723.6296546888107,19599.80333023663,15875.840697491672,10800.0,10800.0,136422.26351666666,71861.01018333333
2025-08-12,73162.73276318301,46285.92565992336,639.2925712773931,4386.475415123866,50672.40107504723,1830.4877459307318,635.872745874834,18816.427329762355,15241.30613710751,10800.0,10800.0,136637.5967,68877.05304999999
2025-08-13,75599.37196180812,47845.415408938075,76.62017314886486,519.4888868204735,48364.90429575855,4810.962923447487,1241.252872772736,18435.77309861458,14932.97620987781,10800.0,10800.0,136547.99718333333,70427.01773333333
2025-08-14,74721.67272761939,47272.238117241104,73.18066414060002,501.9930985401994,47774.23121578131,3165.9992753148804,1802.3310411743855,20527.5373259862,16627.30523404882,10800.0,10800.0,135936.05536666667,70009.76438333333
2025-08-15,42506.912036057314,24808.229344707433,0.0,0.0,24808.229344707433,1848.739981298679,19579.736781454823,20624.780999844617,16706.072609874143,10800.0,10800.0,89968.05776666666,72808.33088333333
2025-08-16,42203.54355774855,24547.435159222834,0.0,0.0,24547.435159222834,1556.3052806428223,19758.0313880026,20841.718539139238,16881.792016702784,10800.0,10800.0,90183.53034999999,73254.24998333333
2025-08-17,73339.98240283561,46722.60734904374,48.56185442619039,326.86441365286953,47049.47176269661,3465.186497427099,3035.6402499999995,19591.17838509495,15868.85449192691,10800.0,10800.0,135369.1165,72203.72288333334
2025-08-18,74080.36149827554,47082.664237301346,118.97235754883013,807.3720415928849,47890.03627889423,4056.5046791482764,2006.0014534360832,19698.484771438656,15955.772664865319,10800.0,10800.0,135710.17471666663,71316.0591
2025-08-19,74879.39991623918,47607.64769663276,114.04493314538263,769.3303711456301,48376.97806777839,4224.99773264312,2985.653933352197,18237.542807311846,14772.409673922593,10800.0,10800.0,135364.48288333334,71046.82283333334
2025-08-20,74424.22078841554,47253.03704075423,1591.6397240424237,10063.161885467294,57316.19892622152,1473.907102000554,0.0,20480.32812521447,16589.065781423724,10800.0,10800.0,135048.05366666664,64397.3626
2025-08-21,78174.34241872517,49261.18145599893,0.0,0.0,49261.18145599893,6391.428038771115,2462.889933333333,18292.662964670468,14817.057001383077,10800.0,10800.0,134971.7989,69127.38041666665
2025-08-22,42616.90626892114,24756.98556162656,0.0,0.0,24756.98556162656,887.6867877798734,16517.677074539482,20952.489508430466,16971.516501828686,10800.0,10800.0,90531.7304,69301.161
2025-08-23,42766.20219364159,24967.725884467793,0.0,0.0,24967.725884467793,1708.9820037329127,14622.65204352675,20550.32629674698,16645.764300365052,10800.0,10800.0,89697.14623333335,67167.14008333333
2025-08-24,77486.32782486259,49034.59552970524,0.0,0.0,49034.59552970524,6182.528368330419,3893.9598777777783,19348.684712742415,15672.43461732136,10800.0,10800.0,135068.0714,71334.48191666667
2025-08-25,77375.90891693038,49115.76251395199,0.0,0.0,49115.76251395199,2460.4596220102803,253.612240186005,20467.105463512788,16578.35542544536,10800.0,10800.0,134511.61375000002,63738.52673333334
2025-08-26,80193.30168297075,50725.06028846942,0.0,0.0,50725.06028846942,8477.826903042229,2495.178783333334,19428.82954348348,15737.351930221628,10800.0,10800.0,134368.96393333332,68840.14554999999
2025-08-27,80046.4668118185,50680.23285044909,0.0,0.0,50680.23285044909,5778.447818756493,2413.5014,20738.7827705018,16798.414044106456,10800.0,10800.0,133788.3821,65874.23323333333
2025-08-28,79245.12240745575,50331.90816774241,61.32621564682324,413.3855944378404,50745.29376218025,4581.528958430009,0.0,20826.972007048633,16869.847325709394,10800.0,10800.0,134543.81656666665,63776.02158333333
2025-08-29,44506.70136668209,26276.406488724464,0.0,0.0,26276.406488724464,2860.5123618645057,15216.997031684714,20389.324332278295,16515.352709145423,10800.0,10800.0,88328.33255,65773.11219999999
2025-08-30,43965.58131396418,25833.690707721056,0.0,0.0,25833.690707721056,1512.1701205589848,20232.490021048405,19516.849152755072,15808.64781373161,10800.0,10800.0,89025.08758333333,70512.36774999999
2025-08-31,76810.59598466358,48900.29749479931,22.10413977586552,150.16713817568294,49050.464632974996,4427.893665499738,1992.7886845003627,19817.86679529479,16052.472104188782,10800.0,10800.0,133365.35983333332,66718.73675
2025-09-01,78095.94285145908,49520.540294860686,0.0,0.0,49520.540294860686,16780.82899978558,4732.72385,15832.92351757993,12824.66804923975,10800.0,10800.0,121263.61926666666,67689.48473333333
2025-09-02,69137.26138733429,43625.640756043555,0.0,0.0,43625.640756043555,9808.409249650214,1618.585868737418,19223.739047087736,15571.228628141067,10800.0,10800.0,121532.82415,67475.0683
2025-09-03,66973.14123407095,42159.446260986246,0.0,0.0,42159.446260986246,5647.2679858121355,2374.029803703705,17916.453655553203,14512.327460998094,10800.0,10800.0,121433.71643333335,65885.99918333333
2025-09-04,66040.31350742835,41593.315779785364,0.0,0.0,41593.315779785364,5446.769164318926,2939.6868166666663,19622.589349698752,15894.297373255995,10800.0,10800.0,121061.17303333334,67135.60748333333
2025-09-05,38633.61017395745,22166.14247703477,0.0,0.0,22166.14247703477,6134.4426543199315,22098.410663660587,18823.658891106643,15247.163701796382,10800.0,10800.0,75132.98044999999,68308.71878333333
2025-09-06,37570.79506090317,21365.83475647215,0.0,0.0,21365.83475647215,5669.711269879732,20460.952100118895,19573.936794234407,15854.888803329868,10800.0,10800.0,75826.37416666666,68105.29046666666
2025-09-07,59372.57370151019,37540.67868774879,1033.955569712707,6401.066736882851,43941.74542463164,1581.834571581369,0.0,20335.32148934141,16471.61040636654,10800.0,10800.0,120781.00903333334,65820.02541666666
2025-09-08,54570.35067793899,33592.26788651354,7809.9654416915955,50831.512668674055,84423.7805551876,32.1663357163618,0.0,16965.34032880421,14012.76007822332,10800.0,10499.072875675656,121400.59243333334,62005.022899999996
2025-09-09,61337.37321203417,37652.83538347657,945.7508509361732,6334.8684793614375,43987.70386283801,1526.8701309377834,3634.3338088249698,20399.480522628968,16380.394666088047,10499.072875675656,10658.16682816612,121082.23558333333,67979.40131666666
2025-09-10,62268.2281090349,38624.16525101169,3341.0982029545694,20969.47042902941,59593.6356800411,450.3604741291215,0.0,19560.59151929813,15717.62433143778,10658.16682816612,10798.672160603575,121274.78848333334,59958.78983333332
2025-09-11,66230.49202549501,40840.85924385781,0.0,0.0,40840.85924385781,4221.465822872638,4626.88758007229,20446.619914526178,16560.567075309424,10798.672160603575,10800.0,120746.77835,67250.69256666666
2025-09-12,37144.24156646509,20696.54362388375,0.0,0.0,20696.54362388375,3774.5694896091854,18101.989561996223,19558.03323610358,15842.006921243896,10800.0,10800.0,75687.22711666666,64135.570916666664
2025-09-13,38220.449148540225,21330.56756361473,0.0,0.0,21330.56756361473,4388.640126891365,22226.49361458105,18937.968019655116,15339.754095920642,10800.0,10800.0,75063.58311666666,67056.48163333333
2025-09-14,65403.9697257401,40679.403807755916,197.88674708040094,1267.9400982368652,41947.343905992784,1578.8536890432533,0.0,20650.93701988031,16727.25898610305,10800.0,10800.0,121237.69566666664,61138.370916666674
2025-09-15,66226.32939027614,40527.10839243218,407.8970514587943,2795.2265849657315,43322.33497739791,3835.875818486111,3752.408383333333,20941.640034642853,16962.728428060705,10800.0,10800.0,120760.02988333334,65692.99925
2025-09-16,68257.95090940826,42589.923064620336,8.238266666666732,55.38174766666711,42645.304812287,2484.9979493744954,2562.645055244818,19614.611516433055,15887.835328310772,10800.0,10800.0,121843.35746666667,62351.58748333332
2025-09-17,69838.93373348114,43413.48311224102,0.0,0.0,43413.48311224102,4194.450323710304,1850.3057564324963,20179.259228096587,16345.199974758238,10800.0,10800.0,120924.795,60964.67659999999
2025-09-18,69745.92036167101,43485.940615012565,0.0,0.0,43485.940615012565,4527.641912115856,2466.5260225137254,19977.375317761976,16181.674007387202,10800.0,10800.0,120804.11636666665,61848.06525
2025-09-19,36279.18434105769,19950.349186328796,0.0,0.0,19950.349186328796,1989.6271032424947,14467.341211855452,19583.49320680564,15862.629497512567,10800.0,10800.0,75287.12646666665,59185.77414999999
2025-09-20,36167.9666248413,19795.69795854962,0.0,0.0,19795.69795854962,1905.1020660735144,14775.571150793525,20220.31407705753,16378.454402416599,10800.0,10800.0,75330.72763333333,59685.293900000004
2025-09-21,73030.13995764247,45540.40375955911,0.0,0.0,45540.40375955911,7243.798000272188,4150.464783333333,17623.10363528224,14274.713944578616,10800.0,10800.0,120862.28298333334,62574.79549999999
2025-09-22,71795.52772689116,44735.08478877036,19.555900000000065,131.78740035000044,44866.87218912036,4455.790762368592,3107.4232530046347,19146.57751676106,15508.727788576462,10800.0,10800.0,121218.04173333333,60604.02185
2025-09-23,73786.83147295893,46091.88937413781,1.8876402835927593,12.731189892691365,46104.620564030505,5364.21018935985,2552.603983333334,19764.680827452743,16009.391470236726,10800.0,10800.0,121182.28133333335,59065.66574999999
2025-09-24,73644.02393757245,45981.384589233945,0.0,0.0,45981.384589233945,5923.763448900356,2949.653745595212,19512.53496356256,15805.153320485677,10800.0,10800.0,121014.19341666666,59950.968316666665
2025-09-25,73099.9329235637,45923.46758370387,15.37166666666667,103.4974316666667,46026.96501537054,5850.265380707062,3368.4021,18743.095839596386,15181.907630073076,10800.0,10800.0,120546.34715,60210.89825
2025-09-26,37540.67366259344,20720.41370372248,0.0,0.0,20720.41370372248,3336.1649576146037,12879.135897723148,19111.20688029311,15480.07757303742,10800.0,10800.0,74194.35371666666,56500.11021666667
2025-09-27,37002.440422946565,20342.553195366527,0.0,0.0,20342.553195366527,1370.6706594770349,13948.887821135024,20429.36680176053,16547.787109426026,10800.0,10800.0,75945.77174999999,58144.46949999999
2025-09-28,73831.42031475967,46073.95893526014,5.868333333333339,39.56136916666671,46113.520304426806,5350.901494404632,1108.8938999999993,20472.968879061642,16583.10479203993,10800.0,10800.0,120389.61958333333,56901.99041666667
2025-09-29,75345.12131523076,47122.42656431631,5.620383333333393,39.20779413333375,47161.63435844964,6625.8747695952725,2231.435006708377,19650.212222423404,15916.671900162959,10800.0,10800.0,121111.41479999998,58351.523199999996
2025-09-30,76067.09728711026,47800.866161407685,30.516404820242087,206.18408916796565,48007.05025057565,5416.010333410065,1376.4780195879275,20436.581959293886,16553.631387028046,10800.0,10800.0,120916.45506666666,55494.2803
2025-10-01,76408.93959416401,47741.42566299949,0.0,0.0,47741.42566299949,15366.426217668803,8293.123498861034,16251.938654214951,13164.070309914112,10800.0,10800.0,117218.45471666666,67556.93318333334
2025-10-02,69668.1118805032,43627.9183273424,0.0,0.0,43627.9183273424,9276.310350327165,5159.512199999999,18428.980071102003,14927.47385759262,10800.0,10800.0,117231.70978333332,65500.926666666666
2025-10-03,35977.512035272484,19539.02500525607,0.0,0.0,19539.02500525607,5033.240498421265,19651.52200791586,18292.60962597561,14817.013797040248,10800.0,10800.0,71524.19113333333,63707.03743333333
2025-10-04,35846.057349737486,19503.870412272365,0.0,0.0,19503.870412272365,4258.477599248229,14823.591197227315,19305.29536804533,15637.289248116724,10800.0,10800.0,72397.41483333331,59301.4324
2025-10-05,66163.33053781651,40911.09255744361,0.0,0.0,40911.09255744361,4543.030562798469,3211.024416564771,19333.23416729799,15659.91967551137,10800.0,10800.0,117604.42089999998,62868.459833333334
2025-10-06,66103.05659566322,40976.88044171072,0.0,0.0,40976.88044171072,3085.0334375663633,1501.3915886674265,19913.275365418165,16129.753045988717,10800.0,10800.0,117896.13613333332,60163.026883333325
2025-10-07,66071.08716618663,40972.906473252224,65.28239630704518,314.4925097225024,41287.39898297473,3585.3994371435256,862.1703165975123,20617.035835540188,16699.799026787547,10800.0,10800.0,117357.17863333331,59585.615633333335
2025-10-08,63355.22730268521,38444.30840940339,72.02065437918611,495.3091272765814,38939.61753667997,1350.6711431896922,1558.8908783311708,21258.89615198354,17219.705883106668,10800.0,10800.0,117391.06235,60912.56668333334
2025-10-09,64343.70186660132,39199.88251965858,0.0,0.0,39199.88251965858,1793.9231375453242,2815.694266309392,20916.330417964615,16942.227638551343,10800.0,10800.0,117432.98973333335,61673.008050000004
2025-10-10,34141.12748579872,17865.84089218756,0.0,0.0,17865.84089218756,1700.4479471838533,19343.81224008691,19753.980957164713,16000.724575303419,10800.0,10800.0,72371.53011666666,63027.919200000004
2025-10-11,35126.46766904435,18452.812786938008,0.0,0.0,18452.812786938008,2432.8623769892647,14858.6591789921,19624.381735419254,15895.7492056896,10800.0,10800.0,71790.96475,57684.65116666666
2025-10-12,67383.19880777311,41409.14920791237,12.061483191562047,56.49598726927663,41465.64519518165,3235.752443149342,1860.3632333333335,19916.782269203497,16132.593638054832,10800.0,10800.0,117709.38418333333,59194.4282
2025-10-13,70012.79517313515,43206.856331570394,0.0,0.0,43206.856331570394,6158.310929161627,3115.750538056078,19533.36003114452,15822.021625227062,10800.0,10800.0,117677.75383333334,60650.358533333325
2025-10-14,68957.99605535022,42581.947760355,0.0,0.0,42581.947760355,3160.488380922095,1105.7052529365556,20620.911253464412,16702.938115306177,10800.0,10800.0,118032.22918333334,57258.3999
2025-10-15,69685.4761957093,42824.56772935821,0.0,0.0,42824.56772935821,2825.191724722929,1093.3223424999833,20247.04462361259,16400.1061451262,10800.0,10800.0,117342.48076666666,55422.457116666665
2025-10-16,71506.93438140274,43979.73936698536,473.5054578336813,3303.1740738477606,47282.91344083312,3356.050393852603,1656.1114166666662,21062.131993248142,17060.326914530993,10800.0,10800.0,117733.27633333334,54766.80338333333
2025-10-17,35540.21901395974,18700.278628338423,0.0,0.0,18700.278628338423,2228.9666986439515,13663.134718529702,19178.517263786413,15534.598983666994,10800.0,10800.0,71943.17253333333,55938.973216666665
2025-10-18,35187.73180420288,18419.878254874726,0.0,0.0,18419.878254874726,1719.7445924179578,13739.079732994283,19222.706379599855,15570.392167475879,10800.0,10800.0,71656.70145,55580.10818333334
2025-10-19,72941.28004189717,44694.79719114289,290.7724680609839,2023.4629452406662,46718.26013638356,3891.3686059473066,1423.735713107586,21216.977145104953,17185.751487535013,10800.0,10800.0,117991.24738333334,54105.524849999994
2025-10-20,74475.38196970017,45948.94483588872,0.0,0.0,45948.94483588872,4995.961639146664,915.3882166666667,21701.3144590536,17578.06471183342,10800.0,10800.0,117903.31864999999,53462.536283333335
2025-10-21,75862.16969644657,46849.933176805105,0.0,0.0,46849.933176805105,4572.259402209673,798.6254166666668,21203.7027766854,17174.99924911517,10800.0,10800.0,117800.84898333333,51338.26763333334
2025-10-22,76933.6114550076,47543.89502108668,0.0,0.0,47543.89502108668,5824.438598056802,1467.6188257784274,21508.722795644073,17422.065464471696,10800.0,10800.0,117671.98653333333,52117.08983333333
2025-10-23,77586.40495591881,48197.249337964255,0.0,0.0,48197.249337964255,8443.150940152022,1937.7505333333331,20136.876047895516,16310.869598795372,10800.0,10800.0,117212.01551666665,53832.51848333333
2025-10-24,36173.448603788784,19105.390708988103,0.0,0.0,19105.390708988103,1891.3886270701012,12089.163229683276,19857.08437036176,16084.238339993026,10800.0,10800.0,72135.51853333332,53715.467816666656
2025-10-25,35546.056520224105,18615.1533348696,0.0,0.0,18615.1533348696,1347.6585436208038,11008.78130884603,19953.59965486284,16162.415720438905,10800.0,10800.0,72042.787,52644.35426666667
2025-10-26,75784.13316567613,46862.734767282964,0.0,0.0,46862.734767282964,5949.116953854584,1380.8473833333323,20578.193746429184,16668.33693460764,10800.0,10800.0,117422.34435,52878.032333333336
2025-10-27,76225.91835106158,47192.62645513565,0.0,0.0,47192.62645513565,6733.8537206993415,1994.9516333333324,20760.691212432906,16816.159882070653,10800.0,10800.0,117790.56431666666,54237.98265
2025-10-28,76407.78747515158,47358.02181686749,0.0,0.0,47358.02181686749,5855.417486778756,525.7109434745248,21338.09128893845,17283.85394404015,10800.0,10800.0,117514.14479999998,51541.7231
2025-10-29,76700.87235124747,47738.02657580906,0.0,0.0,47738.02657580906,3067.9130635711226,0.0,22740.53940882286,18419.83692114651,10800.0,10800.0,117721.61451666665,48409.357716666666
2025-10-30,78420.34948548967,48913.442438317696,0.0,0.0,48913.442438317696,7620.250177709215,2289.8329666666664,19591.835216388397,15869.386525274604,10800.0,10800.0,116916.07056666666,52128.252916666665
2025-10-31,37027.32597197978,19738.316251704986,0.0,0.0,19738.316251704986,2142.4954167087153,7272.736562707265,19514.746978405983,15806.945052508847,10800.0,10800.0,71748.98903333333,47844.69696666667
2025-11-01,36880.16235162594,19579.872246259598,0.0,0.0,19579.872246259598,2305.550837687573,8343.398640105044,19406.181265789477,15719.00682528948,10800.0,10800.0,71974.20948333332,49430.171050000004
2025-11-02,79099.91151208286,49189.644979590325,62.41842170256382,435.4309097970852,49625.07588938741,5765.674583989816,486.47326666666675,21651.5692094506,17537.771059654988,10800.0,10800.0,117843.23631666666,49046.85238333333
2025-11-03,80082.19983108129,50096.10656685229,0.0,0.0,50096.10656685229,6031.774165671547,755.9263166666666,19945.10034426185,16155.5312788521,10800.0,10800.0,117808.91503333335,48303.98475
2025-11-04,80473.45274694392,50176.24586739579,8.142286743822865,38.1384711080663,50214.384338503856,7196.434831050123,1843.1651999999997,20325.910364759475,16463.98739545518,10800.0,10800.0,117396.61073333333,49816.53869999999
2025-11-05,80237.07776050191,50224.36506061026,0.0,0.0,50224.36506061026,5504.608930801758,1106.9973999999997,20776.0598054395,16828.608442406,10800.0,10800.0,117764.40761666666,48086.38755
2025-11-06,79586.17123234745,49725.93577293601,0.0,0.0,49725.93577293601,3936.784638103544,0.0,22525.273917073282,18245.47187282936,10800.0,10800.0,117713.09413333333,46343.50958333333
2025-11-07,38382.947156388065,20594.113789732844,0.0,0.0,20594.113789732844,2886.0026682107905,8439.861112202518,19676.955750744364,15938.33415810294,10800.0,10800.0,72212.37866666666,48893.91688333334
2025-11-08,38257.91805377057,20284.28102516543,0.0,0.0,20284.28102516543,2780.1639236833844,8103.241744866595,18859.501501160965,15276.196215940381,10800.0,10800.0,72034.86681666666,48243.65971666666
2025-11-09,80495.44865109408,50370.72244837275,0.0,0.0,50370.72244837275,4282.940568612146,785.2937166666668,21475.77464464172,17395.37746215979,10800.0,10800.0,117877.67016666665,46530.85298333332
2025-11-10,81774.57997822702,51202.06894388172,0.0,0.0,51202.06894388172,3441.1085828389287,287.3526499999998,22040.398133621562,17852.72248823347,10800.0,10800.0,118420.10276666668,44561.65966666666
2025-11-11,82103.13405300306,51578.69295336539,0.0,0.0,51578.69295336539,5921.9009609173245,639.3925166666663,20962.215309223197,16979.394400470792,10800.0,10800.0,117957.86745000002,46398.84778333333
2025-11-12,82309.08148370369,51736.91164929037,0.0,0.0,51736.91164929037,6547.825934449022,750.8736500000001,21338.916575024603,17284.52242576993,10800.0,10800.0,117416.71383333334,46460.72608333333
2025-11-13,81718.20690549439,51483.809805355006,27.752701211417275,193.60284365084692,51677.412649005855,5160.453246311239,266.887333333333,20646.04058102402,16723.29287062945,10800.0,10800.0,117780.10726666666,45384.23595
2025-11-14,37881.57492559722,20227.743501585126,0.0,0.0,20227.743501585126,1813.321019613103,4796.786126510723,19331.644628807342,15658.632149333947,10800.0,10800.0,71737.89309999999,44139.43779999999
2025-11-15,37437.11873359246,19884.788377334087,0.0,0.0,19884.788377334087,1696.2394891266722,3617.9932483703196,20584.205681204294,16673.206601775484,10800.0,10800.0,72466.97681666666,44255.0899
2025-11-16,83607.59867273715,52628.56539441858,0.0,0.0,52628.56539441858,4456.013142075263,457.63815891454306,22417.9104653369,18158.507476922885,10800.0,10800.0,118360.27023333334,43925.72585
2025-11-17,85109.53822588947,53739.45783083031,0.0,0.0,53739.45783083031,7956.797170209166,387.17712773469543,21420.050497959342,17350.24090334707,10800.0,10800.0,117269.71065,44573.956316666656
2025-11-18,83842.56305374896,52913.00355424904,0.0,0.0,52913.00355424904,4756.343193594197,71.139183333333,21708.04654467415,17583.517701186058,10800.0,10800.0,117783.68650000001,42893.134666666665
2025-11-19,84251.46642047488,53106.86448817715,1.3850000000001046,6.301057500000476,53113.16554567715,4378.834095810265,105.0795333333333,23161.190480691017,18760.564289359725,10800.0,10800.0,118179.70134999999,42811.38975
2025-11-20,85223.41889113167,53844.341448402876,0.0,0.0,53844.341448402876,6181.224795970222,94.43773333333331,21866.73857102523,17712.058242530435,10800.0,10800.0,117846.45723333333,43053.3812
2025-11-21,39326.0290438111,21024.020604549256,0.0,0.0,21024.020604549256,2221.1180145425888,4653.613508026065,18878.491866188306,15291.578411612534,10800.0,10800.0,71999.17709999999,43134.793033333335
2025-11-22,39193.47453577079,20822.625019706422,0.0,0.0,20822.625019706422,1753.279174464365,3513.2624143802004,19511.07086101524,15803.967397422351,10800.0,10800.0,72549.91013333332,42330.080649999996
2025-11-23,85786.1543962658,54147.28182087675,0.0,0.0,54147.28182087675,5691.358536481075,475.00231129857843,23093.14350080433,18705.446235651514,10800.0,10800.0,117782.6922,42550.595916666665
2025-11-24,85426.25257800013,53916.02709077703,18.83966666666663,88.2449986666665,54004.2720894437,6762.886221076005,463.0363,21353.82117679369,17296.595153202896,10800.0,10800.0,117975.68781666667,43813.74411666667
2025-11-25,85185.87819031674,53752.08120689859,0.0,0.0,53752.08120689859,4572.876483323992,100.00658333333354,22864.91924733029,18520.584590337545,10800.0,10800.0,117682.39221666666,41513.73175
2025-11-26,85862.63597074446,54276.34998923365,28.91981559590431,135.4604162512158,54411.810405484866,4765.917062184857,2.9483333333332666,22973.80793415182,18608.784426662976,10800.0,10800.0,117686.43673333334,40928.76985
2025-11-27,86243.58908822559,54600.75029273822,0.0,0.0,54600.75029273822,6052.8543052224195,214.0128166666666,22083.311752648322,17887.482519645142,10800.0,10800.0,117198.14165,41417.248916666664
2025-11-28,40003.52103251074,21317.98561102524,0.0,0.0,21317.98561102524,2079.339612312661,3369.807161733499,19121.76688665573,15488.63117819114,10800.0,10800.0,72239.02128333332,41317.78273333333
2025-11-29,40317.042792099775,21428.109356168305,0.0,0.0,21428.109356168305,1833.8715208183423,0.0,18703.795638323336,15150.074467041899,10800.0,10800.0,72156.19988333333,37226.74978333333
2025-11-30,88449.60089286554,56032.347823999226,1.7815891482654251,8.344963570475251,56040.6927875697,3660.2917710490574,0.0,23927.697864726746,19381.435270428665,10800.0,10800.0,118008.83443333332,37764.006316666666
2025-12-01,89618.46931270111,56873.76990889442,3121.3502721368504,15223.330526460186,72097.1004353546,1703.1337818645238,0.0,24935.56878757962,20197.810717939494,10800.0,10800.0,125291.39163333332,38992.4639
2025-12-02,93058.14266008427,59472.45395026286,2082.739557762929,10250.397404092495,69722.85135435536,1825.4477215225202,0.0,24619.076559603553,19941.452013278875,10800.0,10800.0,125400.62359999999,36762.81365
2025-12-03,97940.94479417062,63474.43161767928,0.0,0.0,63474.43161767928,6412.728605696157,0.0,22976.145377935714,18610.67775612793,10800.0,10800.0,124622.93113333332,37460.18256666666
2025-12-04,98594.24042818448,63938.14581202438,32.967699489211896,182.5316841132014,64120.67749613758,7274.32649580299,0.0,24114.06779931958,19532.39491744886,10800.0,10800.0,125336.25094999999,38565.0422
2025-12-05,50311.255399805115,26903.92194166375,0.0,0.0,26903.92194166375,4205.761191775406,933.7174800474787,20316.57391920479,16456.42487455589,10800.0,10800.0,78868.07108333333,37556.4434
2025-12-06,50915.090788577014,27101.529364524744,0.0,0.0,27101.529364524744,2856.846267229376,523.3111832733326,20370.01327056654,16499.710749158894,10800.0,10800.0,79470.82114999999,35806.19033333333
2025-12-07,101560.33276447482,66067.17452613014,0.0,0.0,66067.17452613014,9621.910526997286,0.0,22556.531513039703,18270.79052556216,10800.0,10800.0,125067.46291666666,37414.78166666666
2025-12-08,104667.25750337372,68053.37174158295,0.0,0.0,68053.37174158295,12626.21373646351,0.0,22072.803422334444,17878.9707720909,10800.0,10800.0,124410.35393333333,36563.14281666666
2025-12-09,103972.6266205032,67488.00244153528,15.861879701310045,92.53233190262233,67580.5347734379,12213.19792526334,0.0,23088.61214881329,18701.77584053877,10800.0,10800.0,124694.68108333333,37306.22681666666
2025-12-10,101047.60049359323,65265.54584502948,0.0,0.0,65265.54584502948,8331.510676521637,0.0,22781.428160025964,18452.956809621028,10800.0,10800.0,124378.76451666666,35991.146049999996
2025-12-11,100376.12247722861,64843.45377646372,0.0,0.0,64843.45377646372,10086.102245360187,0.0,22782.976483517963,18454.210951649547,10800.0,10800.0,123787.79896666665,37826.544266666664
2025-12-12,52654.27918643725,28007.09401163619,0.0,0.0,28007.09401163619,3615.577372720673,1643.5620999999999,19372.243317806584,15691.517087423337,10800.0,10800.0,78661.70368333333,34947.2902
2025-12-13,52846.570941415484,27849.207305528296,0.0,0.0,27849.207305528296,4130.307736214834,1132.38245,19922.880904564838,16137.533532697513,10800.0,10800.0,78840.15754999999,35041.62416666666
2025-12-14,98002.23479054781,62916.91125953471,0.0,0.0,62916.91125953471,4580.65289957074,0.0,24436.105741984637,19793.245651007557,10800.0,10800.0,124522.58584999999,35743.86405
2025-12-15,99922.29571206972,64188.30671135771,0.0,0.0,64188.30671135771,5870.082076189218,0.0,24119.240364283436,19536.584695069585,10800.0,10800.0,124305.22548333334,34835.66751666667
2025-12-16,99325.12787391225,63880.07632038921,0.0,0.0,63880.07632038921,5340.543012500466,0.0,24034.17646357083,19467.682935492383,10800.0,10800.0,124646.94338333333,35228.852049999994
2025-12-17,98002.54978375928,62627.65283067463,0.0,0.0,62627.65283067463,5241.126785919661,0.0,24050.399637752394,19480.82370657944,10800.0,10800.0,124466.55464999998,36274.70758333333
2025-12-18,97158.9555947393,62250.00920255403,0.0,0.0,62250.00920255403,5090.408719773652,0.0,24748.841622626172,20046.561714327192,10800.0,10800.0,124315.35926666665,36949.0923
2025-12-19,51948.51982303063,27451.598503883073,0.0,0.0,27451.598503883073,3388.964745700073,1895.7138990755748,19765.52567502623,16010.075796771247,10800.0,10800.0,78593.32543333333,35684.93413333333
2025-12-20,51970.35605815822,27375.181487277485,0.0,0.0,27375.181487277485,3277.3038617502652,1998.9838972686175,20198.50552178604,16360.789472646695,10800.0,10800.0,78668.52011666665,35812.16786666666
2025-12-21,97558.19422250151,62541.24800974358,0.0,0.0,62541.24800974358,3901.417529895431,0.0,24310.499083891682,19691.504257952256,10800.0,10800.0,124376.44096666668,35338.6591
2025-12-22,98296.86032618245,62979.130636108035,69.00795904221111,332.07945072971285,63311.210086837746,4771.908800330258,0.0,24508.06527137404,19851.532869812978,10800.0,10800.0,124718.45381666665,35781.02673333333
2025-12-23,97981.56392154345,62837.800647916476,0.0,0.0,62837.800647916476,6219.283547113151,0.0,23706.25179524726,19202.06395415028,10800.0,10800.0,123956.65456666665,36698.56203333333
2025-12-24,96867.10765186473,61862.465260737066,60.03141176603333,418.7791284798485,62281.24438921692,4387.47748023852,0.0,24658.432982766193,19973.33071604062,10800.0,10800.0,123954.37128333334,36099.81196666666
2025-12-25,96339.76610532521,61718.04726493703,38.21882138975718,262.05989668964594,61980.10716162667,4003.852259162951,0.0,24008.863864308893,19447.179730090207,10800.0,10800.0,123789.85789999997,35977.40936666667
2025-12-26,51474.35714101746,27161.61068362279,0.0,0.0,27161.61068362279,3341.8928534122415,1307.788461481188,20089.75469889846,16272.701306107752,10800.0,10800.0,78270.30765,35262.685216666665
2025-12-27,51402.034474136926,26975.858312717184,0.0,0.0,26975.858312717184,2757.6307954593312,1504.6289666666667,20005.082343917165,16204.116698572898,10800.0,10800.0,78409.18393333333,35070.374866666665
2025-12-28,97716.00504469415,62667.18489242879,52.38729550125572,305.1878384597368,62972.37273088853,6525.0519623448035,0.0,23337.292778161052,18903.207150310456,10800.0,10800.0,123511.26975,36702.015
2025-12-29,97551.65768462242,62494.6270482252,0.0,0.0,62494.6270482252,5617.29138259431,0.0,23213.684396639223,18803.08436127777,10800.0,10800.0,123677.30638333331,36153.54011666667
2025-12-30,95955.70631515204,61232.26077377726,6.738763459842289,39.36448675066873,61271.62526052793,5168.586723400968,0.0,24049.767132689085,19480.311377478163,10800.0,10800.0,123526.50905,37302.10645
2025-12-31,89871.46545312583,58472.37722390791,66.99072404229912,309.3315764816781,58781.70880038959,1896.1820746202516,0.0,19995.99850229907,20600.147333084526,10800.0,5907.346059753024,123791.70508333333,35145.28214999999
