代号,决策模型,建模范式,风险处理,开发期(2-8月)_元,留出期(9-12月)_元,全年正式期_元,紧急购电_kWh,紧急购电费_元,电网结算费_元,超购费_元,违约费_元,未用计划电量_kWh,调整量_kWh,链式减两元差额_元,计划购电量_kWh,相对主链_元,相对主链_%
M10,储能追索型 LP (q=0.70),确定性优化 + 储能储备,同 M9，q 按开发期标定为 0.70,8250585.759854594,5115346.6404240765,13365932.40027867,45800.149224095614,259636.85860763345,13106295.541671036,601991.9116668657,0.0,505255.3549419201,568577.5535576806,0.0,20320876.30898487,-73111.96753202006,-0.5440265358981807
M9,储能追索型 LP,确定性优化 + 储能储备,购电按点预报下达，不确定性全交给储能储备带,8273975.051296513,5149225.154738045,13423200.20603456,22944.727006070192,132092.6078589587,13291107.5981756,563889.7469235081,0.0,487757.4244229695,565318.0280556957,0.0,20327228.7950294,-15844.161776131019,-0.11789649131660794
M1,确定性经济调度 LP,确定性优化,不加安全余量，预报即真值,8297287.491705799,5229435.845211176,13526723.336916976,116832.99174608837,643356.4438894509,12883366.893027525,601750.0303612391,0.0,501884.53196403856,505312.62493766705,0.0,20309525.222541496,87678.9691062849,0.652419671418708
M2,分位安全余量 LP,确定性优化,约束侧加 q=0.80 历史分位余量（模型3 口径）,8446229.952632677,5304795.070007263,13751025.02263994,15801.537149262436,92054.31583673875,13658970.706803203,306706.56125932356,0.0,1556049.0831753504,284095.83096927835,0.0,21900401.862894088,311980.6548292488,2.321449697543282
M6,精确链式结算 MILP,混合整数优化,与 M2 同用 q=0.80 分位余量，但结算项用 0-1 变量精确刻画,8446229.952632677,5304795.070007264,13751025.02263994,15801.537149262427,92054.31583673868,13658970.706803203,306706.5612593237,4.0772322046356276e-11,1556049.0831753504,284095.83096927847,1.0186340659856796e-10,21900401.862894088,311980.6548292488,2.321449697543282
M7,规则型启发式,无优化,凭规则留量：净负荷跟随 + 储能在电价高低四分位充放,11349595.5543905,7000191.559576838,18349787.113967337,2967.2575197762053,18423.294904997667,18331363.81906234,4063772.334002565,2057435.9047171597,300712.52908939094,6679643.550532479,2030827.77194117,22381293.754726022,4910742.746156646,36.54086266668557
M4,均值–CVaR 随机规划,风险厌恶随机优化,目标 = 0.5·期望 + 0.5·CVaR(0.90)，在目标里罚尾部而非在约束里留量,11515399.510464858,7118868.051325942,18634267.5617908,2030.7959738888112,13168.330926541383,18621099.230864257,320228.40906842414,0.0,7830221.798971107,267045.072953127,0.0,28939810.05979722,5195223.193980111,38.65768317890037
M3,两阶段随机规划,随机优化,9 个真实历史残差日场景，等权期望，紧急购电为追索,12145702.47350709,7555663.795651863,19701366.269158952,2096.7167875876185,13620.110936954454,19687746.158221997,5272899.5876755575,8.55021653478616e-13,6846586.938818452,4570866.456475413,0.0,23574726.5751752,6262321.901348261,46.597970286844394
M5,鲁棒优化,鲁棒优化,盒式不确定集取历史累计残差最大的整条日曲线，对最坏情形求可行解,14729617.956004627,9095968.095138764,23825586.051143393,0.0,0.0,23825586.051143393,254951.13996515615,0.0,14082417.83565046,219811.915358345,0.0,35238847.50070503,10386541.683332702,77.2863114300793
