date,planned_purchase_kwh,planned_cost_yuan,emergency_kwh,emergency_cost_yuan,total_cost_yuan,unused_plan_kwh,curtailed_pv_kwh,charge_kwh,discharge_kwh,start_soc_kwh,end_soc_kwh,reserve_kwh
2025-02-01,42370.1225735535,20183.867804818034,0.0,0.0,20183.867804818034,1196.920778371665,3767.083189568117,14896.741922291601,11868.79925001122,10580.486992172244,10800.0,2734.9882966839127
2025-02-02,87718.32390719155,63831.19015486976,0.0,0.0,63831.19015486976,5647.779131860023,143.10248333333334,18795.601799990436,15224.437457992248,10800.0,10800.0,2588.5609110740475
2025-02-03,85184.65636138385,62713.97458713355,0.0,0.0,62713.97458713355,1336.6773154317366,0.0,19170.20219772122,15539.139651769085,10800.0,10787.471253761234,2442.133525464182
2025-02-04,84777.36284236747,61961.00657425451,0.0,0.0,61961.00657425451,1545.7022520391142,0.0,19974.135247575105,17937.338607246733,10787.471253761234,8833.816746304681,2295.706139854317
2025-02-05,84597.4285833913,60785.67131131457,217.88688039895067,1258.6231731553848,62044.29448446995,131.3708618167111,0.0,21653.460055698768,17717.942437058548,8833.816746304681,8635.328088590744,2149.2787542444516
2025-02-06,84954.96634952897,60803.94339198642,54.76703333333364,388.5189420000022,61192.46233398642,201.57691613318707,0.0,22315.702238975326,17778.602988912866,8635.328088590744,8965.45678265423,2089.889045477774
2025-02-07,40063.74803250494,17533.485478447416,0.0,0.0,17533.485478447416,289.8977318733461,3593.714579884132,19365.02880505238,14990.572750971576,8965.45678265423,9737.790761677397,2072.481510109136
2025-02-08,37198.61186149582,15937.908924723386,0.0,0.0,15937.908924723386,1.950770782552695,2345.4997884774075,19228.114110832204,15954.115525263009,9737.790761677397,9316.298433356375,2055.0739747404978
2025-02-09,78095.08540432382,55084.676171854066,3811.223598534191,22079.244966701706,77163.92113855577,2.2737367544323206e-13,0.0,17687.805394019382,15336.912357828045,9316.298433356375,8194.309557053773,2347.9287459602306
2025-02-10,83135.74610422287,58343.90592377393,0.0,0.0,58343.90592377393,2906.449381691933,499.6630333333335,19777.01509029606,14374.018984431797,8194.309557053773,10022.49093339601,2777.5457892440745
2025-02-11,78764.19373182706,55925.28486435841,0.0,0.0,55925.28486435841,300.91033935196026,0.0,19915.77050720747,16673.084248065694,10022.49093339601,9421.035225365295,2734.9882966839127
2025-02-12,80164.87829624268,56358.95090077096,0.0,0.0,56358.95090077096,729.8113727159513,163.38428333333331,20216.983694787057,16212.03718792699,9421.035225365295,9602.945897421427,2605.9684464426878
2025-02-13,80918.55170565951,56761.41834004223,0.0,0.0,56761.41834004223,4728.223553166351,558.6377833333336,17864.283948129698,13562.072595636542,9602.945897421427,10611.831900030887,2476.9485962014583
2025-02-14,38017.20386974074,16971.81461660401,0.0,0.0,16971.81461660401,178.49098375779204,4724.623424631642,18131.146230373157,14818.858585688511,10611.831900030887,10464.465078823936,2347.9287459602283
2025-02-15,37756.69423590413,17524.88918668773,0.0,0.0,17524.88918668773,112.56564777399024,5690.061280483325,15839.492263770808,13165.51605612399,10464.465078823936,10091.656942746567,2722.6904260087995
2025-02-16,79564.1185131741,56660.575393805906,0.0,0.0,56660.575393805906,242.80512857919143,0.0,18783.5889385977,14839.654654002788,10091.656942746567,10508.381816370282,2719.6159583400213
2025-02-17,78548.69853532613,55520.62693667445,0.0,0.0,55520.62693667445,3083.255678256839,882.1082833333332,17301.262354890096,13901.790947820802,10508.381816370282,10633.083549303808,2593.6705757675745
2025-02-18,75947.85647547108,52809.684061252214,0.0,0.0,52809.684061252214,636.8221668228917,95.83631069958756,17788.525988005757,14664.71577339049,10633.083549303808,10348.628301408446,2467.725193195123
2025-02-19,75847.7224766961,52471.48098282468,27.0,144.4905,52615.97148282468,507.4160941208605,0.0,18405.077179016804,15917.098179774894,10348.628301408446,9227.533118329242,2341.7798106226765
2025-02-20,76962.0080591205,53009.66175970089,30.205759172098055,169.46941183505615,53179.13117153594,901.9994285630205,0.0,19414.620831986682,14317.540175590422,9227.533118329242,10792.313894239009,2215.834428050225
2025-02-21,36898.63343897037,16639.161281107063,0.0,0.0,16639.161281107063,415.3610677915302,7731.176851692526,16762.715741937292,13570.882255784312,10792.313894239009,10800.0,2089.889045477774
2025-02-22,36811.22502867898,16626.066447678324,0.0,0.0,16626.066447678324,222.9180416889409,5542.015290852982,17478.9633985661,14277.434585762378,10800.0,10667.250852306859,2072.4815101091363
2025-02-23,76549.58005862695,52839.839754459725,8.202059120019157,42.40464565049905,52882.24440011023,1270.4613748509666,190.1928163564428,18682.227731149254,15116.953487943034,10667.250852306859,10684.640823737825,2081.4069878876376
2025-02-24,75291.690284688,51490.586370350735,25.397073484472457,129.76634696891205,51620.35271731965,2419.0852719297004,1224.353383333333,18536.486254974803,15065.871168732043,10684.640823737825,10627.621599068427,2077.1659590925697
2025-02-25,73223.74471032615,49342.06664758771,31.095000000000027,159.57954000000012,49501.64618758771,2361.641264982827,1545.3278134817465,18372.18036675838,14845.632968230128,10627.621599068427,10667.436186673052,2072.9249302975018
2025-02-26,70765.29162458179,48159.84617125158,214.32577817659546,1053.5660943994271,49213.41226565101,356.7873945475816,0.0,17799.57937118189,15991.597396304423,10667.436186673052,8918.6160692874,2068.6839015024334
2025-02-27,72520.35895827484,47645.3563499368,3.044754857834505,15.444519016365525,47660.80086895317,1025.2739439509487,0.0,21273.622909178128,16732.0773399964,8918.6160692874,9473.67964310728,2055.5173949288637
2025-02-28,37015.98807728203,15947.373918547244,0.0,0.0,15947.373918547244,277.3985821158678,8904.79082784032,18173.47186884957,13632.266751523732,9473.67964310728,10682.841267823302,2042.3508883552936
2025-03-01,35853.04793963597,15678.103902475006,0.0,0.0,15678.103902475006,186.5704533759021,8841.443931943213,17137.525770483713,13971.258149500187,10682.841267823302,10582.994295147324,2029.184381781724
2025-03-02,71614.5870597158,48104.053418936775,3082.277782238529,17186.711862224613,65290.76528116139,926.4369729536814,0.0,16288.561804131505,14876.44100179751,10582.994295147324,8713.321027979558,2016.0178752081538
2025-03-03,76673.59881005246,51195.51518793598,16.558059207030556,81.37247773958896,51276.88766567557,649.2153229880056,0.0,21677.919972965672,17654.125060027523,8713.321027979558,8607.754492506978,2068.6839015024334
2025-03-04,77239.83223041885,51801.41210894563,0.0,0.0,51801.41210894563,2031.6780332765127,783.1469000000002,20296.862809902494,15071.313446093489,8607.754492506978,10129.027192426456,2055.5173949288637
2025-03-05,73762.46752744992,48725.05467789568,3.286666666666747,15.835160000000387,48740.88983789568,3704.0229961982886,625.9976666666664,18071.08298416113,14765.821469576165,10129.027192426456,9986.533578642393,2042.3508883552936
2025-03-06,69819.620963848,45887.55587962878,0.0,0.0,45887.55587962878,819.188104094472,803.271483333333,18087.196693083104,15830.689449996236,9986.533578642393,8675.355657976925,2029.184381781724
2025-03-07,35767.39588034675,15076.68124555249,0.0,0.0,15076.68124555249,64.50643887138631,10078.876254624498,16631.206582142164,11929.478928624636,8675.355657976925,10388.464994544165,2016.0178752081538
2025-03-08,32497.776934024383,13860.820133134559,0.0,0.0,13860.820133134559,101.92151656308516,10112.837646838278,17767.78923881436,14547.910984858005,10388.464994544165,10215.129770745967,2002.8513686345837
2025-03-09,68276.3998543378,44126.123090503504,0.0,0.0,44126.123090503504,1071.735566678039,253.33214616554073,19766.658468099005,16148.851376604782,10215.129770745967,10061.954195807535,1960.690455626009
2025-03-10,66737.68854912027,44340.54702843606,3127.2795412952228,19312.029508174775,63652.57653661084,49.03609608281977,0.0,15908.581738170162,14134.721193837482,10061.954195807535,8674.431989230143,1918.5295426174328
2025-03-11,70763.11580099195,45964.19878060435,0.0,0.0,45964.19878060435,1407.330677973593,1125.0920087485908,19380.338725626403,15088.564411356636,8674.431989230143,9351.665274119865,2029.184381781724
2025-03-12,69290.30696201509,44736.80174549147,0.0,0.0,44736.80174549147,1437.8340008605985,1211.6173333333331,19334.754848387074,15129.433903899251,9351.665274119865,9942.462522224625,2016.0178752081538
2025-03-13,66863.89972742177,43977.02801889633,2669.7876099033665,16647.575567813878,60624.603586710204,50.194322498519796,0.0,16283.830268151929,14345.955269991975,9942.462522224625,8657.959463570274,2002.8513686345837
2025-03-14,35228.587011927564,14999.082420872543,0.0,0.0,14999.082420872543,512.8134949980385,13578.483353212343,16736.987882089976,11629.123701706123,8657.959463570274,10800.0,2055.5173949288637
2025-03-15,32887.41980050225,14532.092085282668,0.0,0.0,14532.092085282668,417.012199174679,8587.12194896244,17210.61580397038,14251.455301605252,10800.0,10454.603888456397,2042.3508883552936
2025-03-16,68430.66307952232,44724.562011672126,1.6400000000001,8.081100000000493,44732.64311167213,869.3985254193808,322.9277000000001,18831.965370422993,14943.035449653387,10454.603888456397,10800.0,2077.1659590925697
2025-03-17,68072.61292272105,43648.34684390577,0.0,0.0,43648.34684390577,4542.061905619708,2558.9210992057533,16386.834129275085,13273.335644712819,10800.0,10800.0,2072.9249302975018
2025-03-18,63671.177955153194,41276.94853899063,0.0,0.0,41276.94853899063,334.28786745942114,0.0,17890.71533047838,15679.78360945127,10800.0,9479.662009151358,2068.6839015024334
2025-03-19,64922.59452799626,41445.39653577958,0.0,0.0,41445.39653577958,601.0101734892694,0.0,20175.794853716332,15319.680949209334,9479.662009151358,10616.00965615235,2055.5173949288637
2025-03-20,64122.48500630241,41540.79768938075,216.80493947762773,1029.2701741613732,42570.06786354212,349.4262406764614,0.0,17543.797538641935,15762.895650205024,10616.00965615235,8891.098940702288,2042.3508883552936
2025-03-21,33429.359084605356,14023.523238796215,0.0,0.0,14023.523238796215,531.2546529050243,15955.07381633954,17542.907521769666,12633.341423075537,8891.098940702288,10642.6696846555,2029.184381781724
2025-03-22,32236.215470150863,13991.125843535538,0.0,0.0,13991.125843535538,438.0689420556596,12578.93907566005,16973.328034687314,13635.320315585494,10642.6696846555,10768.309009667975,2016.0178752081538
2025-03-23,63140.78992751343,40207.796469385394,0.0,0.0,40207.796469385394,818.4620569997985,0.0,19150.223922644866,15597.616168797893,10768.309009667975,10672.825908050694,2002.8513686345837
2025-03-24,61936.41934817657,39977.52696709856,0.0,0.0,39977.52696709856,585.8426690239344,304.84551311814585,18370.506296532978,15323.272213831815,10672.825908050694,10180.4235595617,1960.6904556260074
2025-03-25,61356.57154648347,39386.577009738736,1551.9561467921237,8478.47811408047,47865.055123819206,67.44789682447225,0.0,16527.080014774067,14636.12493498961,10180.4235595617,8792.434533981012,1918.5295426174343
2025-03-26,63950.008932979006,40619.566794320825,0.0,0.0,40619.566794320825,1183.3187960090943,1596.2631762864944,19871.35430863253,14293.48221461577,8792.434533981012,10795.006506621658,2029.184381781724
2025-03-27,61196.25410897968,39001.05388347454,0.0,0.0,39001.05388347454,626.5851192259128,0.0,17224.603572926444,15371.923983172677,10795.006506621658,9217.234185396926,2016.0178752081538
2025-03-28,32833.44922875749,13877.1453327798,0.0,0.0,13877.1453327798,535.1713634669061,16777.49143963255,17233.770662361057,12534.865003369687,9217.234185396926,10800.0,2002.8513686345837
2025-03-29,31301.413370192415,13242.278871888084,0.0,0.0,13242.278871888084,112.13416597621273,20274.350098177507,17130.74142779579,13923.021505090426,10800.0,10747.643390471296,1960.6904556260074
2025-03-30,57803.494450861,36691.513707182974,0.0,0.0,36691.513707182974,156.06776995317017,0.0,17219.43650543,14917.629524522163,10747.643390471296,9669.99232922256,1918.5295426174343
2025-03-31,58568.893814614916,37165.9948984869,1056.536845761741,4666.968375244138,41832.96327373103,162.56606126985184,0.0,16030.224914324372,13518.749798550896,9669.99232922256,9076.361642613501,1876.368629608858
2025-04-01,60375.04094357888,38721.58322287466,2606.9068369748966,15065.988897445826,53787.57212032049,172.1644240218135,0.0,14783.789321134376,12182.857481269075,9076.361642613501,8845.26371911325,2016.0178752081538
2025-04-02,61905.633491004584,38771.11120019348,1975.7448288233736,11529.203516788453,50300.314716981935,152.98518771799627,0.0,18022.98991355552,14729.932181445543,8845.26371911325,8699.363328595951,2068.6839015024334
2025-04-03,64006.62119791559,40568.52301772161,0.0,0.0,40568.52301772161,1049.3138563332113,1584.6403043556702,20173.311275382795,14664.174504822746,8699.363328595951,10561.816248859646,2085.6480166827055
2025-04-04,30964.463207121982,12990.38004552749,0.0,0.0,12990.38004552749,588.4840845539388,20530.558716565592,16843.435684084925,13428.817528082474,10561.816248859646,10800.0,2081.406987887638
2025-04-05,30502.817760732556,13009.62923159732,0.0,0.0,13009.62923159732,194.33468040619533,15284.262328569726,16807.608339613158,13827.502571189852,10800.0,10562.955759885346,2077.1659590925697
2025-04-06,58167.30950557718,37158.34234462629,0.0,0.0,37158.34234462629,295.3886279609321,0.0,18358.626521484155,14896.78191053457,10562.955759885346,10533.739728627117,2128.265314388772
2025-04-07,58008.12386340592,36892.12680842298,0.0,0.0,36892.12680842298,537.3943462648516,724.1544498609861,17220.805147498366,13716.949363551605,10533.739728627117,10791.409512984965,2089.889045477774
2025-04-08,57649.05747831226,36557.54842196492,0.0,0.0,36557.54842196492,409.470726578104,0.0,18318.557651970976,15432.164516903478,10791.409512984965,10131.261936532755,2085.648016682706
2025-04-09,57956.90876208505,36623.250081058926,2566.477417641039,14022.841509272093,50646.09159033102,70.18938504344328,0.0,14074.75686545479,12755.871087438813,10131.261936532755,8625.353018287838,2081.406987887638
2025-04-10,61169.312058979005,38433.446116591185,0.0,0.0,38433.446116591185,648.3934417525281,698.8728594623778,19703.67866020521,14342.270802441111,8625.353018287838,10422.807365315733,2166.6415832997704
2025-04-11,30368.808769995714,12807.187338868856,0.0,0.0,12807.187338868856,171.55428341059786,21341.694140392334,16868.641056483513,13329.730876957396,10422.807365315733,10793.772230642679,2128.265314388772
2025-04-12,30036.21508323119,12665.74997706326,0.0,0.0,12665.74997706326,248.05766102063598,17689.961355278625,16252.499813256842,13179.464296324913,10793.772230642679,10777.172844435048,2089.889045477774
2025-04-13,56205.33907946778,35633.23291281004,0.0,0.0,35633.23291281004,330.17729328170424,0.0,16470.409185997196,14871.605883144448,10777.172844435048,9076.534575005364,2085.648016682706
2025-04-14,58218.11010978841,36159.06833691597,0.0,0.0,36159.06833691597,595.5190033105403,0.0,19630.10624764133,14535.546941163459,9076.534575005364,10593.022485478717,2081.406987887638
2025-04-15,56630.59245125209,35437.6036370794,0.0,0.0,35437.6036370794,1103.3604705578264,2258.348897576451,16579.906051521437,13450.451801736957,10593.022485478717,10569.991485473616,2077.1659590925697
2025-04-16,55931.80135035855,35316.72831484794,1069.3399888921463,5733.361602626429,41050.08991747437,68.67223769278564,0.0,14792.691716623774,13639.814565065855,10569.991485473616,8728.064513695173,2072.9249302975018
2025-04-17,58225.58351655728,36056.94331162475,0.0,0.0,36056.94331162475,306.95683725832134,0.0,19128.228840051408,14077.944510752444,8728.064513695173,10301.309902238725,2089.889045477774
2025-04-18,29799.35930292843,12305.858420475994,0.0,0.0,12305.858420475994,759.8591674176607,19038.05638188683,16834.23938055509,13186.912810264475,10301.309902238725,10800.0,2085.648016682706
2025-04-19,29044.966843421615,12097.350041947797,0.0,0.0,12097.350041947797,607.1745767538282,18498.51240502592,16870.623345618555,13716.022733976686,10800.0,10743.535751082602,2081.406987887638
2025-04-20,55387.43915344674,34747.014453412354,0.0,0.0,34747.014453412354,72.02330170011105,0.0,17947.357186730012,14589.686218316712,10743.535751082602,10685.394754343271,2077.1659590925697
2025-04-21,55524.12570975885,34409.50117892949,0.0,0.0,34409.50117892949,799.4259026888163,2915.0397686766123,17253.11941009492,13960.36975503483,10685.394754343271,10701.680273390008,2072.9249302975018
2025-04-22,54339.20809015172,34346.133611172074,0.0,0.0,34346.133611172074,21.180738366520245,0.0,17365.76284627898,15200.664811160445,10701.680273390008,9441.239267085033,2068.6839015024334
2025-04-23,56090.45524433249,35040.19481106929,0.0,0.0,35040.19481106929,186.7684449829295,0.0,18440.35646745637,13936.586384773476,9441.239267085033,10552.464104714125,2085.648016682706
2025-04-24,54405.02724608932,33966.223269796275,0.0,0.0,33966.223269796275,764.9080074641543,3114.722185765585,16907.937090012085,13472.646737152503,10552.464104714125,10800.0,2081.406987887638
2025-04-25,28443.365764277005,11548.427088909342,0.0,0.0,11548.427088909342,236.97136692080556,23104.898306474046,16835.33375402871,13734.195313146558,10800.0,10691.58336401856,2077.1659590925697
2025-04-26,28138.593654432352,11692.502874386257,0.0,0.0,11692.502874386257,50.969770568196964,25193.147940017858,16745.99071062403,13921.708400111067,10691.58336401856,10294.410114567896,2072.9249302975018
2025-04-27,52800.985294388294,32628.29391493628,0.0,0.0,32628.29391493628,124.43222938098256,1513.3026723344256,18509.843394098938,15920.064184759382,10294.410114567896,9264.30896396874,2068.6839015024334
2025-04-28,54936.033458190126,34114.14637076524,4089.549045061636,23263.95789787537,57378.10426864061,165.883579895612,0.0,14163.336059252477,11925.604452562988,9264.30896396874,8760.639803337097,2056.7235671034214
2025-04-29,55609.21114881697,34009.08211176747,0.0,0.0,34009.08211176747,152.2999186751631,3571.5791559952177,18231.84704163311,13779.728684153182,8760.639803337097,9858.492491747806,2081.406987887638
2025-04-30,53931.16459045213,33028.28885506782,0.0,0.0,33028.28885506782,884.5101361419202,768.0859794740513,17414.288816937507,13392.574775434678,9858.492491747806,10650.713787619698,2077.1659590925697
2025-05-01,52198.96479869011,33457.92475886378,900.1040551976845,5195.864394732187,38653.789153595964,0.0,1120.523376060011,18058.353809062766,17091.187131234983,10650.713787619698,7913.024292181768,2072.9249302975018
2025-05-02,30414.79719652191,13073.631226314432,733.7944670587449,3441.982139130988,16515.61336544542,0.0,13390.531217480488,17131.672028364883,13663.931665598051,7913.024292181768,8149.38282260122,2089.889045477774
2025-05-03,31224.210321682258,13206.318549188647,0.0,0.0,13206.318549188647,2.908176638012719,18800.927886156736,17226.757962680575,13673.55535379307,8149.38282260122,8460.62570702144,2102.484811468935
2025-05-04,61882.29783987549,39329.14368308132,0.0,0.0,39329.14368308132,2576.7928121304362,3553.3396833333327,16825.279030284215,12807.78101920582,8460.62570702144,9372.509035159654,2211.315735206349
2025-05-05,60160.215127980555,38050.82569279209,0.0,0.0,38050.82569279209,1393.6239662864816,0.0,19463.263750250342,15772.679388556258,9372.509035159654,9364.247089766894,2176.088407793141
2025-05-06,59338.02098531079,38105.38635783228,0.0,0.0,38105.38635783228,1120.1156833296118,1825.7084127557216,18783.50632383349,15261.391801274698,9364.247089766894,9312.300779800704,2140.861080379933
2025-05-07,59441.43655728336,37906.21840373827,36.404643352764104,159.26621050862605,38065.484614246896,670.1386422584499,1137.0608226543309,17917.961101658664,15315.165315935305,9312.300779800704,8421.615420254268,2105.633752966725
2025-05-08,62285.1335490098,40531.10753734493,0.0,0.0,40531.10753734493,767.8342828605967,0.0,18943.669420383987,13252.882554234788,8421.615420254268,10745.492838338983,2102.484811468935
2025-05-09,32120.574021512235,14688.971051220204,0.0,0.0,14688.971051220204,1025.619280281965,19445.691311908984,16320.111230665138,13170.233651343853,10745.492838338983,10800.0,2099.3358699711443
2025-05-10,31621.22288230875,14637.72449201551,0.0,0.0,14637.72449201551,431.93677031847903,15986.779724785134,16283.051351143957,13201.590247272154,10800.0,10786.31260794939,2096.1869284733543
2025-05-11,59479.49894466487,38348.489913552345,59.51626666666675,396.62748059166734,38745.117394144014,679.971258059726,651.8419745889871,16931.441454197924,14208.318558848423,10786.31260794939,10237.589295784828,2093.037986975564
2025-05-12,60038.76304207381,38471.39683150759,0.0,0.0,38471.39683150759,2431.4479892084855,2760.717966666666,15168.854003457665,12253.452150592333,10237.589295784828,10274.611064905255,2089.889045477774
2025-05-13,57606.08387568552,36884.860739551834,0.0,0.0,36884.860739551834,851.8277330725566,0.0,17902.288022755452,14277.244646809155,10274.611064905255,10523.065122263879,2085.648016682706
2025-05-14,57321.23362554492,36412.16868194773,0.0,0.0,36412.16868194773,982.1554385443496,293.19359732981366,17481.983837419997,14450.248031082572,10523.065122263879,10201.01943029458,2081.406987887638
2025-05-15,58620.8665105079,38148.757131271435,0.0,0.0,38148.757131271435,691.6422374658522,868.5768555875779,19771.087480980263,15475.498346859127,10201.01943029458,10800.0,2077.1659590925697
2025-05-16,31048.535025212557,14145.743777869055,0.0,0.0,14145.743777869055,789.8795372036781,24331.308713612256,16904.422321385744,13692.582080322456,10800.0,10800.0,2072.9249302975018
2025-05-17,30936.222313032264,14447.129731855295,0.0,0.0,14447.129731855295,186.2343173860616,17164.376749180334,16639.329954836052,13502.517791703518,10800.0,10772.5994130152,2068.6839015024334
2025-05-18,56315.592512442716,36267.39809811099,5.236666666666679,34.42846500000008,36301.82656311099,139.86797886366432,0.0,17168.534575422345,14663.741475176621,10772.5994130152,9931.234447365714,2085.648016682706
2025-05-19,56734.34681253856,36416.86866998428,12.233166666666648,83.24669916666653,36500.115369150946,732.4516655096272,4560.821842419511,16611.583810027572,12673.493888751478,9931.234447365714,10800.0,2081.406987887638
2025-05-20,54292.59814318373,34872.08907129448,1314.7973916972987,6492.347427449099,41364.436498743584,71.85045614561284,0.0,15129.035504386877,14120.88524231813,10800.0,8726.259462483602,2077.1659590925697
2025-05-21,57451.652115468656,36949.87035050059,0.0,0.0,36949.87035050059,190.01583038831518,1848.3502924173101,17534.87623505127,13484.205525721572,8726.259462483602,9525.197489894666,2093.037986975564
2025-05-22,55704.491263390744,35758.982075731066,2.57000000000005,16.86434000000033,35775.84641573107,169.1933262352499,266.3544085574049,17966.411993107708,13511.529281176281,9525.197489894666,10682.15797127352,2089.889045477774
2025-05-23,29853.817171951094,13332.412399652694,0.0,0.0,13332.412399652694,439.1471588173949,19459.008772724737,18045.55016432528,14510.837807249642,10682.15797127352,10800.0,2085.648016682706
2025-05-24,30201.063965512527,13827.451749988386,0.0,0.0,13827.451749988386,923.5643611340927,22201.274633620284,17482.755723288526,14161.032135863707,10800.0,10800.0,2081.406987887638
2025-05-25,53979.9353811061,34907.78940556806,0.0,0.0,34907.78940556806,593.5811431375063,1998.479527551939,17644.434994903007,14801.570467819683,10800.0,10233.802086724172,2077.1659590925697
2025-05-26,53522.486638235016,34340.14228334372,2541.2044397460386,15417.373930271822,49757.51621361554,148.07836184207417,0.0,14222.002166188515,12886.222400049523,10233.802086724172,8715.57914734992,2072.9249302975018
2025-05-27,56465.08130952634,35981.473661523574,0.0,0.0,35981.473661523574,565.0309085721819,1280.0558190673974,18327.253366500005,13097.62608461324,8715.57914734992,10657.189305407435,2089.889045477774
2025-05-28,53813.29441507009,34841.82800962948,287.1421350872502,1439.9196809581872,36281.74769058766,184.47788650614018,0.0,17241.901364363966,15599.766800712758,10657.189305407435,8841.826310320825,2085.648016682706
2025-05-29,55200.314448240606,35313.79896157021,2048.533790123995,12286.570611674048,47600.36957324426,197.4497050076327,0.0,15986.187280787435,13044.912247430459,8841.826310320825,8735.047921440118,2081.406987887638
2025-05-30,31524.18636306568,14183.97270316985,0.0,0.0,14183.97270316985,161.88589464675442,19770.225944534817,17947.915823347736,12952.074566130292,8735.047921440118,10496.978200086089,2096.1869284733543
2025-05-31,30174.044542587653,13319.441283755106,0.0,0.0,13319.441283755106,848.5775712714312,17360.469395640765,18082.386952541405,14506.570926865948,10496.978200086089,10652.71431641119,2093.037986975564
2025-06-01,55502.20988279031,38685.76629337514,14474.504336043425,84914.16959399867,123599.93588737381,0.0,0.0,8431.842771648007,9679.954852814277,10652.71431641119,7485.86741887854,2089.889045477774
2025-06-02,66650.6272042481,45023.45928439341,6375.570751769221,34564.4345922193,79587.89387661271,444.7555353237117,0.0,19541.711930885285,15601.07696019168,7485.86741887854,7738.878200906761,2102.484811468935
2025-06-03,75526.76623668261,51841.48186490982,105.37976482840224,740.6246909755913,52582.10655588542,978.1408258730637,931.3961705026029,20898.635824995203,15368.393653193189,7738.878200906761,9471.657495410022,2211.315735206349
2025-06-04,74905.38024275412,52366.70468446202,144.63429129893677,1004.3660273863123,53371.07071184833,1964.3452610279505,91.32266666666646,17981.339858652533,14632.254068960752,9471.657495410022,9396.803291574246,2176.088407793141
2025-06-05,76135.43884983272,53536.9804703925,229.0635777015866,1578.15971252198,55115.140182914474,1403.2452422093027,433.5601166666668,19005.993081641536,15627.614029649858,9396.803291574246,9138.181476551781,2140.861080379933
2025-06-06,36890.981971556095,19057.82864793558,1171.2881555578983,6502.304343735941,25560.132991671522,3.1843975209735618,4844.846964409596,17023.314792325273,14664.071427141846,9138.181476551781,8165.752092820255,2105.633752966725
2025-06-07,39093.79521016892,20205.430138243893,0.0,0.0,20205.430138243893,30.326485024217618,4015.2638100680806,16574.009140511305,12652.317392101346,8165.752092820255,9024.229883612268,2246.543062619557
2025-06-08,89241.4125603131,63173.828126896675,0.0,0.0,63173.828126896675,17788.448341160918,2269.4248358024624,12633.805325968899,8635.189209285845,9024.229883612268,10800.0,2488.2957860039924
2025-06-09,79370.04365380526,56939.21200161568,17.816384703002768,125.93511527317506,57065.14711688885,4331.721779040342,863.7589666666668,17156.139786673324,13896.473227205395,10800.0,10800.0,2419.4539873469157
2025-06-10,77638.54649672502,55193.01208812915,0.0,0.0,55193.01208812915,2204.3122337041436,291.20968333333303,18550.42287554846,15025.842529194248,10800.0,10800.0,2350.612188689839
2025-06-11,77892.77552233296,55051.891940044115,1047.715897370024,5429.090636879373,60480.98257692349,1197.7170733551993,0.0,19068.701365768866,17410.37333608775,10800.0,8616.97196687226,2281.7703900327624
2025-06-12,81914.3476785261,57588.802367676966,2.0890374661846636,15.034802644131025,57603.837170321094,3707.123143480134,358.2286666666665,19759.922621152033,14361.229148639883,8616.97196687226,10443.98104964255,2246.543062619557
2025-06-13,37829.48231952844,19970.07217904159,0.0,0.0,19970.07217904159,252.55400683154647,6233.446510998172,16841.050417497776,13842.88231579905,10443.98104964255,10219.946074502719,2211.3157352063463
2025-06-14,37665.30480682444,20443.770653442258,0.0,0.0,20443.770653442258,103.64555097135269,8474.268353065527,16624.683542177165,13730.635389389607,10219.946074502719,9925.899718695939,2176.088407793141
2025-06-15,79208.54097271894,55771.96863508445,0.0,0.0,55771.96863508445,4202.190156166595,0.0,18908.87489497554,14529.498411756533,9925.899718695939,10800.0,2140.861080379935
2025-06-16,77899.59412250765,55409.97125621162,6.372381590865643,42.97852763959333,55452.94978385121,1524.89608763307,0.0,19847.773397415738,16160.755797616957,10800.0,10706.600726988667,2105.633752966725
2025-06-17,75698.81894579912,53353.36483240758,915.0440527308501,4917.485982128614,58270.85081453619,228.84221543370847,0.0,19324.561634528716,17576.552068099114,10706.600726988667,8569.203900176613,2102.484811468935
2025-06-18,80212.98781244634,56497.02818916541,43.68823776564159,294.2333342925259,56791.261523457935,3669.8640666588576,55.22366666666653,19495.474809189953,13892.277392303478,8569.203900176613,10679.26745922148,2211.3157352063463
2025-06-19,76253.18865004268,53375.48809143432,148.86186517177305,1027.2528872966975,54402.74097873102,3427.025384422859,922.4980499999999,19413.409667320775,15620.386786529181,10679.26745922148,10795.350841444428,2176.088407793141
2025-06-20,36958.45142599725,19924.393227613964,0.0,0.0,19924.393227613964,1087.1878432929152,10286.578072060065,16736.423252338172,13552.318591693904,10795.350841444428,10800.0,2140.861080379935
2025-06-21,36876.622250102504,19494.05350947079,0.0,0.0,19494.05350947079,1958.8811474367917,12180.846096341125,17906.07687539258,14503.922269067996,10800.0,10800.0,2105.633752966725
2025-06-22,69137.6928259214,48407.649796659796,512.1333678280007,2534.670702337105,50942.3204989969,161.23111990248617,0.0,18184.60435064514,16153.35037679823,10800.0,9217.976830249256,2102.484811468935
2025-06-23,72082.69186561296,49812.85950832139,51.37146357085089,356.91850964807196,50169.77801796946,789.7080026525157,142.84761294675081,20755.917505959173,16615.695792374627,9217.976830249256,9436.418371862927,2099.3358699711443
2025-06-24,69913.0235663534,49481.626620462615,8865.719352096914,52272.21326913526,101753.83988959788,154.1701528461591,0.0,15845.492663077917,13489.712147473765,9436.418371862927,8708.792715884423,2096.1869284733543
2025-06-25,75515.85589098009,51971.3398777299,40.45647960202723,279.5951997720173,52250.93507750192,469.2302777460951,0.0,20881.090665240197,16231.429939070833,8708.792715884423,9466.852160077451,2140.861080379935
2025-06-26,74557.29957467133,51026.5067707612,139.4067167244492,977.3136100144168,52003.82038077562,2428.9113548484756,0.0,19997.02439764376,15276.613294429793,9466.852160077451,10490.159346368173,2105.633752966725
2025-06-27,35405.828955703604,18340.26641378568,0.0,0.0,18340.26641378568,647.7746273028899,11259.512507909925,18147.575608186784,14420.679654362657,10490.159346368173,10800.0,2102.484811468935
2025-06-28,35265.68418094668,18240.835232498768,0.0,0.0,18240.835232498768,236.1674299858488,9953.770826617214,18104.167365770292,14805.347558093345,10800.0,10643.36445353399,2099.3358699711443
2025-06-29,69177.94988563555,48283.14241397815,1851.3376183531377,11056.285870910178,59339.42828488833,311.31646967034067,0.0,16724.299077169,15274.096576183985,10643.36445353399,8724.015205003883,2096.1869284733543
2025-06-30,73230.6410226908,50291.40816023206,489.61898758518726,2397.9147541747793,52689.32291440684,200.18199859531956,0.0,19358.437336933755,15716.04330858641,8724.015205003883,8684.338465370482,2140.861080379935
2025-07-01,75135.05858768866,56439.98539785431,6298.684044524649,35024.670895153235,91464.65629300755,380.4625323786265,0.0,18508.53678649084,16321.80071998949,8684.338465370482,7206.687439890582,2281.7703900327624
2025-07-02,77841.23892202634,58350.27349825282,1563.2455242614828,8838.827734188097,67189.10123244091,1711.7430653828192,494.09828852487726,20392.119360579327,16098.242634865863,7206.687439890582,7672.6586034499005,2325.4025552598155
2025-07-03,80165.72974055301,62033.21599990371,3707.9147535012216,25300.281357927815,87333.49735783153,42.508869013220874,0.0,18762.689697372756,14691.973005665073,7672.6586034499005,8234.664880346412,2317.891031518907
2025-07-04,44315.17431950117,26979.969319658652,0.0,0.0,26979.969319658652,5.684341886080802e-14,10773.570370577396,18315.766822708356,13655.030340451245,8234.664880346412,9546.599086949218,2452.178111267205
2025-07-05,44782.50360431938,26736.915315960418,0.0,0.0,26736.915315960418,61.39920321813156,12231.291201603373,18480.773397643297,14781.040164812086,9546.599086949218,9755.917183925869,2394.2443539168958
2025-07-06,82747.08287839382,65285.24601390853,936.2565708357874,4895.862096984831,70181.10811089336,577.9874069235607,0.0,18860.99823565175,15549.627743345703,9755.917183925869,9453.45143673944,2336.310596566578
2025-07-07,87415.24234325296,67748.12128112087,0.0,0.0,67748.12128112087,7920.522448294101,1846.5944166666668,15930.257919426462,11691.615207800927,9453.45143673944,10800.0,2327.100814042743
2025-07-08,89686.04066758734,70429.75265546568,0.0,0.0,70429.75265546568,9061.461870185183,1768.6296333333335,17287.169196853363,14002.607049451215,10800.0,10800.0,2317.891031518907
2025-07-09,84975.1032981314,66684.76777537444,0.0,0.0,66684.76777537444,7123.431716104972,648.1357720164615,16551.63575443841,13406.824961095106,10800.0,10800.0,2308.6812489950717
2025-07-10,81888.11536886141,64234.44097933399,0.0,0.0,64234.44097933399,4408.418172167636,1312.9124999999997,17437.691122949713,14124.529809589269,10800.0,10800.0,2299.471466471237
2025-07-11,45460.87025416443,28604.189022097566,0.0,0.0,28604.189022097566,1163.2430920698027,8281.7679238304,18405.69520139071,14908.613113126481,10800.0,10800.0,2290.2616839474003
2025-07-12,44298.56729754214,27230.213541805006,0.0,0.0,27230.213541805006,12.905098802014038,10280.20521703416,17684.930172066932,14763.7165236943,10800.0,10312.307684088802,2327.100814042743
2025-07-13,78433.02159411657,59238.73923356678,31.176295644035918,265.9906278049528,59504.729861371736,2438.3632528607986,3348.4158666666663,17289.34698388172,13879.64861364858,10312.307684088802,10450.888176639479,2317.891031518908
2025-07-14,72029.27050536174,56023.85504337486,1227.6463352075077,7756.259986082632,63780.11502945749,45.517559800637514,0.0,16208.652173655228,14804.932109553283,10450.888176639479,8588.750566758872,2308.6812489950717
2025-07-15,79429.40870334777,61134.03896163804,0.0,0.0,61134.03896163804,1704.2013061722653,0.0,17996.75249752355,13020.595683681368,8588.750566758872,10318.499277106323,2394.2443539168958
2025-07-16,77929.82769710831,60812.0347250045,28.552463342045712,238.20216479536248,61050.23688979987,1341.7429189527707,788.67255,18823.64053334894,15130.239225184681,10318.499277106323,10448.398840248497,2336.310596566578
2025-07-17,75624.67459352511,58630.18585785956,9.167499696618279,76.19204471863519,58706.37790257819,872.8144415520156,0.0,19089.07326004358,17048.46167504054,10448.398840248497,8685.829579798235,2327.100814042743
2025-07-18,46825.97016508848,28139.18125353945,0.0,0.0,28139.18125353945,939.9247961096289,9356.739589755487,17643.70684758829,12388.64916836493,8685.829579798235,10800.0,2317.891031518908
2025-07-19,44702.187688874634,27070.19452011869,0.0,0.0,27070.19452011869,291.2837827356362,13955.353658272952,18351.555711385678,15078.824513519638,10800.0,10562.150680780846,2399.850085630652
2025-07-20,75427.26388722801,58005.254481584154,25.191632987568823,214.3556050912231,58219.61008667538,707.0031288900643,0.0,17282.77446887883,14627.300294219986,10562.150680780846,9864.09182030515,2368.0803410986173
2025-07-21,77051.24679034624,59824.15438637136,359.01438504020746,2234.0140542330737,62058.16844060444,781.2246602757647,0.0,18438.492829171824,15799.20566406114,9864.09182030515,8904.06240649186,2336.310596566578
2025-07-22,78230.14578559592,60129.14411725118,55.55330740858449,467.9222239881483,60597.066341239326,549.6462221736217,0.0,18957.80250435383,15016.894250189613,8904.06240649186,9280.64660464407,2327.100814042743
2025-07-23,78299.60001697153,59578.67945749796,86.02372369970044,723.9923837090397,60302.671841207,754.5854837148003,0.0,19310.402335439885,15895.911195150124,9280.64660464407,8997.885156373153,2317.891031518908
2025-07-24,77628.80603755107,59571.795656796094,32.08329378239057,267.2900290469785,59839.08568584307,174.42167718408393,0.0,19063.577993858267,15193.58233970888,8997.885156373153,9273.34719561351,2308.6812489950717
2025-07-25,45018.92656532985,27114.246985222442,0.0,0.0,27114.246985222442,877.7485956893145,13007.936926302411,17548.650709879035,12920.729233207574,9273.34719561351,10710.76701982956,2299.471466471237
2025-07-26,43478.80990794709,26451.861791543386,0.0,0.0,26451.861791543386,648.6256282150198,11008.136257591166,17980.047512313868,14627.091056839632,10710.76701982956,10640.486384423568,2290.2616839474003
2025-07-27,75338.0776924678,57864.815979380364,1172.629509046877,6129.0681370775455,63993.884116457906,815.8476433405453,0.0,19631.006928377574,17621.33717020342,10640.486384423568,8729.129097515135,2288.563425164473
2025-07-28,79215.12804984732,60949.305954207026,2124.4328989107735,12844.258748698949,73793.56470290598,331.87132035399634,0.0,17408.440463363815,14355.628068293037,8729.129097515135,8446.027660883643,2286.8651663815454
2025-07-29,82135.63894570884,62193.078117518904,78.35952479460036,665.3584415015562,62858.43655902046,373.05734643916276,0.0,21636.750133829184,15865.054959764899,8446.027660883643,10291.263937146685,2308.6812489950717
2025-07-30,80276.85122126849,61848.10262973879,8.314866117194242,69.86811871479232,61917.97074845358,1501.1390705838264,604.0154312907998,19615.79802166106,15539.040486149996,10291.263937146685,10679.881616474971,2299.471466471237
2025-07-31,77789.87579688907,59296.938944450594,104.57031512716367,881.6298693275234,60178.56881377812,514.3645533122517,0.0,19332.250550617842,16647.165258580513,10679.881616474971,9582.05682471934,2290.2616839474003
2025-08-01,43877.36873812227,26257.65997490879,0.0,0.0,26257.65997490879,889.8576335085914,17378.693975244518,18304.938844711214,13947.481382008717,9582.05682471934,10559.300249394195,2288.563425164473
2025-08-02,42601.74202330512,25293.995045401454,0.0,0.0,25293.995045401454,396.8404302360772,17822.9583371107,17551.56699770045,14096.648675075437,10559.300249394195,10692.767575018559,2286.8651663815454
2025-08-03,70521.67018593205,53417.67838739547,209.629024819783,1744.1298415479146,55161.80822894339,1767.773237527318,3250.698438370896,17652.950675406802,14779.603123886518,10692.767575018559,10158.64193412188,2285.166907598618
2025-08-04,68770.37484398518,53056.18864073545,35.61209511849029,289.4191096722916,53345.60775040774,52.602634133990705,172.49539981002317,17671.974704014203,14506.740882187882,10158.64193412188,9944.8181875259,2283.4686488156904
2025-08-05,68942.51749571443,53225.29067709648,18.885681560340572,156.38379968639373,53381.67447678287,279.69067947077315,0.0,18783.052070611015,15253.649306140347,9944.8181875259,9901.065822030982,2281.7703900327624
2025-08-06,69006.2261774521,53669.517524433235,1273.332565095397,6328.358827910326,59997.87635234356,231.65541730153313,0.0,17202.24426578307,15268.74020720377,9901.065822030982,8417.818764342675,2246.543062619557
2025-08-07,71657.93589804124,54470.79846398381,73.02161750032315,620.9756706604093,55091.77413464422,1016.3753752669827,1531.6228261013666,20466.327532381074,14671.353468207873,8417.818764342675,10536.009689921339,2286.8651663815454
2025-08-08,41947.93094292339,24659.89879110605,0.0,0.0,24659.89879110605,136.33976506110082,22294.87671110117,18900.022844510742,15158.479627749623,10536.009689921339,10703.27510803698,2285.166907598618
2025-08-09,40906.15045775555,24434.585529577897,0.0,0.0,24434.585529577897,121.5539857062904,19122.321241952373,17696.082855728033,14955.736625631145,10703.27510803698,10012.264538602052,2283.4686488156904
2025-08-10,67874.53288354562,53034.717145068564,66.97255370510493,569.570690743115,53604.28783581168,236.6548941341232,0.0,16859.98567287106,14459.754179754458,10012.264538602052,9119.858111125503,2290.2616839474003
2025-08-11,68803.96468831699,52726.931989904595,113.85112765936685,954.094075291427,53681.02606519602,28.120318581657557,0.0,19091.54367423401,14763.10151017264,9119.858111125503,9898.80129552207,2327.100814042743
2025-08-12,67858.65908005345,52541.62792587986,1800.5780987793123,9766.595407142519,62308.22333302238,93.2843553988838,0.0,16359.574282747502,14554.165109313626,9898.80129552207,8451.123584090796,2317.891031518908
2025-08-13,70721.23214550824,54005.906874347034,62.10000357208992,527.997548499243,54533.90442284628,193.50288313474573,0.0,18647.262419076713,14178.412603131123,8451.123584090796,9479.867980003033,2399.850085630652
2025-08-14,68698.77776801605,53011.31088777882,77.16206157953332,657.7864184436603,53669.09730622248,28.759546705599064,0.0,19243.146341264066,16422.257041707417,9479.867980003033,8551.747418576895,2368.0803410986173
2025-08-15,43422.153044374805,25646.448248092744,0.0,0.0,25646.448248092744,257.48283314179776,20956.24041129194,17886.856294710677,12838.153378102932,8551.747418576895,10385.30321925769,2336.310596566578
2025-08-16,41490.43765951392,24618.889165621244,0.0,0.0,24618.889165621244,59.230599684957554,21151.119388429746,17829.306102888444,14478.498798155893,10385.30321925769,10344.457825017413,2327.100814042743
2025-08-17,67782.5859602039,52575.05402020191,171.24816897927178,1426.8046111232766,54001.85863132519,286.4168453026032,544.9146044714159,19855.73891823642,15898.629855493946,10344.457825017413,10549.478567548034,2317.891031518908
2025-08-18,68254.5269409545,52829.561702730774,211.0593713422594,1790.1059724119705,54619.667675142744,359.7160279502449,0.0,19864.451892045214,16152.697224365365,10549.478567548034,10480.043909982767,2308.6812489950717
2025-08-19,68427.86902961181,53191.442398478204,65.96701217661257,553.2604584225168,53744.70285690072,77.69442472225944,788.552581941999,17641.635208042826,14331.70622291866,10480.043909982767,10433.39757175613,2299.471466471237
2025-08-20,67704.71599267276,53007.33454829024,4074.529853100419,28567.889260151118,81575.22380844135,36.0085698011718,0.0,15064.241235372192,13971.69502606685,10433.39757175613,8467.109099072391,2290.2616839474003
2025-08-21,72679.03324443378,55111.768791341856,41.961158028838554,347.92435402374554,55459.6931453656,474.18816707168367,1136.5648431025977,17977.94971640175,12712.126807446744,8467.109099072391,10522.678502226463,2327.100814042743
2025-08-22,41584.36172049622,24632.37759587769,0.0,0.0,24632.37759587769,71.2981764902122,17939.883961883217,17388.20564030296,15045.59545818017,10522.678502226463,9454.735291632267,2317.891031518908
2025-08-23,42781.119829116644,24736.338790887476,0.0,0.0,24736.338790887476,95.84813830543567,16071.49238905531,18200.93283497949,14117.159683223592,9454.735291632267,10149.841861754257,2308.6812489950717
2025-08-24,70206.46023829484,54242.614841388335,9.791369641817823,81.71877103061155,54324.333612418945,436.45495634559234,2827.7678066149247,18343.336517716274,15124.897156073475,10149.841861754257,9853.403443172823,2368.0803410986173
2025-08-25,70453.67181528253,54516.99057584327,2443.042500741894,14580.380618537441,69097.37119438071,394.402777727003,0.0,15146.43124151137,13417.20671988061,9853.403443172823,8577.184093999047,2336.310596566578
2025-08-26,74333.6473558929,56357.47519062237,25.979693095584025,219.0867518750601,56576.56194249743,1790.067669935318,1462.51022365727,19275.856742601478,13697.625970538928,8577.184093999047,10705.870750630464,2463.389574694726
2025-08-27,71938.40266858801,55327.166983226125,13.631437609174895,114.97436051458565,55442.14134374071,539.1347997966011,174.57448830000385,18687.487015874976,15363.311064441064,10705.870750630464,10454.263437761208,2431.6198301626914
2025-08-28,71454.924436314,54906.11501713008,745.4269458329537,4812.4970757383835,59718.61209286847,399.49296506115263,0.0,15802.573793224554,14769.510359472075,10454.263437761208,8266.012785583225,2399.850085630652
2025-08-29,45568.20867963972,26825.1279057137,0.0,0.0,26825.1279057137,270.9975429515618,17008.477208059507,18173.289924492412,12439.776345863762,8266.012785583225,10800.0,2521.323332045039
2025-08-30,42575.978590280916,25563.41961194889,0.0,0.0,25563.41961194889,49.46995187908533,21379.73480792738,16720.365726797012,14086.311729655896,10800.0,10196.871676721872,2495.1593192267605
2025-08-31,69907.99877969216,53693.895997749874,127.15362230548988,1058.709298848447,54752.60529659832,542.7138020797819,0.0,17026.76867954841,14180.95316296387,10196.871676721872,9764.348862800034,2463.389574694726
2025-09-01,71183.2420298227,48229.314569785056,0.0,0.0,48229.314569785056,11070.449965753001,2857.351572255252,14469.57860526918,10788.27264678807,9764.348862800034,10800.0,2431.6198301626914
2025-09-02,62603.55195878436,42503.2342621649,0.0,0.0,42503.2342621649,5048.457721374487,0.0,18407.044144262436,14909.70575685257,10800.0,10800.0,2399.850085630652
2025-09-03,60911.703255733446,42651.810423685216,0.0,0.0,42651.810423685216,1488.8566921302088,654.4489583041407,16950.949238416375,13730.268883117267,10800.0,10800.0,2368.0803410986173
2025-09-04,60141.08766801846,41245.37853740591,0.0,0.0,41245.37853740591,1184.9811913513638,1293.2724802615485,19669.833928450244,15932.565482044698,10800.0,10800.0,2336.310596566578
2025-09-05,37437.07134961222,19003.449537138513,0.0,0.0,19003.449537138513,3248.3981158520337,24325.520829267367,15994.161778032365,12955.271040206213,10800.0,10800.0,2327.100814042743
2025-09-06,36430.75964740223,18260.10175985843,0.0,0.0,18260.10175985843,2875.530932767262,22727.23898831418,16352.136980635669,13245.230954314891,10800.0,10800.0,2317.891031518908
2025-09-07,56607.02022998292,38170.10582549141,397.5525666787572,2088.8683463584994,40258.974171849906,462.9008498416067,0.0,17294.899705018557,15714.211374865146,10800.0,8905.174873555432,2308.6812489950717
2025-09-08,53575.007183874186,35668.880196275175,7792.2701880493805,39815.167295573105,75484.04749184828,0.0,0.0,15339.890069571828,13368.18223098159,8905.174873555432,7857.540123968313,2368.0803410986173
2025-09-09,58286.99048494278,38830.24524289377,406.048582497619,2262.4406369774806,41092.68587987125,40.303233180794905,1482.9188849906495,21138.030346436368,17071.047663834077,7857.540123968313,7913.936698167625,2495.1593192267605
2025-09-10,60213.047632885144,40472.36638958671,4515.454961800944,26299.330229153158,66771.69661873986,83.64052200930871,0.0,16736.427041041814,13407.563618365024,7913.936698167625,8079.428125810788,2599.8153704998663
2025-09-11,61563.33983067358,41457.71097380291,1.4005648064066918,9.353672059587092,41467.0646458625,464.3679616665455,2080.30799695824,20289.496785605606,14765.518132083735,8079.428125810788,9933.843974985026,2666.903025302071
2025-09-12,36785.4524931161,18404.554745443565,0.0,0.0,18404.554745443565,1267.7010886919709,20079.68483131014,16351.947108423788,12465.536735309794,9933.843974985026,10800.0,2653.2618113074273
2025-09-13,36791.01314979476,18330.077228405873,0.0,0.0,18330.077228405873,1772.5077291881537,24105.634602144164,15293.522816468947,12387.753481339842,10800.0,10800.0,2639.6205973127853
2025-09-14,60091.097073323836,41324.19374271663,850.6231689717249,4437.186548026441,45761.380290743065,434.8032974388227,0.0,15016.895390246447,14609.303195389708,10800.0,8082.64674523324,2625.979383318141
2025-09-15,61908.85388312334,41637.49237325915,1.1717666666667128,7.876615533333644,41645.368988792485,85.35320159365119,2013.7126824480074,21006.55981442976,16262.630682014747,8082.64674523324,8918.960931536973,2680.5442392967134
2025-09-16,63221.04142891523,43696.54408197349,8.238266666666732,55.52179820000045,43752.06588017349,23.098466269976058,0.0,17656.81205616462,13942.40081018603,8918.960931536973,9318.535326322874,2666.903025302071
2025-09-17,63484.67040091576,43671.308078819646,7.62916666666672,38.195422916666935,43709.50350173631,63.69570794177565,0.0,17819.29672171473,14350.811262074076,9318.535326322874,9410.556529117164,2704.357655310822
2025-09-18,63039.2671108412,43150.66127785059,2.4633999999999787,17.516005699999848,43168.17728355059,109.37097501743682,0.0,18181.552878991468,14205.244459834366,9410.556529117164,9990.349164837973,2699.271554301089
2025-09-19,35695.23188630209,17716.17159537536,0.0,0.0,17716.17159537536,99.1346985052719,15776.790380295073,16757.35476829756,13039.400277462477,9990.349164837973,10583.74592579191,2694.1854532913553
2025-09-20,34992.522478745115,17022.5044495364,0.0,0.0,17022.5044495364,186.73881472254476,16047.766843527927,17142.32974382506,14029.746656663749,10583.74592579191,10423.235298941414,2680.5442392967134
2025-09-21,64659.23009749512,44747.02995815703,0.0,0.0,44747.02995815703,1356.3186668287408,2155.2563305037365,15567.601187534932,12707.433570705618,10423.235298941414,10314.705733605497,2666.903025302071
2025-09-22,63596.082661045984,44698.009646053106,19.555900000000065,128.01369518333377,44826.02334123644,207.2086244776213,5.488736666244904,16950.12134749812,14161.20003092933,10314.705733605497,9835.148245321217,2653.2618113074273
2025-09-23,66199.66323646478,45947.028448414036,11.317700000000173,73.78176635000113,46020.81021476404,875.115948647011,0.0,17653.97145317732,14434.722048692885,9835.148245321217,9685.142499077605,2639.6205973127853
2025-09-24,66284.09830279637,45814.38255778797,0.0,0.0,45814.38255778797,663.7809645840005,0.0,18859.72557141838,14302.633333206002,9685.142499077605,10767.080698680813,2625.979383318141
2025-09-25,64644.089113463895,45082.1880930298,15.37166666666667,106.25664583333335,45188.44473886313,149.9328039657111,1293.7865263874346,16581.119529502394,13700.82697972498,10767.080698680813,10466.94718664965,2599.8153704998663
2025-09-26,36558.10472296481,17571.71005599294,0.0,0.0,17571.71005599294,626.3665945899397,14662.868838015234,17236.20135970693,13661.575569347297,10466.94718664965,10800.0,2573.651357681592
2025-09-27,35477.556956019485,17572.32842615737,0.0,0.0,17572.32842615737,144.3221216054888,15291.81449359311,17088.970022315712,14848.851931494824,10800.0,9681.348651756558,2547.4873448633134
2025-09-28,66662.7305726643,46169.129550289756,5.868333333333339,40.07191416666671,46209.20146445642,135.20942305655552,0.0,18039.099445530454,14993.339129256052,9681.348651756558,9257.272453560581,2521.323332045039
2025-09-29,68670.6132224541,47210.40326571236,26.015016666666725,142.85538336666707,47353.25864907903,972.8379038958692,299.726471567909,19208.70861919284,14544.536355535842,9257.272453560581,10384.514260238753,2495.1593192267605
2025-09-30,68203.72581268696,47096.378528093526,0.0,0.0,47096.378528093526,537.5469838796345,0.0,17715.537031758366,15471.532969617705,10384.514260238753,9137.905400357158,2463.389574694726
2025-10-01,69926.09246668837,45733.17589311287,0.0,0.0,45733.17589311287,7522.660360080061,8250.228312774614,15767.353267483175,11275.671006982815,9137.905400357158,10800.0,2431.6198301626914
2025-10-02,62345.750771476465,41554.29114219544,0.0,0.0,41554.29114219544,4466.640303203609,3051.287647228419,16300.208970409323,13203.169266031557,10800.0,10800.0,2399.850085630652
2025-10-03,34514.85971751808,15605.84659571532,0.0,0.0,15605.84659571532,3040.9570653668734,20772.452476495968,15180.507766606544,12296.211290951302,10800.0,10800.0,2368.0803410986173
2025-10-04,34420.84705097799,16039.713508353683,0.0,0.0,16039.713508353683,2271.194667745298,15990.981864319001,16164.212168440066,13101.524082859709,10800.0,10790.541970640828,2336.310596566578
2025-10-05,59587.91976301788,39824.79452780119,0.0,0.0,39824.79452780119,1188.0640722405947,424.24332878794394,17005.995099470685,13766.343804148,10790.541970640828,10800.0,2463.389574694726
2025-10-06,60039.54256870057,40464.92995457894,0.0,0.0,40464.92995457894,179.68640465079977,0.0,17111.350120921576,14984.603206871809,10800.0,9550.655990082962,2431.6198301626914
2025-10-07,61189.95014667898,40880.98026283353,51.07006706313787,262.4259597360629,41143.406222569596,95.74384374624518,0.0,18791.255354617864,15417.541984621985,9550.655990082962,9332.183604103502,2547.4873448633134
2025-10-08,59033.76542226135,38727.90602907832,0.0,0.0,38727.90602907832,47.48118889834062,0.0,18166.56619896675,15658.777632270405,9332.183604103502,8283.451369539795,2639.6205973127853
2025-10-09,61027.96337141175,39853.38830160862,0.0,0.0,39853.38830160862,91.03464276018872,446.33533523616416,20614.135295311808,15883.523585229737,8283.451369539795,9187.813596176267,2694.1854532913553
2025-10-10,34877.15375821698,15517.714923592483,0.0,0.0,15517.714923592483,62.73571232421273,20712.550490648908,18313.4356301992,13555.178991622015,9187.813596176267,10608.595672664422,2680.5442392967134
2025-10-11,34143.7955446117,15519.672293612155,0.0,0.0,15519.672293612155,344.0489321856103,16529.78579928846,15862.373610086324,12698.726380282036,10608.595672664422,10775.035943650959,2666.903025302071
2025-10-12,61129.91151545699,40647.04479789143,20.929933333333338,105.12059016666669,40752.1653880581,472.38976708398593,0.0,16168.614479842872,14005.11878146986,10775.035943650959,9765.545884987485,2704.357655310822
2025-10-13,63293.87034501132,42467.26511078635,0.0,0.0,42467.26511078635,711.6394490326561,1183.4123352517715,18107.44503797707,13736.021777250171,9765.545884987485,10800.0,2699.271554301089
2025-10-14,61802.086569725805,41808.45975102954,0.0,0.0,41808.45975102954,241.05873475270494,0.0,16014.353344980296,15227.15479334053,10800.0,8293.85712899279,2694.1854532913553
2025-10-15,64609.02997091787,43046.41213948076,420.8044487434321,2115.1182215060044,45161.53036098676,98.08212414723994,0.0,16904.769205532586,13893.040560018526,8293.85712899279,8071.437680618205,2714.5298573302885
2025-10-16,66639.03243893826,44510.74033225618,168.32704988975067,881.9594714416937,45392.69980369788,138.4849262332972,0.0,19272.393477740363,15569.99186514565,8071.437680618205,8116.600849311588,2728.8393613463563
2025-10-17,37099.42501455912,16727.705717251098,0.0,0.0,16727.705717251098,429.7779983082296,15249.068311561858,16793.50989624898,11377.130508226614,8116.600849311588,10589.503635683881,2725.764893677578
2025-10-18,34478.18348234043,15441.562916307936,0.0,0.0,15441.562916307936,45.08016448883461,15204.158951313084,16425.745173200587,13273.394073328738,10589.503635683881,10624.458654532482,2722.6904260088
2025-10-19,65367.50931454715,44407.10114753378,0.0,0.0,44407.10114753378,408.7967442420162,0.0,17066.67831603194,15993.688279060138,10624.458654532482,8213.704384449957,2719.6159583400213
2025-10-20,69547.1640171269,46470.95110111827,0.0,0.0,46470.95110111827,535.7355445901266,0.0,19458.942976332935,14888.296870462838,8213.704384449957,9184.200984857556,2714.5298573302885
2025-10-21,69784.49024846224,47331.08451343872,0.0,0.0,47331.08451343872,309.09590543504055,0.0,17383.15712748769,14370.34413446048,9184.200984857556,8861.993361307053,2709.4437563205556
2025-10-22,71248.22552064738,47932.574925676236,0.0,0.0,47932.574925676236,736.4760931389117,0.0,19947.982785884687,14991.130058376213,8861.993361307053,10158.366692629703,2704.357655310822
2025-10-23,70436.3985830965,47840.21334359137,0.0,0.0,47840.21334359137,1952.531223113911,1332.4472666666666,17304.89829437281,13532.975234390215,10158.366692629703,10696.13600824276,2699.271554301089
2025-10-24,35218.348883618826,15919.270746979775,0.0,0.0,15919.270746979775,51.39229434127566,13817.76645433982,16333.860540466245,13404.72112219518,10696.13600824276,10502.475914445517,2694.1854532913553
2025-10-25,35012.870915226944,15508.76453606619,0.0,0.0,15508.76453606619,93.89577010643842,12564.77688096292,17115.732767814832,14159.96723699058,10502.475914445517,10173.338475489334,2680.5442392967134
2025-10-26,68766.01152916573,46757.70457673391,0.0,0.0,46757.70457673391,530.3257954155531,0.0,17825.853190106187,14134.479473022668,10173.338475489334,10511.629154337492,2666.903025302071
2025-10-27,68887.33012731958,46852.90949649186,19.744933333333393,103.66090000000031,46956.570396491865,1581.4072328182249,1592.9153833333326,16965.573525696374,14785.402747861679,10511.629154337492,9352.420052062376,2653.2618113074273
2025-10-28,70412.16065085633,47951.56730088565,0.0,0.0,47951.56730088565,390.23035088644906,0.0,18751.295435228945,14701.786835259056,9352.420052062376,9893.267237925042,2639.6205973127853
2025-10-29,70159.42305093349,48089.22369270226,986.7466444867765,5511.445928434831,53600.669621137095,295.7310822869299,0.0,16342.11333262623,14803.931519492893,9893.267237925042,8152.356437852101,2625.979383318141
2025-10-30,73870.67062601881,50626.59286316762,3.641833333333352,18.13268816666676,50644.72555133429,1695.8000004595676,1659.5278999999996,19545.329202980356,13814.162294087775,8152.356437852101,10394.083504881348,2680.5442392967134
2025-10-31,36246.87727563175,16681.036002832356,0.0,0.0,16681.036002832356,153.9095845984914,8898.964477570747,15735.487540166956,12445.776393371103,10394.083504881348,10727.381853952604,2666.903025302071
2025-11-01,35767.59991511595,16113.588536883106,0.0,0.0,16113.588536883106,354.613534656467,9816.327739780381,15940.873191174516,12888.252983828748,10727.381853952604,10753.88663286662,2653.2618113074273
2025-11-02,71713.52191376408,49620.90882025115,0.0,0.0,49620.90882025115,446.04262113997896,0.0,17895.45601586364,15424.360656572868,10753.88663286662,9721.618539840714,2639.6205973127853
2025-11-03,73616.8889019881,51153.581596910895,0.0,0.0,51153.581596910895,166.8614895832182,0.0,17145.888590520335,13200.791461448778,9721.618539840714,10485.372203032603,2625.979383318141
2025-11-04,73442.51121858164,50745.30304082615,21.977883333333466,105.30702799166731,50850.61006881781,1812.4022254890288,988.4700937881835,17591.02836213795,14507.483612833503,10485.372203032603,10197.871492475084,2604.175644797371
2025-11-05,73424.91449494296,51370.43722512417,0.0,0.0,51370.43722512417,69.0653369008964,0.0,18293.73179833984,14615.902706964436,10197.871492475084,10422.338214353791,2582.371906276601
2025-11-06,72714.33507894643,51058.095985441636,196.06681666666645,923.7688067249991,51981.864792166634,231.77032820136083,0.0,17406.548905093394,16097.501887681658,10422.338214353791,8202.119020402672,2560.5681677558277
2025-11-07,39874.1207484075,17883.41215348896,0.0,0.0,17883.41215348896,896.9321422755868,9872.371794640327,18148.748139582367,12362.393111424113,8202.119020402672,10800.0,2538.7644292350574
2025-11-08,36984.964044843204,16894.65872656717,0.0,0.0,16894.65872656717,690.3523654281603,9595.092162722687,15367.734403109918,12459.421986417565,10800.0,10787.158755668295,2516.9606907142843
2025-11-09,73381.6912484917,51332.47557616599,0.0,0.0,51332.47557616599,606.5232962816488,0.0,17109.07377374831,15680.72300487159,10787.158755668295,8762.299591073343,2512.60041641678
2025-11-10,77045.8589114301,53702.17489144756,554.7929518244691,3043.4922429959965,56745.66713444356,478.5109267017657,0.0,19066.803140666332,15803.105304113524,8762.299591073343,8363.416524213571,2508.2401421192753
2025-11-11,77702.08813120946,53875.10191227603,2.0516666666667334,10.46965500000034,53885.571567276034,628.0188044956213,0.0,20181.411336973782,14664.310010259942,8363.416524213571,10233.008938312263,2503.87986782177
2025-11-12,76081.82157274884,53033.076719061646,11.773333333333426,60.579686666667136,53093.65640572831,1140.6241952108085,84.38843701242104,19268.574241453134,15355.979717594186,10233.008938312263,10512.526069404328,2499.5195935242655
2025-11-13,75247.29835544969,53400.49356369577,2.010533333333342,10.126051133333378,53410.6196148291,259.4316466235962,160.46586666666644,17521.671022611066,15088.130963784959,10512.526069404328,9517.44002999322,2495.1593192267605
2025-11-14,38149.64085658506,16975.22616335826,0.0,0.0,16975.22616335826,170.564487963052,6097.805512344432,17368.21519877644,13085.399642498869,9517.44002999322,10609.500772782168,2487.8053805544305
2025-11-15,36502.8923029602,16808.109306414903,0.0,0.0,16808.109306414903,203.23288571511188,5014.996986444782,16830.98055537764,13758.205041244004,10609.500772782168,10470.488782350923,2480.4514418821
2025-11-16,77140.97584512817,54542.73131510242,0.0,0.0,54542.73131510242,789.31049710804,0.0,17749.03412044852,15831.91315576173,10470.488782350923,8853.60487324156,2473.097503209769
2025-11-17,80497.97275511234,56430.867443335366,0.0,0.0,56430.867443335366,1880.6884714442695,269.16134999999986,20529.54203290606,14877.173432571311,8853.60487324156,10800.0,2465.743564537439
2025-11-18,77149.84585216976,55298.31550796851,0.0,0.0,55298.31550796851,152.47538542835798,0.0,17457.154713333024,15350.336079924946,10800.0,9455.510264305345,2458.3896258651075
2025-11-19,78982.8769143084,56556.69413983519,0.0,0.0,56556.69413983519,316.3691905728372,0.0,19383.744370636417,16085.548246900838,9455.510264305345,9028.048812432737,2455.6655636124683
2025-11-20,80551.51800809841,56611.47179669155,0.0,0.0,56611.47179669155,1127.7067478365213,66.51136953375226,20108.95604644833,15544.732189053522,9028.048812432737,9854.184599732323,2452.9415013598286
2025-11-21,38384.46918956349,17591.42786189885,0.0,0.0,17591.42786189885,418.5459668949341,5025.9650978105,16970.211568160426,12894.637509969038,9854.184599732323,10800.0,2450.2174391071894
2025-11-22,37397.37809863279,17407.058065020654,0.0,0.0,17407.058065020654,343.15602186506817,4002.5979275663326,16710.00807771968,13878.213411851622,10800.0,10418.770145668143,2447.4933768545493
2025-11-23,79554.33586195903,56807.79562489351,0.0,0.0,56807.79562489351,599.5615024732008,0.0,19442.99896398277,15720.320887830261,10418.770145668143,10450.446004552341,2444.76931460191
2025-11-24,79123.75302056453,56739.426793193925,0.0,0.0,56739.426793193925,1990.257004308898,352.3177345313652,16917.148186435857,14297.91360471159,10450.446004552341,9789.308700442847,2432.578556505038
2025-11-25,79901.5673313213,56430.0807943354,0.0,0.0,56430.0807943354,130.74239531028306,0.0,19628.127809856698,16025.96334051233,9789.308700442847,9647.997795411287,2420.3877984081655
2025-11-26,80757.5784503383,57709.78668328037,0.0,0.0,57709.78668328037,511.9432355514088,0.0,19633.491604206207,16145.523272752629,9647.997795411287,9378.669936138394,2408.197040311293
2025-11-27,81443.28018696567,58312.97413811321,0.0,0.0,58312.97413811321,1173.7755076443232,77.08986666666658,19918.874050739167,15507.351971417815,9378.669936138394,10075.265502450518,2396.0062822144173
2025-11-28,38540.347626226954,17291.828524202927,0.0,0.0,17291.828524202927,356.4445071974665,3344.7007686952265,17868.77821394128,13950.81441360702,10075.265502450518,10656.260990989867,2383.815524117545
2025-11-29,38162.113379766524,17279.26232467189,0.0,0.0,17279.26232467189,250.94719982561776,0.0,16870.84204010558,13889.125960164673,10656.260990989867,10407.656649124145,2374.314538607352
2025-11-30,82350.4439524351,59957.746690045424,0.0,0.0,59957.746690045424,206.12978075641922,0.0,18026.694101115925,16127.208046103911,10407.656649124145,8712.56128890191,2420.3877984081655
2025-12-01,85557.08069543212,64984.43985008815,4470.079889603218,27546.066841597814,92530.50669168597,215.4857192039334,0.0,20590.69724489686,17077.950112398772,8712.56128890191,8268.68868442156,2408.197040311293
2025-12-02,89269.27666655877,68863.42232815485,3457.748247797379,23390.132372125307,92253.55470028016,112.54229429759846,0.0,20059.69935485998,16083.026684801418,8268.68868442156,8452.388454016182,2447.4933768545493
2025-12-03,94018.25845058386,73457.93767971659,38.050107536407836,271.5746515536912,73729.51233127028,544.6938731740937,0.0,22294.819615232016,15945.953496952501,8452.388454016182,10800.0,2458.3896258651075
2025-12-04,91729.4652008716,72280.17027438339,112.55235484175284,805.5023901295228,73085.67266451291,1441.6286572724803,0.0,19100.948149688815,15471.768001247943,10800.0,10800.0,2455.6655636124683
2025-12-05,43881.460069335655,21788.3353358735,0.0,0.0,21788.3353358735,374.0261028649982,0.0,16245.692336754037,14049.886053616714,10800.0,9810.138599060065,2452.9415013598286
2025-12-06,45552.15781091327,22701.963631656872,385.1289927046655,1799.3526777674356,24501.316309424306,199.274707620916,0.0,16025.78475605238,13952.403476722027,9810.138599060065,8730.674349816061,2450.2174391071894
2025-12-07,97082.63396190215,76235.79304693203,24.179250794467748,167.48599323354165,76403.27904016557,3764.6580605927684,0.0,20142.53061546481,14453.056713360951,8730.674349816061,10800.0,2447.4933768545493
2025-12-08,98249.20806553931,77236.36996034933,0.0,0.0,77236.36996034933,6864.552127200676,0.0,18618.130640378815,15080.685818706841,10800.0,10800.0,2444.76931460191
2025-12-09,97482.92083760371,75858.65250029764,129.8901458446487,955.8645772018385,76814.51707749948,6725.622060688067,0.0,18414.392926808592,14915.658270714965,10800.0,10800.0,2432.578556505038
2025-12-10,94661.32108050205,74634.39283064335,0.0,0.0,74634.39283064335,2677.332799656687,0.0,18928.262179887843,15331.89236570915,10800.0,10800.0,2420.3877984081655
2025-12-11,94049.5852484538,72395.42515756476,29.329801881635717,207.6730412728412,72603.0981988376,4647.471452709959,0.0,18264.15209276574,14793.963195140253,10800.0,10800.0,2408.197040311293
2025-12-12,46602.68605861836,23264.8944535819,0.0,0.0,23264.8944535819,315.3304042017804,0.0,15687.441548963632,13114.499377880384,10800.0,10347.03141864463,2396.0062822144173
2025-12-13,47336.19885054944,23645.48234562954,0.0,0.0,23645.48234562954,453.2978726046715,0.0,16805.797193773167,13721.429599161738,10347.03141864463,10226.216005082999,2383.815524117545
2025-12-14,92476.14234813144,72413.25018704035,11.16250258675825,83.1773880252291,72496.42757506558,245.73675868730743,0.0,20376.637751847684,16913.791459816777,10226.216005082999,9772.088359727275,2374.314538607352
2025-12-15,95002.74747460926,74185.87936040128,26.626205394122053,190.42175382031007,74376.30111422158,989.5724109979848,0.0,20744.060844129403,16173.817541790679,9772.088359727275,10470.834739676318,2364.8135530971595
2025-12-16,93630.6908970729,73061.11813358642,24.107194146192683,173.08052149109656,73234.19865507752,830.6000372522607,0.0,19499.576485112193,16093.4697644787,10470.834739676318,10138.820504634297,2355.3125675869665
2025-12-17,92736.6747213412,71806.74518892035,38.336960999129246,280.3170916109385,72087.06228053129,669.9821055453023,0.0,20096.623687140207,16183.441177011835,10138.820504634297,10244.18051526955,2345.811582076771
2025-12-18,91819.36063902281,70824.79770443347,53.98337203124311,371.06170496041887,71195.85940939389,1016.8647247028273,0.0,20415.31688703148,16925.104567346913,10244.18051526955,9812.29397210132,2336.310596566578
2025-12-19,47337.96352657868,23296.663545238964,0.0,0.0,23296.663545238964,137.1902593523415,677.639148434974,17369.7805892778,13755.037770486433,9812.29397210132,10161.721201910861,2327.383421713582
2025-12-20,46997.131531654246,23016.90763717603,0.0,0.0,23016.90763717603,285.7142221013138,322.8914673258736,17450.62538053016,13918.4517883031,10161.721201910861,10402.337612940111,2318.456246860586
2025-12-21,92218.83431123788,71460.00349804279,32.08376596142523,226.29384770471208,71686.2973457475,334.17104753547824,0.0,19998.88684653523,17119.921683538058,10402.337612940111,9379.200570890654,2309.5290720075895
2025-12-22,94037.12685845006,73309.81935726915,43.55826274974822,306.093075792955,73615.91243306211,517.684197203929,0.0,21255.10945076435,16629.535610101797,9379.200570890654,10031.537287576575,2300.601897154591
2025-12-23,93083.06608566211,72044.99107076015,0.0,0.0,72044.99107076015,1621.0529923259032,0.0,20363.382947284223,16159.462387281334,10031.537287576575,10403.623732042013,2291.6747223015946
2025-12-24,91571.98009832192,70390.19709788513,38.468222452450846,296.3976539961337,70686.59475188126,810.8695540320156,0.0,20258.123708873667,17313.104258797965,10403.623732042013,9399.152560252796,2291.3921146307557
2025-12-25,92172.19175857383,70922.45750547397,17.859948576485863,126.9485144816615,71049.40601995563,205.47181507490336,0.0,20903.52476093087,16731.393402188787,9399.152560252796,9621.887731547482,2291.109506959917
2025-12-26,47317.15540170399,23250.94567753783,0.0,0.0,23250.94567753783,45.294286316225566,0.0,18513.626650197744,14249.387968143303,9621.887731547482,10451.498418788444,2290.826899289078
2025-12-27,46222.71072469445,22295.807731651545,0.0,0.0,22295.807731651545,255.02304173257534,0.0,16381.129989363955,13752.251373068744,10451.498418788444,9914.236105806292,2290.544291618239
2025-12-28,93016.66570109961,71476.74787122285,145.0819374321644,1080.8007482840997,72557.54861950695,2071.2381095624164,0.0,20046.52626668341,15765.27148771404,9914.236105806292,10439.141426139098,2290.2616839474003
2025-12-29,92209.56499874545,71308.69940357808,0.0,0.0,71308.69940357808,1312.6192496698882,0.0,19078.904383290283,15705.724900881383,10439.141426139098,10159.349925676586,2288.563425164473
2025-12-30,91027.29613726668,69217.12027650648,68.72855887700678,502.1403609922558,69719.26063749874,821.031210708167,0.0,20570.320765952994,16519.729880517465,10159.349925676586,10317.383192237105,2286.8651663815454
2025-12-31,84786.66024235997,67046.561729779,2865.9251894866356,18204.087499970297,85250.6492297493,319.4150627244453,0.0,14208.537303217374,15521.78986742854,10317.383192237105,5858.63357910103,2285.166907598618
