date,t,time_end,L_actual_kw,P_act_kw,L_fc_kw,P_fc_kw,m_safety_kw,x_plan_kwh,y_used_kwh,r_purchase_waste_kwh,u_charge_kwh,v_discharge_kwh,e_emergency_kwh,w_pv_waste_kwh,g_pv_used_kwh,E_end_kwh
2025-03-20,1,00:10,3299.0689,0.0,3531.2899583982494,0.0,129.1362575833429,610.071035996932,549.8448166666667,60.22621933026528,0.0,0.0,0.0,0.0,0.0,10800.0
2025-03-20,2,00:20,3421.881,0.0,3499.9346646369872,0.0,129.43781772077602,604.8954137262938,570.3135,34.581913726293806,0.0,0.0,0.0,0.0,0.0,10800.0
2025-03-20,3,00:30,3683.11,0.0,3498.809592981438,0.0,130.3090690775981,604.8531103431726,604.8531103431726,0.0,0.0,8.998556323494086,0.0,0.0,0.0,10790.001604085006
2025-03-20,4,00:40,3476.737,0.0,3518.7491757134308,0.0,130.37997818144763,608.188192315813,590.5654954611044,17.62269685470858,11.109328794437817,0.0,0.0,0.0,0.0,10800.0
2025-03-20,5,00:50,3302.6695,0.0,3494.038602491749,0.0,141.82482942966578,605.9772386535691,550.4449166666666,55.5323219869025,0.0,0.0,0.0,0.0,0.0,10800.0
2025-03-20,6,01:00,3426.94,0.0,3451.383079067516,0.0,149.84116127757534,600.2040400575152,571.1566666666666,29.04737339084852,0.0,0.0,0.0,0.0,0.0,10800.0
2025-03-20,7,01:10,3609.5343,0.0,3429.27421883212,0.0,124.80791132852224,592.3470216934403,592.3470216934403,0.0,0.0,9.242028306559632,0.0,0.0,0.0,10789.731079659377
2025-03-20,8,01:20,3668.9025,0.0,3401.4950500683835,0.0,105.33986207197648,584.4724853567266,584.4724853567266,0.0,0.0,27.01126464327342,0.0,0.0,0.0,10759.718563389073
2025-03-20,9,01:30,3589.3,0.0,3348.130564135422,0.0,117.30265925370082,577.5722038981871,577.5722038981871,0.0,0.0,20.64446276847957,0.0,0.0,0.0,10736.780271424095
2025-03-20,10,01:40,3503.6157,0.0,3398.2659777895838,0.0,130.13821769334058,588.0673659138207,588.0673659138207,0.0,4.131415913820774,0.0,0.0,0.0,0.0,10740.498545746534
2025-03-20,11,01:50,3545.9703,0.0,3511.697606864648,0.0,146.62478912147307,609.7203993310202,609.7203993310202,0.0,18.725349331020197,0.0,0.0,0.0,0.0,10757.351360144452
2025-03-20,12,02:00,3590.66,0.0,3584.163230177219,0.0,161.68976591183664,624.3088326815092,624.3088326815092,0.0,25.865499348175945,0.0,0.0,0.0,0.0,10780.63030955781
2025-03-20,13,02:10,3395.9017,0.0,3515.2154974848845,0.0,144.2830716124628,609.9164281828912,587.505494935767,22.41093324712415,21.521878269100448,0.0,0.0,0.0,0.0,10800.0
2025-03-20,14,02:20,3276.7246,0.0,3444.5071808796674,0.0,114.88631335647631,593.2322490393573,546.1207666666667,47.1114823726906,0.0,0.0,0.0,0.0,0.0,10800.0
2025-03-20,15,02:30,3394.28,0.0,3468.7045368189156,0.0,91.79201131598754,593.4160913558171,565.7133333333334,27.70275802248375,0.0,0.0,0.0,0.0,0.0,10800.0
2025-03-20,16,02:40,3587.5594,0.0,3563.7851503938286,0.0,80.63590276700876,607.4035088601395,597.9265666666666,9.476942193472837,0.0,0.0,0.0,0.0,0.0,10800.0
2025-03-20,17,02:50,3605.7268,0.0,3636.2968880637986,0.0,108.43614004216988,624.1221713509947,600.9544666666666,23.1677046843281,0.0,0.0,0.0,0.0,0.0,10800.0
2025-03-20,18,03:00,3522.79,0.0,3606.613339203975,0.0,146.86338755076054,625.5794544591226,587.1316666666667,38.44778779245598,0.0,0.0,0.0,0.0,0.0,10800.0
2025-03-20,19,03:10,3631.2618,0.0,3509.349309792626,0.0,143.6515127035921,608.8334704160363,605.2103,3.6231704160363734,0.0,0.0,0.0,0.0,0.0,10800.0
2025-03-20,20,03:20,3731.3543,0.0,3461.59895263278,0.0,123.36498124927436,597.4939889803424,597.4939889803424,0.0,0.0,24.398394352990977,0.0,0.0,0.0,10772.890672941121
2025-03-20,21,03:30,3721.01,0.0,3518.877261795444,0.0,112.1429963484293,605.1700430239789,605.1700430239789,0.0,0.0,14.998290309354388,0.0,0.0,0.0,10756.225905930727
2025-03-20,22,03:40,3699.7385,0.0,3633.244674034395,0.0,102.63150848247311,622.6460304194779,622.6460304194779,0.0,6.022947086144654,0.0,0.0,0.0,0.0,10761.646558308257
2025-03-20,23,03:50,3674.7825,0.0,3581.6980541646944,0.0,99.9087314433823,613.6011309346794,613.6011309346794,0.0,1.137380934679527,0.0,0.0,0.0,0.0,10762.670201149469
2025-03-20,24,04:00,3623.58,0.0,3506.887981837085,0.0,99.56519495301976,601.0755294650174,601.0755294650174,0.0,0.0,2.854470534982511,0.0,0.0,0.0,10759.49856722171
2025-03-20,25,04:10,3538.7697,0.0019,3644.4457059329984,0.0,90.69271945195194,622.5230708974917,622.5230708974917,0.0,32.72843756415841,0.0,0.0,0.0,0.00031666666666666665,10788.954161029453
2025-03-20,26,04:20,3488.7843,0.0,3669.2761397422123,0.0,97.7989815834499,627.845853554277,593.7372044117191,34.108649142557965,12.273154411719183,0.0,0.0,0.0,0.0,10800.0
2025-03-20,27,04:30,3513.51,0.0,3535.677132675479,0.0,129.06027207716446,610.7895674587738,585.585,25.204567458773795,0.0,0.0,0.0,0.0,0.0,10800.0
2025-03-20,28,04:40,3598.3779,0.0271,3594.4638198319817,0.0,145.59475814955536,623.3430963302561,599.7251333333334,23.617962996922756,0.0,0.0,0.0,0.0,0.004516666666666666,10800.0
2025-03-20,29,04:50,3700.4359,0.0,3666.646732913661,0.0,138.06446189486797,634.1185324680881,616.7393166666666,17.379215801421537,0.0,0.0,0.0,0.0,0.0,10800.0
2025-03-20,30,05:00,3753.57,0.0,3653.615477000317,0.0,117.82763959101129,628.5738527652213,625.595,2.9788527652212906,0.0,0.0,0.0,0.0,0.0,10800.0
2025-03-20,31,05:10,3716.9811,0.3776,3597.906134588609,0.0,103.65236125138645,616.9264159733325,616.9264159733325,0.0,0.0,2.507500693334123,0.0,0.0,0.06293333333333333,10797.213888118518
2025-03-20,32,05:20,3707.0664,0.0,3600.1208749396205,0.0,115.86769686177828,619.3314286335665,619.3314286335665,0.0,1.4870286335665241,0.0,0.0,0.0,0.0,10798.552213888728
2025-03-20,33,05:30,3642.69,0.0,3637.2967809877173,0.0,115.6262489250693,625.4871716521311,608.7236512347465,16.763520417384598,1.6086512347465032,0.0,0.0,0.0,0.0,10800.0
2025-03-20,34,05:40,3457.8398,5.2594,3626.2042558245375,0.0,89.76726949478316,619.3285875532201,575.4300666666667,43.898520886553456,0.0,0.0,0.0,0.0,0.8765666666666667,10800.0
2025-03-20,35,05:50,4028.7787,0.0,4140.607209029563,0.0,98.75580366973523,706.5605021165497,671.4631166666666,35.09738544988318,0.0,0.0,0.0,0.0,0.0,10800.0
2025-03-20,36,06:00,4962.09,0.0,4775.18290743881,11.132073615632958,120.36518256565122,0.0,0.0,0.0,0.0,827.015,0.0,0.0,0.0,9881.094444444445
2025-03-20,37,06:10,4905.1198,153.4202,4755.629131434507,141.63586078329857,103.3296576907128,0.0,0.0,0.0,0.0,791.9499333333334,0.0,0.0,25.57003333333333,9001.150074074074
2025-03-20,38,06:20,4660.8239,401.044,4644.19477836058,379.9363050420152,81.12737209018547,0.0,0.0,0.0,0.0,709.9633166666667,0.0,0.0,66.84066666666666,8212.301944444444
2025-03-20,39,06:30,4703.75,675.525,4913.271123762383,665.2451302457035,74.29673546036479,0.0,0.0,0.0,0.0,671.3708333333333,0.0,0.0,112.58749999999999,7466.334351851851
2025-03-20,40,06:40,4726.9008,952.6316,4661.044110143355,981.5908697015092,70.54765777880493,0.0,0.0,0.0,0.0,629.0448666666667,0.0,0.0,158.77193333333332,6767.39561111111
2025-03-20,41,06:50,4819.4733,1302.5378,4758.2580574456915,1307.717687273522,73.58018050848261,0.0,0.0,0.0,0.0,586.1559166666666,0.0,0.0,217.08963333333332,6116.111259259258
2025-03-20,42,07:00,4880.33,1693.2375,4853.867347351043,1642.142027551826,90.53331009519297,0.0,0.0,0.0,0.0,531.1820833333334,0.0,0.0,282.20624999999995,5525.9089444444435
2025-03-20,43,07:10,4689.3761,2009.9231,4793.868504606378,1990.4918907325348,100.75977262342437,484.02273108287795,484.02273108287795,0.0,37.44723108287792,0.0,0.0,0.0,334.9871833333333,5559.611452419033
2025-03-20,44,07:20,4713.3646,2305.9149,4772.599093037656,2287.834362020087,102.38373450772283,431.1914109208819,431.1914109208819,0.0,29.949794254215362,0.0,0.0,0.0,384.31915000000004,5586.566267247827
2025-03-20,45,07:30,4827.2,2609.7375,4754.177104536454,2525.658204531273,125.94196036302145,392.4101433947004,392.4101433947004,0.0,22.833060061367178,0.0,0.0,0.0,434.95625,5607.116021303058
2025-03-20,46,07:40,4578.156,2894.0148,4544.371611748852,2830.405510790289,135.09573688821382,477.9521965475777,477.9521965475777,0.0,197.26199654757772,0.0,0.0,0.0,482.33579999999995,5784.651818195878
2025-03-20,47,07:50,5187.0368,3179.5684,5418.252200304229,3195.1063071073763,124.83391155327696,0.0,0.0,0.0,0.0,334.5780666666667,0.0,0.0,529.9280666666666,5412.898410788471
2025-03-20,48,08:00,6405.59,3476.5125,6582.795714679928,3485.591467416322,148.05219445887013,0.0,0.0,0.0,0.0,488.1795833333334,0.0,0.0,579.4187499999999,4870.476651529211
2025-03-20,49,08:10,6658.0486,3761.2255,6539.405978216931,3763.735293993602,167.1512932578128,0.0,0.0,0.0,0.0,482.8038499999999,0.0,0.0,626.8709166666666,4334.027929306989
2025-03-20,50,08:20,6606.6001,3976.3717,6344.381833755861,4056.288643368998,175.22509901343875,0.0,0.0,0.0,0.0,438.3713999999999,0.0,0.0,662.7286166666667,3846.9485959736558
2025-03-20,51,08:30,6687.27,4220.325,6491.454143724748,4304.0524220108255,189.05366505652296,0.0,0.0,0.0,0.0,411.15750000000014,0.0,0.0,703.3874999999999,3390.106929306989
2025-03-20,52,08:40,6649.776,4653.7429,6449.233419247027,4522.895630191432,192.03383671670804,0.0,0.0,0.0,0.0,332.6721833333331,0.0,0.0,775.6238166666667,3020.47117004773
2025-03-20,53,08:50,6705.5335,5037.5027,6498.482629708147,4801.167846170209,220.70964041901607,0.0,0.0,0.0,0.0,278.00513333333333,0.0,0.0,839.5837833333333,2711.5765774551373
2025-03-20,54,09:00,6757.81,5180.8875,6631.131634851734,5168.509661644657,256.7364670088233,0.0,0.0,0.0,0.0,262.8204166666668,0.0,0.0,863.4812499999999,2419.553892269952
2025-03-20,55,09:10,6494.2004,5166.4978,6545.395289184515,5440.992662866277,281.64161275021087,0.0,0.0,0.0,0.0,221.28376666666668,0.0,0.0,861.0829666666666,2173.6830404181
2025-03-20,56,09:20,6436.4392,5533.329,6454.242825196288,5731.932268407746,340.43380365086995,0.0,0.0,0.0,0.0,150.51836666666668,0.0,0.0,922.2214999999999,2006.4404107884704
2025-03-20,57,09:30,6570.85,6107.7375,6458.683379072362,6051.051374398794,413.44794670626436,0.0,0.0,0.0,0.0,77.1854166666667,0.0,0.0,1017.95625,1920.6788367143963
2025-03-20,58,09:40,6399.3635,6182.795,6467.962383587787,6291.708231530348,458.3078391390861,0.0,0.0,0.0,0.0,36.094750000000204,0.0,0.0,1030.4658333333332,1880.5735589366184
2025-03-20,59,09:50,6445.9301,6198.386,6466.325392406506,6498.261241010665,461.9856078097145,0.0,0.0,0.0,0.0,41.25734999999986,0.0,0.0,1033.0643333333333,1834.7320589366186
2025-03-20,60,10:00,6697.43,6426.1875,6464.863808472522,6646.957622879688,451.73150825890417,0.0,0.0,0.0,0.0,45.20708333333323,0.0,0.0,1071.03125,1784.5019663440262
2025-03-20,61,10:10,6577.9956,6675.2481,6458.867276367294,6827.709076360554,452.41740343518927,0.0,0.0,0.0,16.20875000000001,0.0,0.0,0.0,1112.54135,1799.0898413440261
2025-03-20,62,10:20,6445.2772,6774.004,6451.687411067072,6972.092090236736,418.8111005740616,0.0,0.0,0.0,54.787799999999834,0.0,0.0,0.0,1129.0006666666666,1848.398861344026
2025-03-20,63,10:30,6473.61,6879.075,6412.488284567305,7076.794917475572,366.5757084734096,0.0,0.0,0.0,67.57749999999987,0.0,0.0,0.0,1146.5124999999998,1909.218611344026
2025-03-20,64,10:40,6454.2353,7268.5137,6341.240697314032,7170.065211954976,348.2158853621366,0.0,0.0,0.0,135.7130666666667,0.0,0.0,0.0,1211.41895,2031.360371344026
2025-03-20,65,10:50,6352.336,7455.3554,6327.79742205431,7367.233413127066,349.4893363705002,0.0,0.0,0.0,183.83656666666684,0.0,0.0,0.0,1242.5592333333334,2196.813281344026
2025-03-20,66,11:00,6279.9,7263.0,6400.2722595044215,7519.593288327565,394.4080673440173,712.5145064201456,669.4833333333331,43.03117308681249,833.3333333333333,0.0,0.0,0.0,1210.5,2946.813281344026
2025-03-20,67,11:10,6362.0436,7021.6679,6450.587583683427,7544.283893002652,487.01706733543205,732.2201263360344,723.3959499999999,8.824176336034498,833.3333333333333,0.0,0.0,0.0,1170.2779833333334,3696.813281344026
2025-03-20,68,11:20,6393.8373,7052.8842,6403.648681926366,7635.813422632876,538.2790821118582,717.6857235675582,717.6857235675582,0.0,827.5268735675584,0.0,0.0,0.0,1175.4807,4441.587467554828
2025-03-20,69,11:30,6360.1,7317.5625,6339.73957379823,7772.177009117685,540.5995982719161,684.69369382541,673.7562499999999,10.937443825410128,833.3333333333333,0.0,0.0,0.0,1219.59375,5191.587467554828
2025-03-20,70,11:40,6424.0276,7505.6333,6388.17492168899,7787.471226236939,550.6380821544566,691.8902962677512,653.0657166666667,38.82457960108445,833.3333333333333,0.0,0.0,0.0,1250.9388833333333,5941.587467554828
2025-03-20,71,11:50,6379.6216,7635.0323,6284.936849870374,7762.524298335145,534.3226406920994,676.122532037888,624.0982166666668,52.02431537122129,833.3333333333333,0.0,0.0,0.0,1272.5053833333332,6691.587467554828
2025-03-20,72,12:00,6168.32,7818.45,6065.311901607982,7757.272585596179,488.4523116021346,632.7486046023228,558.3116666666667,74.43693793565603,833.3333333333333,0.0,0.0,0.0,1303.0749999999998,7441.587467554828
2025-03-20,73,12:10,5958.8116,8082.9395,6042.906033222513,7775.52509355029,484.57594188561706,625.3261469263066,479.3120166666665,146.01413025964007,833.3333333333333,0.0,0.0,0.0,1347.1565833333334,8191.587467554828
2025-03-20,74,12:20,5855.2299,8090.5707,6085.55798633569,7875.579176607829,501.51091395967296,618.5816206145887,460.7765333333334,157.80508728125528,833.3333333333333,0.0,0.0,0.0,1348.4284499999999,8941.58746755483
2025-03-20,75,12:30,5883.66,7709.3625,6061.771557774151,7957.8041580760755,494.78815763577774,599.7925928889754,529.0495833333332,70.74300955564217,833.3333333333333,0.0,0.0,0.0,1284.89375,9691.58746755483
2025-03-20,76,12:40,6006.2794,7205.256,6032.343364907742,7845.1066702012895,488.13709286055996,612.5622979278355,612.5622979278355,0.0,812.3917312611688,0.0,0.0,0.0,1200.876,10422.740025689882
2025-03-20,77,12:50,6168.3548,7206.9442,6067.554377949153,7728.432047903634,498.6848456848654,401.36530053655224,246.07951590013113,155.2857846364211,419.1777492334646,0.0,0.0,0.0,1201.1573666666666,10800.0
2025-03-20,78,13:00,6351.38,7525.8,6209.54209604184,7687.472672667954,494.7293364115949,0.0,0.0,0.0,0.0,0.0,0.0,195.73666666666668,1058.5633333333333,10800.0
2025-03-20,79,13:10,6510.6216,7339.075,6329.969417716408,7605.57522785083,472.7154237044513,0.0,0.0,0.0,0.0,0.0,0.0,138.07556666666665,1085.1036,10800.0
2025-03-20,80,13:20,6358.8315,6900.6338,6321.121503810605,7402.286208562162,486.1594516034787,0.0,0.0,0.0,0.0,0.0,0.0,90.30038333333323,1059.80525,10800.0
2025-03-20,81,13:30,6039.3,6610.0125,6262.207871930704,7203.472670999792,481.9945410698341,0.0,0.0,0.0,0.0,0.0,0.0,95.11874999999986,1006.55,10800.0
2025-03-20,82,13:40,6028.9848,6642.1795,6333.993053092908,7145.503642834292,416.9050544693717,0.0,0.0,0.0,0.0,0.0,0.0,102.19911666666667,1004.8308,10800.0
2025-03-20,83,13:50,6177.7813,6806.5377,6291.651350614612,7036.9229029610515,361.09431503434115,0.0,0.0,0.0,0.0,0.0,0.0,104.79273333333344,1029.6302166666665,10800.0
2025-03-20,84,14:00,6280.02,6799.95,6166.166827148437,6738.133152235772,331.3806499637331,0.0,0.0,0.0,0.0,0.0,0.0,86.65499999999975,1046.67,10800.0
2025-03-20,85,14:10,6283.4823,6453.6137,6238.000216234111,6483.112100045563,316.2413650929027,0.0,0.0,0.0,0.0,0.0,0.0,28.355233333333217,1047.24705,10800.0
2025-03-20,86,14:20,6314.912,6203.5886,6246.217176434401,6304.712332126843,324.85904233921246,0.0,0.0,0.0,0.0,18.553900000000112,0.0,0.0,1033.9314333333332,10779.384555555556
2025-03-20,87,14:30,6352.79,6115.6875,6180.07711012641,6035.9605571442125,332.34012098262764,0.0,0.0,0.0,0.0,39.517083333333176,0.0,0.0,1019.28125,10735.476685185185
2025-03-20,88,14:40,6259.4213,5837.6616,6265.742663387912,5812.161200659975,310.86777567833064,0.0,0.0,0.0,0.0,70.29328333333319,0.0,0.0,972.9436000000001,10657.373037037038
2025-03-20,89,14:50,6190.1146,5431.9635,6317.419089961207,5568.708786706121,300.90022427135864,0.0,0.0,0.0,0.0,126.35851666666656,0.0,0.0,905.3272499999999,10516.974685185185
2025-03-20,90,15:00,6156.64,5072.775,6261.537667030515,5333.88700780802,308.5787479971772,746.7809933484964,495.1167386831278,251.66425466536862,314.472572016461,0.0,0.0,0.0,845.4624999999999,10800.0
2025-03-20,91,15:10,6039.3659,4855.4545,6196.750057985283,5136.146162609632,290.057372984911,225.110211393427,197.3185666666667,27.791644726760296,0.0,0.0,0.0,0.0,809.2424166666666,10800.0
2025-03-20,92,15:20,6054.6789,4561.8383,6159.437230338219,4872.463989909883,265.3474431991128,258.72011393790797,248.8067666666666,9.913347271241378,0.0,0.0,0.0,0.0,760.3063833333333,10800.0
2025-03-20,93,15:30,6187.68,4146.825,6167.992583885845,4545.411559684929,241.3826837675931,310.66061799475165,310.66061799475165,0.0,0.0,29.481882005248394,0.0,0.0,691.1374999999999,10767.242353327501
2025-03-20,94,15:40,6195.3721,3778.6785,6222.530842778593,4247.968586710225,216.18039689129682,365.12377549327744,365.12377549327744,0.0,0.0,37.658491173389166,0.0,0.0,629.7797499999999,10725.399585357069
2025-03-20,95,15:50,6186.1376,3471.4229,6172.462819262282,3957.9832903792676,217.89542718822116,405.3958260118727,405.3958260118727,0.0,0.0,47.05662398812717,0.0,0.0,578.5704833333333,10673.114447592483
2025-03-20,96,16:00,6200.17,3156.225,6008.134771485335,3665.079760935864,211.75061602866884,425.80093776302317,425.80093776302317,0.0,0.0,81.5232289036436,0.0,0.0,526.0374999999999,10582.53308214399
2025-03-20,97,16:10,6153.3743,2779.805,6115.502370016783,3318.800824334345,167.3268971634311,494.00474047431146,494.00474047431146,0.0,0.0,68.2568095256886,0.0,0.0,463.3008333333333,10506.692182671002
2025-03-20,98,16:20,6101.7592,2507.3559,6159.466576388079,2921.1237836443543,132.69425709658034,561.8395083067176,561.8395083067176,0.0,0.0,37.22770835994913,0.0,0.0,417.89265,10465.328062271059
2025-03-20,99,16:30,6118.95,2334.4125,6146.661885307381,2496.763483239146,125.54614113496343,629.2407572005332,629.2407572005332,0.0,0.0,1.5154927994668697,0.0,0.0,389.06874999999997,10463.644181382762
2025-03-20,100,16:40,6209.4949,2077.0816,6134.3985459573805,2152.0221865298563,125.68267511019843,684.676505756287,684.676505756287,0.0,0.0,4.059044243712833,0.0,0.0,346.1802666666666,10459.134132223082
2025-03-20,101,16:50,6190.199,1733.8533,6150.72160897876,1846.361822879099,129.79748248900773,739.0262114314448,739.0262114314448,0.0,0.0,3.6980719018883974,0.0,0.0,288.97555,10455.025163443206
2025-03-20,102,17:00,6102.19,1377.7125,6176.9539772649,1546.3644755991859,134.5012202482744,794.1817869856645,794.1817869856645,0.0,6.768870318997983,0.0,0.0,0.0,229.61875,10461.117146730305
2025-03-20,103,17:10,6143.2969,1083.9022,6135.819207910843,1243.0287918280196,138.6663270929642,838.5761238626312,838.5761238626312,0.0,0.0,4.656326137368865,0.0,0.0,180.65036666666666,10455.943451022116
2025-03-20,104,17:20,6075.0134,831.8823,6057.210201126854,936.8666253968088,136.89317752668003,876.2061255427876,876.2061255427875,1.1368683772161603e-13,2.3509422094542742,0.0,0.0,0.0,138.64704999999998,10458.059299010625
2025-03-20,105,17:30,6025.68,597.3375,6120.994952887919,647.9200179911168,137.65717644599258,935.1220185571324,935.1220185571324,0.0,30.398268557132496,0.0,0.0,0.0,99.55624999999999,10485.417740712044
2025-03-20,106,17:40,6213.4416,374.8971,6302.285792007818,373.4750241967898,145.13531642702932,1012.3243473730095,1012.3243473730095,0.0,39.233597373009616,0.0,0.0,0.0,62.48285,10520.727978347753
2025-03-20,107,17:50,5394.1467,156.1276,5624.7506362743,143.80231056139667,139.94813371865382,936.816076571926,936.816076571926,0.0,63.812893238592665,0.0,0.0,0.0,26.021266666666666,10578.159582262488
2025-03-20,108,18:00,4094.12,0.0,4380.639955320813,10.463639380764526,123.34689383074667,748.9205349617991,748.9205349617991,0.0,66.56720162846591,0.0,0.0,0.0,0.0,10638.070063728106
2025-03-20,109,18:10,4187.9837,0.0,4211.061023684551,0.0,110.51694943486991,383.42326684965974,383.42326684965974,0.0,0.0,314.5740164836735,0.0,0.0,0.0,10288.543378746246
2025-03-20,110,18:20,4441.4267,5.5774,4377.1096543401645,0.0,121.82621348224724,749.8226446370686,749.8226446370686,0.0,10.51442797040204,0.0,0.0,0.0,0.9295666666666667,10298.006363919609
2025-03-20,111,18:30,4255.45,0.0,4348.3147991051555,0.0,141.46666999658504,748.2969115169567,748.2969115169567,0.0,39.05524485029014,0.0,0.0,0.0,0.0,10333.15608428487
2025-03-20,112,18:40,4286.5369,0.0,4377.54992633538,0.0,143.38007409102516,0.0,0.0,0.0,0.0,714.4228166666667,0.0,0.0,0.0,9539.35295465524
2025-03-20,113,18:50,4470.2464,0.4004,4377.220255312353,0.0,148.69408513643893,0.0,0.0,0.0,0.0,744.9743333333333,0.0,0.0,0.06673333333333333,8711.603695395981
2025-03-20,114,19:00,4579.24,0.0,4345.911472188781,0.0,155.64208329156563,0.0,0.0,0.0,0.0,763.2066666666666,0.0,0.0,0.0,7863.596287988574
2025-03-20,115,19:10,4480.3082,0.0,4343.405431537118,0.0,147.2920664615884,0.0,0.0,0.0,0.0,746.7180333333333,0.0,0.0,0.0,7033.90958428487
2025-03-20,116,19:20,4285.5618,0.0288,4336.486808365238,0.0,138.22802767077087,0.0,0.0,0.0,0.0,714.2555,0.0,0.0,0.0048,6240.292362062648
2025-03-20,117,19:30,4196.78,0.0,4389.26834549334,0.0,147.38096709748402,0.0,0.0,0.0,0.0,699.4633333333333,0.0,0.0,0.0,5463.110880581166
2025-03-20,118,19:40,4330.8684,0.0,4502.398407536278,0.0,161.73412389434776,0.0,0.0,0.0,0.0,721.8114,0.0,0.0,0.0,4661.0982139145
2025-03-20,119,19:50,4370.9481,0.0021,4490.874364514621,0.0,154.30424456625315,0.0,0.0,0.0,0.0,728.4909999999999,0.0,0.0,0.00034999999999999994,3851.6637694700557
2025-03-20,120,20:00,4358.21,0.0,4352.1949093870135,0.0,140.63107474794253,0.0,0.0,0.0,0.0,726.3683333333333,0.0,0.0,0.0,3044.58784354413
2025-03-20,121,20:10,4586.0191,0.0,4416.023422450303,0.0,139.9101193273185,759.3222569629368,759.3222569629368,0.0,0.0,5.0142597037299765,0.0,0.0,0.0,3039.016443873319
2025-03-20,122,20:20,4523.6629,0.0,4419.624543311611,0.0,149.1232464133613,761.457964954162,761.457964954162,0.0,7.514148287495345,0.0,0.0,0.0,0.0,3045.779177332065
2025-03-20,123,20:30,4215.37,0.0,4291.5316860128105,0.0,155.84659364791196,0.0,0.0,0.0,0.0,702.5616666666666,0.0,0.0,0.0,2265.155103257991
2025-03-20,124,20:40,4256.2469,0.0,4371.314293507107,0.0,147.67238718315932,0.0,0.0,0.0,0.0,709.3744833333333,0.0,0.0,0.0,1476.9612328876206
2025-03-20,125,20:50,4319.0159,0.0,4478.583521419548,0.0,153.5163480165561,772.0166449060173,772.0166449060173,0.0,52.1806615726839,0.0,0.0,0.0,0.0,1523.923828303036
2025-03-20,126,21:00,4257.25,0.0,4495.035042402215,0.0,168.46569701610343,777.2501232363863,777.2501232363863,0.0,67.70845656971971,0.0,0.0,0.0,0.0,1584.8614392157838
2025-03-20,127,21:10,4290.2681,0.0,4390.3404147328865,0.0,160.5665254447012,758.484490029598,758.484490029598,0.0,43.43980669626467,0.0,0.0,0.0,0.0,1623.957265242422
2025-03-20,128,21:20,4418.7036,0.0,4319.929982221738,0.0,159.6447971196402,746.5957965568964,746.5957965568964,0.0,10.145196556896508,0.0,0.0,0.0,0.0,1633.0879421436289
2025-03-20,129,21:30,4553.6,0.0,4397.100184023825,0.0,169.40725938110103,761.0845739008209,761.0845739008209,0.0,2.151240567487548,0.0,0.0,0.0,0.0,1635.0240586543678
2025-03-20,130,21:40,4526.2528,0.0,4401.973806929282,0.0,158.33342869308257,760.0512059370606,760.0512059370606,0.0,5.675739270393933,0.0,0.0,0.0,0.0,1640.1322239977223
2025-03-20,131,21:50,4001.6252,0.0,3918.864789085849,0.0,150.10906045281848,678.1623082564446,678.1623082564446,0.0,11.22477492311134,0.0,0.0,0.0,0.0,1650.2345214285226
2025-03-20,132,22:00,3318.94,0.0,3334.52417488434,0.0,159.48257351186595,1415.6677913993676,1386.4899999999998,29.177791399367834,833.3333333333333,0.0,0.0,0.0,0.0,2400.2345214285224
2025-03-20,133,22:10,3233.4088,0.0,3329.92468832549,0.0,147.06878367434686,1412.832245333306,1372.2348,40.59744533330604,833.3333333333333,0.0,0.0,0.0,0.0,3150.2345214285224
2025-03-20,134,22:20,3319.971,0.0,3437.3182776956996,0.0,134.76564243817256,1262.0139866889785,1262.0139866889785,0.0,708.6854866889786,0.0,0.0,0.0,0.0,3788.051459448603
2025-03-20,135,22:30,3255.84,0.0,3400.375746447279,0.0,148.7147016742926,1424.8484080202618,1375.9733333333334,48.87507468692843,833.3333333333333,0.0,0.0,0.0,0.0,4538.051459448603
2025-03-20,136,22:40,3144.1326,0.0,3431.703200920597,0.0,148.7753740885056,1430.079762501517,1357.3554333333332,72.72432916818389,833.3333333333333,0.0,0.0,0.0,0.0,5288.051459448603
2025-03-20,137,22:50,3161.8174,0.0,3413.29676597884,0.0,142.6122753017275,1425.9848402134278,1360.3029,65.68194021342788,833.3333333333333,0.0,0.0,0.0,0.0,6038.051459448603
2025-03-20,138,23:00,3296.4,0.0,3403.488588467599,0.0,138.88226198170216,1423.7284750748834,1382.7333333333331,40.99514174155024,833.3333333333333,0.0,0.0,0.0,0.0,6788.051459448603
2025-03-20,139,23:10,3356.4081,0.0,3505.748328320731,0.0,127.4184033336252,1438.8611219423926,1392.7346833333331,46.126438609059505,833.3333333333333,0.0,0.0,0.0,0.0,7538.051459448603
2025-03-20,140,23:20,3261.7676,0.0,3500.492262371653,0.0,129.62897239199006,1438.3535391272737,1376.9612666666667,61.392272460607046,833.3333333333333,0.0,0.0,0.0,0.0,8288.051459448603
2025-03-20,141,23:30,3267.73,0.0,3413.9938703747025,0.0,134.77301766306664,1424.794481339628,1377.955,46.83948133962804,833.3333333333333,0.0,0.0,0.0,0.0,9038.051459448603
2025-03-20,142,23:40,3604.076,0.0,3445.0825250568946,0.0,132.69724075371755,1429.6299609684352,1429.6299609684352,0.0,828.9506276351019,0.0,0.0,0.0,0.0,9784.107024320194
2025-03-20,143,23:50,3245.8691,0.0,3076.465658744206,0.0,135.99830715279288,1368.7439943161662,1368.7439943161662,0.0,827.7658109828329,0.0,0.0,0.0,0.0,10529.096254204744
2025-03-20,144,00:00,2401.0,0.0,2578.7895003552453,0.0,133.85255179026623,1285.4403420242518,701.170828661396,584.2695133628558,301.00416199472926,0.0,0.0,0.0,0.0,10800.0
2025-06-21,1,00:10,3087.9838,0.0,3197.3721868538714,0.0,160.7770022901862,0.0,0.0,0.0,0.0,514.6639666666666,0.0,0.0,0.0,10228.151148148148
2025-06-21,2,00:20,3200.0919,0.0,3220.1079801242663,0.0,166.6496937761931,0.0,0.0,0.0,0.0,533.3486499999999,0.0,0.0,0.0,9635.541537037037
2025-06-21,3,00:30,3401.46,0.0,3152.87008856026,0.0,171.89630007924677,0.0,0.0,0.0,0.0,566.91,0.0,0.0,0.0,9005.641537037038
2025-06-21,4,00:40,3063.5261,0.0,3119.457451072123,0.0,156.04424959199116,0.0,0.0,0.0,0.0,510.5876833333333,0.0,0.0,0.0,8438.32188888889
2025-06-21,5,00:50,2820.2572,0.0,3140.653474408255,0.0,149.5417880740074,548.365877080377,548.365877080377,0.0,78.32301041371034,0.0,0.0,0.0,0.0,8508.81259826123
2025-06-21,6,01:00,2883.38,0.0,3169.6283714311808,0.0,156.158411953441,554.2977972307701,554.2977972307701,0.0,73.7344638974368,0.0,0.0,0.0,0.0,8575.173615768923
2025-06-21,7,01:10,2869.9796,0.0,3112.272099488215,0.0,153.50620944593157,0.0,0.0,0.0,0.0,478.3299333333333,0.0,0.0,0.0,8043.695912065219
2025-06-21,8,01:20,2985.8287,0.0,2954.792868385146,0.0,149.0403094297518,0.0,0.0,0.0,0.0,497.63811666666663,0.0,0.0,0.0,7490.7646713244785
2025-06-21,9,01:30,3164.18,0.0,2820.1212311460486,0.0,142.00624654658432,0.0,0.0,0.0,0.0,527.3633333333332,0.0,0.0,0.0,6904.80541206522
2025-06-21,10,01:40,3064.8457,0.0,2950.773230292779,0.0,125.75214381683853,0.0,0.0,0.0,0.0,510.8076166666666,0.0,0.0,0.0,6337.241393546701
2025-06-21,11,01:50,2954.0459,0.0,2913.8029724703497,0.0,119.92302400053671,0.0,0.0,0.0,0.0,492.3409833333333,0.0,0.0,0.0,5790.195856509664
2025-06-21,12,02:00,2994.62,0.0,2859.7941139956893,0.0,126.34801876414625,0.0,0.0,0.0,0.0,499.1033333333333,0.0,0.0,0.0,5235.6365972504045
2025-06-21,13,02:10,3072.4014,0.0,2982.9937461503073,0.0,126.48996464126441,0.0,0.0,0.0,0.0,512.0669,0.0,0.0,0.0,4666.673375028182
2025-06-21,14,02:20,3013.1015,0.0,2931.3330060009125,0.0,116.40460711658429,0.0,0.0,0.0,0.0,502.18358333333333,0.0,0.0,0.0,4108.691615768923
2025-06-21,15,02:30,2838.75,0.0,2720.0467536783067,0.0,104.70883514650485,330.2798621218982,330.2798621218982,0.0,0.0,142.8451378781018,0.0,0.0,0.0,3949.9747959043652
2025-06-21,16,02:40,2749.9199,0.0,2786.192576060687,0.0,106.17293914804196,482.0609192014548,482.0609192014548,0.0,23.740935868121483,0.0,0.0,0.0,0.0,3971.3416381856746
2025-06-21,17,02:50,2820.5847,0.0,2756.562533880823,0.0,115.36558103950108,478.65468582005406,478.65468582005406,0.0,8.557235820054075,0.0,0.0,0.0,0.0,3979.043150423723
2025-06-21,18,03:00,2936.24,0.0,2621.25367551564,0.0,109.79790161745308,455.17526285551554,455.17526285551554,0.0,0.0,34.19807047781774,0.0,0.0,0.0,3941.045294337259
2025-06-21,19,03:10,2920.1894,0.0012,2701.2501182318333,0.0,93.93007744850593,0.0,0.0,0.0,0.0,486.69803333333334,0.0,0.0,0.00019999999999999998,3400.2697017446662
2025-06-21,20,03:20,2951.0328,0.0,2749.5948080570506,0.0,92.1702953098131,0.0,0.0,0.0,0.0,491.8388,0.0,0.0,0.0,2853.782146189111
2025-06-21,21,03:30,2977.51,0.0,2725.877835411998,0.0,105.53163892830953,471.9015790567179,471.9015790567179,0.0,0.0,24.350087609948787,0.0,0.0,0.0,2826.7264932891676
2025-06-21,22,03:40,2780.298,0.0162,2869.2169541817666,0.0,108.56137955812768,496.29638895664937,496.29638895664937,0.0,32.916088956649446,0.0,0.0,0.0,0.0026999999999999997,2856.350973350152
2025-06-21,23,03:50,2728.3059,0.0,2903.149314299021,0.0,106.38780983642498,501.589520689241,501.589520689241,0.0,46.871870689241064,0.0,0.0,0.0,0.0,2898.535656970469
2025-06-21,24,04:00,2862.19,0.0,2729.150044813182,0.0,104.73247872094107,472.3137539223538,472.3137539223538,0.0,0.0,4.717912744312855,0.0,0.0,0.0,2893.29353169901
2025-06-21,25,04:10,2845.9182,0.2263,2680.3863799131027,0.0,89.32897361392669,461.61922558783823,461.61922558783823,0.0,0.0,12.662757745495128,0.0,0.0,0.03771666666666666,2879.223800870682
2025-06-21,26,04:20,2748.951,0.0,2660.03653164796,0.0,88.73544982989642,458.12866357964276,458.12866357964276,0.0,0.0,0.029836420357241877,0.0,0.0,0.0,2879.1906492925077
2025-06-21,27,04:30,2677.31,0.0,2680.6537936958775,0.0,107.59684734047836,464.70844017272594,464.70844017272594,0.0,18.490106839392638,0.0,0.0,0.0,0.0,2895.831745447961
2025-06-21,28,04:40,2660.8713,3.1516,2654.8858657072697,0.0,108.52114697022171,460.5678354462485,460.5678354462485,0.0,17.61455211291525,0.0,0.0,0.0,0.5252666666666667,2911.684842349585
2025-06-21,29,04:50,2702.3205,0.0,2631.4565092702715,0.0,103.50298721163693,455.82658274698474,455.82658274698474,0.0,5.439832746984791,0.0,0.0,0.0,0.0,2916.5806918218714
2025-06-21,30,05:00,2732.32,7.275,2617.717015842638,30.5055764036933,108.96279167597052,449.3623718524858,449.3623718524858,0.0,0.0,4.811794814180871,0.0,0.0,1.2125,2911.2342531394484
2025-06-21,31,05:10,2664.7178,116.7655,2594.4517638879142,113.29731071480585,100.42972793557901,430.26403018478123,430.26403018478123,0.0,5.605313518114599,0.0,0.0,0.0,19.460916666666666,2916.2790353057517
2025-06-21,32,05:20,2606.871,263.9703,2618.6872836510643,299.6441093986888,79.77186638976434,399.80250677368997,399.80250677368997,0.0,9.319056773689965,0.0,0.0,0.0,43.99505,2924.6661864020725
2025-06-21,33,05:30,2642.15,417.075,2716.4193912213177,490.0826177795277,72.6355735405946,383.16205783039743,383.16205783039743,0.0,12.31622449706407,0.0,0.0,0.0,69.51249999999999,2935.7507884494303
2025-06-21,34,05:40,2745.0641,587.5961,2865.1986731679517,689.0958840994836,81.7506641473737,1209.6422422026403,1192.911333333333,16.730908869307314,833.3333333333333,0.0,0.0,0.0,97.93268333333333,3685.7507884494303
2025-06-21,35,05:50,2758.042,735.8325,2858.3490973592484,899.5165545833853,96.80199497569487,0.0,0.0,0.0,0.0,337.0349166666666,0.0,0.0,122.63874999999999,3311.2675477086896
2025-06-21,36,06:00,2741.64,890.7,2738.497556610092,1103.8967294674396,107.50035110321501,0.0,0.0,0.0,0.0,308.48999999999995,0.0,0.0,148.45,2968.500881042023
2025-06-21,37,06:10,2888.7304,1136.9554,2752.5744613304905,1313.0863075462428,105.82566273594924,0.0,0.0,0.0,0.0,291.9625,0.0,0.0,189.49256666666668,2644.0981032642453
2025-06-21,38,06:20,2932.231,1453.4028,2757.4422474772273,1501.7165130208482,111.76657062080969,0.0,0.0,0.0,0.0,246.47136666666668,0.0,0.0,242.2338,2370.241029190171
2025-06-21,39,06:30,2764.02,1765.9125,2718.671497522084,1677.3073041147702,127.13967785461247,0.0,0.0,0.0,0.0,166.35125,0.0,0.0,294.31874999999997,2185.4063069679487
2025-06-21,40,06:40,2606.6137,2022.3026,2647.1032419270728,1915.1349414060005,145.88810448066735,0.0,0.0,0.0,0.0,97.38518333333332,0.0,0.0,337.05043333333333,2077.2005477086896
2025-06-21,41,06:50,2867.7649,2350.4923,2757.0589710925183,2178.3546213557006,179.42621444542678,0.0,0.0,0.0,0.0,86.21210000000008,0.0,0.0,391.7487166666666,1981.4093254864672
2025-06-21,42,07:00,3304.27,2699.25,3083.419171569627,2464.4537215923724,196.5112125883707,0.0,0.0,0.0,0.0,100.83666666666659,0.0,0.0,449.875,1869.3685847457266
2025-06-21,43,07:10,3254.3169,2874.6231,3202.352935572721,2766.231706661189,183.8361499827827,0.0,0.0,0.0,0.0,63.282299999999964,0.0,0.0,479.10384999999997,1799.05491807906
2025-06-21,44,07:20,3137.5948,3006.0287,3229.0248702807867,3021.3261699182663,171.88470005822347,0.0,0.0,0.0,0.0,21.927683333333334,0.0,0.0,501.0047833333333,1774.6908254864672
2025-06-21,45,07:30,3174.85,3224.8875,3214.5081081236117,3253.799503004303,188.69081577943058,0.0,0.0,0.0,8.33958333333328,0.0,0.0,0.0,537.4812499999999,1782.1964504864673
2025-06-21,46,07:40,3159.7263,3537.527,3203.2261160901894,3519.754269558482,224.81545923507642,0.0,0.0,0.0,62.9667833333333,0.0,0.0,0.0,589.5878333333333,1838.8665554864672
2025-06-21,47,07:50,3087.5763,3785.3986,3180.1057760054564,3766.272803914313,264.1421089397656,0.0,0.0,0.0,116.30371666666667,0.0,0.0,0.0,630.8997666666667,1943.539900486467
2025-06-21,48,08:00,3062.36,4003.425,3164.7622235088966,4015.9310315812168,318.6985615266943,0.0,0.0,0.0,156.84416666666664,0.0,0.0,0.0,667.2375,2084.699650486467
2025-06-21,49,08:10,3162.0197,4334.7324,3269.0934610036647,4233.266824596534,348.28706921749654,0.0,0.0,0.0,195.4521166666667,0.0,0.0,0.0,722.4553999999999,2260.606555486467
2025-06-21,50,08:20,3160.9922,4441.8035,3218.5788791939767,4472.4995561743635,328.8878928907333,0.0,0.0,0.0,213.46854999999994,0.0,0.0,0.0,740.3005833333333,2452.728250486467
2025-06-21,51,08:30,3037.59,4358.7,3081.6087704898405,4698.13784180835,317.669568090586,0.0,0.0,0.0,220.18499999999995,0.0,0.0,0.0,726.4499999999999,2650.894750486467
2025-06-21,52,08:40,3030.9974,4479.895,3108.3488023496966,4906.155031789618,327.5916863507769,0.0,0.0,0.0,241.48293333333334,0.0,0.0,0.0,746.6491666666667,2868.229390486467
2025-06-21,53,08:50,3289.939,4668.5166,3400.0317501419863,5026.6835509455095,345.9828551397658,0.0,0.0,0.0,229.76293333333342,0.0,0.0,0.0,778.0861,3075.016030486467
2025-06-21,54,09:00,3650.62,4746.075,3689.14283433596,5183.991365488261,382.10213012170743,0.0,0.0,0.0,182.57583333333332,0.0,0.0,0.0,791.0124999999999,3239.334280486467
2025-06-21,55,09:10,3785.9011,4746.9534,3821.4852105716277,5488.528352853585,407.21888322458665,0.0,0.0,0.0,160.17538333333334,0.0,0.0,0.0,791.1589,3383.492125486467
2025-06-21,56,09:20,3849.6183,5139.4381,3802.239154754402,5676.664710224997,394.8308800719819,0.0,0.0,0.0,214.96996666666678,0.0,0.0,0.0,856.5730166666667,3576.9650954864674
2025-06-21,57,09:30,3824.6,5794.3125,3704.173509838578,5735.550332314389,409.64703797219374,0.0,0.0,0.0,328.2854166666667,0.0,0.0,0.0,965.71875,3872.421970486467
2025-06-21,58,09:40,3582.3586,6109.068,3666.0252417711354,5919.629041884419,494.98939331576196,0.0,0.0,0.0,421.11823333333336,0.0,0.0,0.0,1018.178,4251.428380486467
2025-06-21,59,09:50,3687.9447,6385.1018,3692.8106603023416,6097.627671269028,533.4845588644762,0.0,0.0,0.0,449.5261833333334,0.0,0.0,0.0,1064.1836333333333,4656.001945486467
2025-06-21,60,10:00,4000.14,6643.5375,3754.0093137595927,6249.1527617157835,505.3950353929965,0.0,0.0,0.0,440.56624999999997,0.0,0.0,0.0,1107.25625,5052.511570486467
2025-06-21,61,10:10,3826.1041,6589.8893,3824.0939872882527,6479.340973830319,499.9346948883931,0.0,0.0,0.0,460.63086666666663,0.0,0.0,0.0,1098.3148833333332,5467.079350486467
2025-06-21,62,10:20,3761.4976,6695.6004,3734.3669510151944,6656.342794283201,491.4773439655394,0.0,0.0,0.0,489.0171333333333,0.0,0.0,0.0,1115.9334,5907.194770486467
2025-06-21,63,10:30,3901.91,7000.9875,3638.8744372498677,6749.387394158613,486.41772784790936,0.0,0.0,0.0,516.5129166666667,0.0,0.0,0.0,1166.83125,6372.0563954864665
2025-06-21,64,10:40,3726.7535,7093.8409,3710.9114458675995,6895.189695199922,497.09893252887576,0.0,0.0,0.0,561.1812333333335,0.0,0.0,0.0,1182.3068166666667,6877.119505486467
2025-06-21,65,10:50,3565.5609,7243.1188,3733.869959704544,6992.800516178705,464.0334136885895,0.0,0.0,0.0,612.9263166666666,0.0,0.0,0.0,1207.1864666666665,7428.753190486466
2025-06-21,66,11:00,3679.21,7400.1,3639.58015273014,6972.008798670172,409.19212064724366,0.0,0.0,0.0,620.1483333333333,0.0,0.0,0.0,1233.35,7986.886690486466
2025-06-21,67,11:10,3945.6166,7306.5816,3596.2474737675807,6921.163885841562,387.03711702294936,0.0,0.0,0.0,560.1608333333334,0.0,0.0,0.0,1217.7636,8491.031440486466
2025-06-21,68,11:20,3900.6403,7782.8954,3584.5419387193215,6863.0359083873145,388.61252673839044,0.0,0.0,0.0,647.0425166666666,0.0,0.0,0.0,1297.1492333333333,9073.369705486466
2025-06-21,69,11:30,3645.76,8490.225,3602.8146269125896,6800.165371743327,415.29391478781935,0.0,0.0,0.0,807.4108333333332,0.0,0.0,0.0,1415.0375,9800.039455486465
2025-06-21,70,11:40,3705.1427,8180.7164,3683.975539376711,6740.117367659535,479.8154623519056,0.0,0.0,0.0,745.92895,0.0,0.0,0.0,1363.4527333333333,10471.375510486465
2025-06-21,71,11:50,3724.3133,7677.6706,3711.491252984642,6669.45953753808,550.5126470925197,0.0,0.0,0.0,365.13832168170563,0.0,0.0,293.7545616516278,985.8572050150389,10800.0
2025-06-21,72,12:00,3631.08,7665.1125,3711.0074315672514,6598.784426588409,578.5272187177605,0.0,0.0,0.0,0.0,0.0,0.0,672.33875,605.18,10800.0
2025-06-21,73,12:10,3735.5415,8044.2631,3784.3647743457104,6580.935886649761,564.0238992965532,0.0,0.0,0.0,0.0,0.0,0.0,718.1202666666666,622.59025,10800.0
2025-06-21,74,12:20,3852.2352,8300.9755,3746.5774939703624,6712.98415414474,540.547446928332,0.0,0.0,0.0,0.0,0.0,0.0,741.4567166666668,642.0391999999999,10800.0
2025-06-21,75,12:30,3928.56,8383.0125,3658.0249789213876,6885.451797745965,561.6463683791189,0.0,0.0,0.0,0.0,0.0,0.0,742.40875,654.76,10800.0
2025-06-21,76,12:40,4059.9044,8605.7877,3710.778755419073,6856.197952944112,632.1085738412314,0.0,0.0,0.0,0.0,0.0,0.0,757.6472166666668,676.6507333333333,10800.0
2025-06-21,77,12:50,3912.5928,8542.7209,3718.5614659475373,6727.324487572002,684.573379036965,0.0,0.0,0.0,0.0,0.0,0.0,771.6880166666667,652.0988,10800.0
2025-06-21,78,13:00,3688.01,8049.6,3686.7194942361157,6710.891401997574,682.3073277827916,0.0,0.0,0.0,0.0,0.0,0.0,726.9316666666666,614.6683333333333,10800.0
2025-06-21,79,13:10,3910.4683,7493.4162,3786.872543456021,6808.663317349065,651.0781445430821,0.0,0.0,0.0,0.0,0.0,0.0,597.1579833333333,651.7447166666666,10800.0
2025-06-21,80,13:20,3862.6154,7354.9231,3811.0646596666897,6654.008844269172,626.4127208124846,0.0,0.0,0.0,0.0,0.0,0.0,582.0512833333333,643.7692333333333,10800.0
2025-06-21,81,13:30,3589.29,7340.8875,3748.3972842402654,6344.248173935218,631.1273994806281,0.0,0.0,0.0,0.0,0.0,0.0,625.2662499999999,598.2149999999999,10800.0
2025-06-21,82,13:40,3849.2221,6714.7449,3792.216844166072,6241.421012078942,644.9731292932183,0.0,0.0,0.0,0.0,0.0,0.0,477.5871333333332,641.5370166666667,10800.0
2025-06-21,83,13:50,3978.2382,6127.755,3886.0025575938007,6153.669424454387,597.6800464292048,0.0,0.0,0.0,0.0,0.0,0.0,358.2528000000001,663.0396999999999,10800.0
2025-06-21,84,14:00,3861.85,5956.2,3952.7942234919283,5995.575082801095,537.4892687166628,0.0,0.0,0.0,0.0,0.0,0.0,349.0583333333333,643.6416666666667,10800.0
2025-06-21,85,14:10,4047.8905,5941.7978,3987.387077097081,5969.637591896714,530.1575739532971,0.0,0.0,0.0,0.0,0.0,0.0,315.65121666666664,674.6484166666667,10800.0
2025-06-21,86,14:20,4095.2281,5827.294,3956.13077334304,5864.313881486924,521.1269046455443,0.0,0.0,0.0,0.0,0.0,0.0,288.67764999999997,682.5380166666666,10800.0
2025-06-21,87,14:30,4007.39,5738.1375,3855.0474661021813,5639.480165633117,499.33754029526466,0.0,0.0,0.0,0.0,0.0,0.0,288.4579166666666,667.8983333333333,10800.0
2025-06-21,88,14:40,4227.0513,5964.2607,3825.3434370834566,5442.140812870809,497.46644800203126,0.0,0.0,0.0,0.0,0.0,0.0,289.5348999999999,704.50855,10800.0
2025-06-21,89,14:50,4182.4486,5979.2451,3915.0145871252116,5320.6620733763975,494.1025100147764,0.0,0.0,0.0,0.0,0.0,0.0,299.46608333333336,697.0747666666666,10800.0
2025-06-21,90,15:00,3879.68,5680.4625,4004.601280405508,5185.954828665768,491.2339299370409,0.0,0.0,0.0,0.0,0.0,0.0,300.13041666666663,646.6133333333332,10800.0
2025-06-21,91,15:10,3916.2335,5457.1539,3987.1830337310225,4913.441930280709,507.8034104218585,0.0,0.0,0.0,0.0,0.0,0.0,256.8200666666668,652.7055833333333,10800.0
2025-06-21,92,15:20,3924.3398,5153.0688,3942.0075122257826,4689.00957298125,496.8321916807872,0.0,0.0,0.0,0.0,0.0,0.0,204.7881666666666,654.0566333333334,10800.0
2025-06-21,93,15:30,3875.5,4811.1,4005.8091966147213,4505.08341854905,466.4283185388613,0.0,0.0,0.0,0.0,0.0,0.0,155.9333333333334,645.9166666666666,10800.0
2025-06-21,94,15:40,4137.0155,4680.9532,4186.523061031473,4179.277714557768,430.8549918942633,73.01672306132801,0.0,73.01672306132801,0.0,0.0,0.0,90.65628333333325,689.5025833333334,10800.0
2025-06-21,95,15:50,4317.2602,4481.2341,4235.082296640695,3859.9156764857707,360.65512344666155,122.63695726693093,0.0,122.63695726693093,0.0,0.0,0.0,27.328983333333326,719.5433666666665,10800.0
2025-06-21,96,16:00,4217.43,4055.4,4229.878312897752,3613.134627038068,326.9862160034283,157.28831697718533,27.004999999999995,130.28331697718534,0.0,0.0,0.0,0.0,675.9,10800.0
2025-06-21,97,16:10,4034.2858,3562.8565,4457.681102027012,3368.9000682718606,342.5771792946537,238.55970217496736,78.57155,159.98815217496735,0.0,0.0,0.0,0.0,593.8094166666666,10800.0
2025-06-21,98,16:20,3980.7146,3361.4888,4289.950515721434,3135.7732319308757,319.4913175654916,245.61143355934163,103.20429999999999,142.40713355934164,0.0,0.0,0.0,0.0,560.2481333333333,10800.0
2025-06-21,99,16:30,4042.02,3406.575,3986.0640017354694,2947.075634131684,282.6928531564548,220.28020346004007,105.90750000000003,114.37270346004004,0.0,0.0,0.0,0.0,567.7624999999999,10800.0
2025-06-21,100,16:40,3983.774,3291.2298,4247.500099691224,2798.483340235305,281.09885206649255,288.3526019204018,115.42403333333334,172.92856858706847,0.0,0.0,0.0,0.0,548.5382999999999,10800.0
2025-06-21,101,16:50,3621.8931,2964.175,4143.956391884855,2593.8434645813954,285.0051504214115,305.85301295414524,109.61968333333323,196.23332962081201,0.0,0.0,0.0,0.0,494.0291666666667,10800.0
2025-06-21,102,17:00,3240.3,2623.6125,3633.7339804791873,2307.500941544492,270.69998120047535,266.1555033558617,102.78124999999994,163.37425335586175,0.0,0.0,0.0,0.0,437.26875,10800.0
2025-06-21,103,17:10,3335.0072,2479.2426,3643.0422305563634,2066.78086698154,253.4802609848765,304.95693742661666,142.62743333333333,162.32950409328333,0.0,0.0,0.0,0.0,413.20709999999997,10800.0
2025-06-21,104,17:20,3462.6248,2185.8548,3687.6438279776485,1872.967648528015,272.0183568960275,347.78242272427684,212.79499999999996,134.98742272427688,0.0,0.0,0.0,0.0,364.3091333333333,10800.0
2025-06-21,105,17:30,3484.27,1750.4625,3604.097530747653,1666.5132852770016,303.7100470344337,373.54904875084753,288.9679166666666,84.58113208418092,0.0,0.0,0.0,0.0,291.74375,10800.0
2025-06-21,106,17:40,3649.2081,1528.3871,3613.827572849704,1426.7919131214558,270.1824666327934,409.53635439350694,353.4701666666666,56.066187726840326,0.0,0.0,0.0,0.0,254.73118333333332,10800.0
2025-06-21,107,17:50,3604.3529,1310.4274,3594.729517974849,1217.4980783875117,185.335731875487,427.09452857713734,382.3209166666666,44.77361191047072,0.0,0.0,0.0,0.0,218.40456666666665,10800.0
2025-06-21,108,18:00,3349.51,1034.1,3562.910451680203,1047.2348074619665,132.7503383573284,441.4043304292608,385.9016666666667,55.502663762594125,0.0,0.0,0.0,0.0,172.34999999999997,10800.0
2025-06-21,109,18:10,3274.4828,860.3286,3589.3663873658174,847.2572515229219,125.94549421766098,478.0091050100938,402.3590333333333,75.65007167676049,0.0,0.0,0.0,0.0,143.3881,10800.0
2025-06-21,110,18:20,3297.0032,677.2547,3628.5406200213083,629.6109946652343,152.4785788197373,525.2347006959685,436.62475000000006,88.60995069596845,0.0,0.0,0.0,0.0,112.87578333333332,10800.0
2025-06-21,111,18:30,3342.79,452.7,3676.253394870524,428.7363175653334,183.61432956259773,315.86966428827037,315.86966428827037,0.0,0.0,165.8120023783963,0.0,0.0,75.44999999999999,10615.764441801783
2025-06-21,112,18:40,3456.8314,276.0564,3763.6827887041572,263.3539101816476,173.29253233515865,0.0,0.0,0.0,0.0,530.1291666666666,0.0,0.0,46.0094,10026.732034394376
2025-06-21,113,18:50,3634.5648,121.8367,3735.8028735649737,100.95460386224526,160.97995049860086,0.0,0.0,0.0,0.0,585.4546833333334,0.0,0.0,20.306116666666664,9376.226830690672
2025-06-21,114,19:00,3852.72,7.7625,3640.960494548471,30.063727986858108,168.7607050333447,0.0,0.0,0.0,0.0,640.8262499999998,0.0,0.0,1.29375,8664.197664024005
2025-06-21,115,19:10,4004.9442,0.0,3681.090092598949,0.0,177.20026983791115,0.0,0.0,0.0,0.0,667.4907,0.0,0.0,0.0,7922.541330690671
2025-06-21,116,19:20,3706.7434,3.2619,3722.6273146467925,0.0,186.55179122870743,0.0,0.0,0.0,0.0,617.2469166666666,0.0,0.0,0.54365,7236.711423283264
2025-06-21,117,19:30,3293.48,0.0,3688.147195238746,0.0,188.7318801491462,0.0,0.0,0.0,0.0,548.9133333333333,0.0,0.0,0.0,6626.80771957956
2025-06-21,118,19:40,3492.5254,0.0,3638.804388221252,0.0,182.34790823787176,0.0,0.0,0.0,0.0,582.0875666666666,0.0,0.0,0.0,5980.043756616597
2025-06-21,119,19:50,3490.6667,0.2342,3585.854799256926,0.0,170.4033535086976,0.0,0.0,0.0,0.0,581.73875,0.0,0.0,0.03903333333333333,5333.667367727709
2025-06-21,120,20:00,3189.62,0.0,3626.2564338620186,0.0,168.99899416082184,0.0,0.0,0.0,0.0,531.6033333333332,0.0,0.0,0.0,4742.996997357338
2025-06-21,121,20:10,3348.2366,0.0,3809.8005316694885,0.0,181.63661457616112,0.0,0.0,0.0,0.0,558.0394333333334,0.0,0.0,0.0,4122.953182542523
2025-06-21,122,20:20,3725.2052,0.0168,3837.6064509592684,0.0,208.02934718833603,0.0,0.0,0.0,0.0,620.8647333333333,0.0,0.0,0.0027999999999999995,3433.1034788388192
2025-06-21,123,20:30,3960.13,0.0,3733.290695468926,0.0,224.7133897712576,0.0,0.0,0.0,0.0,660.0216666666666,0.0,0.0,0.0,2699.746071431412
2025-06-21,124,20:40,3881.8245,0.0,3846.3463853339244,0.0,196.54164029267378,0.0,0.0,0.0,0.0,646.97075,0.0,0.0,0.0,1980.8896825425231
2025-06-21,125,20:50,3513.6729,0.0012,3930.037328148325,0.0,171.08668709969965,683.5206692080039,683.5206692080039,0.0,97.90871920800396,0.0,0.0,0.0,0.00019999999999999998,2069.0075298297265
2025-06-21,126,21:00,3160.32,0.0,3724.1676129182915,0.0,166.1179667946012,648.3809299521488,648.3809299521488,0.0,121.66092995214876,0.0,0.0,0.0,0.0,2178.5023667866603
2025-06-21,127,21:10,3214.7106,0.0,3592.0296584583216,0.0,155.78247757410588,624.6353560054046,624.6353560054046,0.0,88.85025600540462,0.0,0.0,0.0,0.0,2258.4675971915244
2025-06-21,128,21:20,3489.1029,0.0,3554.464385607297,0.0,160.33330409868012,619.1329482843295,619.1329482843295,0.0,37.61579828432957,0.0,0.0,0.0,0.0,2292.321815647421
2025-06-21,129,21:30,3713.49,0.0,3567.2651852325466,0.0,172.57779495389747,623.3071633644073,623.3071633644073,0.0,4.392163364407338,0.0,0.0,0.0,0.0,2296.2747626753876
2025-06-21,130,21:40,3715.4477,0.0,3593.6346573709243,0.0,172.6373931584444,627.7120084215614,627.7120084215614,0.0,8.470725088228164,0.0,0.0,0.0,0.0,2303.898415254793
2025-06-21,131,21:50,3460.6768,0.0,3497.124753591783,0.0,171.26628132465314,611.398505819406,611.398505819406,0.0,34.61903915273933,0.0,0.0,0.0,0.0,2335.055550492258
2025-06-21,132,22:00,3169.68,0.0,3307.998176554206,0.0,169.75541058274177,1412.958931189491,1361.6133333333332,51.34559785615784,833.3333333333333,0.0,0.0,0.0,0.0,3085.055550492258
2025-06-21,133,22:10,3161.2424,0.0,3236.655949874439,0.0,160.16032748431758,1399.4693795597927,1360.2070666666666,39.262312893126136,833.3333333333333,0.0,0.0,0.0,0.0,3835.055550492258
2025-06-21,134,22:20,3268.4465,0.0,3177.4699625909534,0.0,157.6135503419464,1389.1805854888166,1378.0744166666666,11.106168822150039,833.3333333333333,0.0,0.0,0.0,0.0,4585.055550492258
2025-06-21,135,22:30,3317.19,0.0,3161.012199286775,0.0,170.20825835994697,1388.5367429411203,1386.1983333333333,2.338409607787071,833.3333333333333,0.0,0.0,0.0,0.0,5335.055550492258
2025-06-21,136,22:40,3281.0391,0.0,3368.1117491651853,0.0,181.968351509209,1425.013350112399,1380.1731833333333,44.84016677906561,833.3333333333333,0.0,0.0,0.0,0.0,6085.055550492258
2025-06-21,137,22:50,3250.7574,0.0,3492.288247608769,0.0,188.26358449473918,1446.758638683918,1375.1262333333332,71.6324053505848,833.3333333333333,0.0,0.0,0.0,0.0,6835.055550492258
2025-06-21,138,23:00,3190.39,0.0,3384.5826713351253,0.0,182.86271632775728,1427.9075646104802,1365.0649999999998,62.842564610480395,833.3333333333333,0.0,0.0,0.0,0.0,7585.055550492258
2025-06-21,139,23:10,2998.9363,0.0,2997.5411225145263,0.0,171.3997587031293,1361.4901468696091,1333.1560499999998,28.33409686960931,833.3333333333333,0.0,0.0,0.0,0.0,8335.055550492258
2025-06-21,140,23:20,2920.9743,0.0,2936.625976301475,0.0,167.6779466688643,1350.7173204950564,1320.1623833333333,30.554937161723046,833.3333333333333,0.0,0.0,0.0,0.0,9085.055550492258
2025-06-21,141,23:30,2989.3,0.0,3186.479883139429,0.0,179.94210816172102,1394.4036652168584,1331.55,62.85366521685842,833.3333333333333,0.0,0.0,0.0,0.0,9835.055550492258
2025-06-21,142,23:40,3024.571,0.0,3186.2256915817816,0.0,200.80370069816274,1397.8382320466571,1337.4285,60.409732046657155,833.3333333333333,0.0,0.0,0.0,0.0,10585.055550492258
2025-06-21,143,23:50,3193.3141,0.0,3469.9814326532787,0.0,197.1206870408706,1444.5170199490249,771.0461827863803,673.4708371626446,238.8271661197137,0.0,0.0,0.0,0.0,10800.0
2025-06-21,144,00:00,3636.14,0.0,3914.3624166497953,0.0,174.87665333610653,1348.2065116643168,606.0233333333333,742.1831783309835,0.0,0.0,0.0,0.0,0.0,10800.0
2025-09-23,1,00:10,3421.106,0.0,3836.6421450050802,0.0,164.8482922550241,666.915072876684,570.1843333333334,96.73073954335064,0.0,0.0,0.0,0.0,0.0,10800.0
2025-09-23,2,00:20,3361.9091,0.0,3799.5685243652724,0.0,136.25106673158996,655.969931849477,560.3181833333333,95.6517485161437,0.0,0.0,0.0,0.0,0.0,10800.0
2025-09-23,3,00:30,3388.6,0.0,3688.4197310453014,0.0,121.77548158311615,635.0325354380695,564.7666666666667,70.26586877140289,0.0,0.0,0.0,0.0,0.0,10800.0
2025-09-23,4,00:40,3591.0535,0.0,3547.854998196584,0.0,130.6455012938609,613.0834165817407,598.5089166666667,14.574499915074057,0.0,0.0,0.0,0.0,0.0,10800.0
2025-09-23,5,00:50,3639.0639,0.0,3475.555816774196,0.0,162.1522959692516,606.2846854572413,606.2846854572413,0.0,0.0,0.22596454275867472,0.0,0.0,0.0,10799.748928285824
2025-09-23,6,01:00,3538.62,0.0,3501.3305063631065,0.0,182.57711522156092,613.9846035974444,590.0489685713064,23.935635026138016,0.27896857130650055,0.0,0.0,0.0,0.0,10800.0
2025-09-23,7,01:10,3584.1201,0.0,3511.5869875588887,0.0,174.44539529316484,614.3387304753422,597.35335,16.985380475342254,0.0,0.0,0.0,0.0,0.0,10800.0
2025-09-23,8,01:20,3479.83,0.0,3503.970382523255,0.0,151.17665292439727,609.1911725746087,579.9716666666666,29.219505907942107,0.0,0.0,0.0,0.0,0.0,10800.0
2025-09-23,9,01:30,3316.08,0.0,3474.0969004688473,0.0,131.65554766614852,600.9587413558326,552.68,48.27874135583261,0.0,0.0,0.0,0.0,0.0,10800.0
2025-09-23,10,01:40,3504.3201,0.0,3505.7726434697474,0.0,127.91930780950884,605.6153252132094,584.0533499999999,21.561975213209507,0.0,0.0,0.0,0.0,0.0,10800.0
2025-09-23,11,01:50,3611.1697,0.0,3624.0426438811705,0.0,148.97325251216037,628.8359827322217,601.8616166666666,26.97436606555516,0.0,0.0,0.0,0.0,0.0,10800.0
2025-09-23,12,02:00,3543.64,0.0,3704.1186632640524,0.0,175.39624178973241,646.585817508964,590.6066666666666,55.979150842297486,0.0,0.0,0.0,0.0,0.0,10800.0
2025-09-23,13,02:10,3627.3783,0.0,3585.478691476283,0.0,184.8377392946127,628.3860717951493,604.56305,23.823021795149316,0.0,0.0,0.0,0.0,0.0,10800.0
2025-09-23,14,02:20,3646.7973,0.0,3511.268429039612,0.0,169.21227166433113,613.4134501173238,607.79955,5.613900117323851,0.0,0.0,0.0,0.0,0.0,10800.0
2025-09-23,15,02:30,3569.92,0.0,3673.5437848839847,0.0,146.92557376419694,636.7448931080303,594.9866666666667,41.758226441363604,0.0,0.0,0.0,0.0,0.0,10800.0
2025-09-23,16,02:40,3591.0744,0.0,3736.232217347602,0.0,148.38468485124605,647.4361503664746,598.5124,48.92375036647468,0.0,0.0,0.0,0.0,0.0,10800.0
2025-09-23,17,02:50,3523.6786,0.0,3681.6531721505044,0.0,154.90061187929248,639.4256306716328,587.2797666666667,52.14586400496614,0.0,0.0,0.0,0.0,0.0,10800.0
2025-09-23,18,03:00,3402.03,0.0,3657.4373904495524,0.0,163.6458025557112,636.8471988342105,567.005,69.84219883421054,0.0,0.0,0.0,0.0,0.0,10800.0
2025-09-23,19,03:10,3470.8796,0.0,3769.050455322057,0.0,179.97106237289765,658.170252949159,578.4799333333333,79.69031961582573,0.0,0.0,0.0,0.0,0.0,10800.0
2025-09-23,20,03:20,3546.3118,0.0,3689.6186063684504,0.0,174.3870443390908,644.0009417845902,591.0519666666667,52.94897511792351,0.0,0.0,0.0,0.0,0.0,10800.0
2025-09-23,21,03:30,3521.1,0.0,3562.8358820954086,0.0,157.25196811058885,620.0146417009995,586.8499999999999,33.164641700999596,0.0,0.0,0.0,0.0,0.0,10800.0
2025-09-23,22,03:40,3493.0415,0.0,3505.991936792408,0.0,151.55324548489682,609.5908637128841,582.1735833333332,27.417280379550903,0.0,0.0,0.0,0.0,0.0,10800.0
2025-09-23,23,03:50,3616.52,0.0,3567.4851023148235,0.0,152.29408041628417,619.9631971218512,602.7533333333333,17.20986378851785,0.0,0.0,0.0,0.0,0.0,10800.0
2025-09-23,24,04:00,3738.77,0.0,3737.4795515924893,0.0,160.94478337864444,649.7373891618556,623.1283333333333,26.609055828522287,0.0,0.0,0.0,0.0,0.0,10800.0
2025-09-23,25,04:10,3573.138,0.0019,3834.017179685019,0.0,175.39296676524455,668.2350244083773,595.5226833333332,72.71234107504404,0.0,0.0,0.0,0.0,0.00031666666666666665,10800.0
2025-09-23,26,04:20,3548.8256,0.0,3817.5402508606326,0.0,183.50864386742467,666.8414824546762,591.4709333333333,75.37054912134295,0.0,0.0,0.0,0.0,0.0,10800.0
2025-09-23,27,04:30,3696.43,0.0,3766.0817203398715,0.0,183.07442346591023,658.1926906342969,616.0716666666666,42.12102396763032,0.0,0.0,0.0,0.0,0.0,10800.0
2025-09-23,28,04:40,3629.4046,0.0268,3791.582540320699,0.0,175.865099356003,661.2412732794503,604.8963,56.3449732794503,0.0,0.0,0.0,0.0,0.0044666666666666665,10800.0
2025-09-23,29,04:50,3602.4949,0.0,3774.008494810898,0.0,172.5459268795589,657.7590702817428,600.4158166666666,57.34325361507615,0.0,0.0,0.0,0.0,0.0,10800.0
2025-09-23,30,05:00,3708.74,0.0,3651.90931047116,0.0,174.6652077452752,637.7624197027392,618.1233333333332,19.63908636940596,0.0,0.0,0.0,0.0,0.0,10800.0
2025-09-23,31,05:10,3751.3647,0.3731,3575.335748637271,0.0,162.67694193415386,623.0021150952375,623.0021150952375,0.0,0.0,2.1631515714291254,0.0,0.0,0.06218333333333333,10797.596498253968
2025-09-23,32,05:20,3689.4488,0.0,3707.687525791422,0.0,171.32371399801994,646.5018732982403,617.5786908289243,28.923182469315975,2.6705574955910074,0.0,0.0,0.0,0.0,10800.0
2025-09-23,33,05:30,3557.68,0.0,3769.310953769331,0.0,206.8133938246429,662.6873912656622,592.9466666666666,69.7407245989956,0.0,0.0,0.0,0.0,0.0,10800.0
2025-09-23,34,05:40,3509.0644,5.1961,3609.492789939526,0.0,232.16318567758674,640.2759959361854,583.97805,56.29794593618533,0.0,0.0,0.0,0.0,0.8660166666666667,10800.0
2025-09-23,35,05:50,4001.4806,0.0,3909.3477884554213,0.0,269.51390489899364,696.4769488924026,666.9134333333333,29.563515559069288,0.0,0.0,0.0,0.0,0.0,10800.0
2025-09-23,36,06:00,4743.74,0.0,4633.690391552358,6.514593097858569,300.71187045826684,0.0,0.0,0.0,0.0,790.6233333333332,0.0,0.0,0.0,9921.52962962963
2025-09-23,37,06:10,4911.4158,148.7833,4914.386241379868,133.8429450580534,301.37121686423563,13.652418864341826,13.652418864341826,0.0,0.0,780.1196644689913,0.0,0.0,24.797216666666664,9054.730002441862
2025-09-23,38,06:20,4831.9735,376.0146,4725.566347282315,404.10033060650255,316.35839016010704,0.0,0.0,0.0,0.0,742.6598166666666,0.0,0.0,62.66909999999999,8229.552428367788
2025-09-23,39,06:30,4792.2,649.3875,4624.49459414048,680.2327173790927,352.0551278463416,0.0,0.0,0.0,0.0,690.4687499999999,0.0,0.0,108.23125,7462.364928367788
2025-09-23,40,06:40,4757.3085,973.8044,4833.96987101757,972.4685090049592,372.7826943542815,0.0,0.0,0.0,0.0,630.5840166666667,0.0,0.0,162.3007333333333,6761.716020960381
2025-09-23,41,06:50,4755.1526,1245.8597,4863.733624040987,1276.0515592259317,385.63358017030487,0.0,0.0,0.0,0.0,584.88215,0.0,0.0,207.64328333333333,6111.846965404825
2025-09-23,42,07:00,4789.05,1511.775,4651.34533058192,1604.8512989651445,408.807257956067,342.0674193113773,342.0674193113773,0.0,0.0,204.14508068862267,0.0,0.0,251.9625,5885.019097973022
2025-09-23,43,07:10,4816.282,1907.945,4730.259174514682,1949.0236482453251,429.00475655044295,535.0400471366333,535.0400471366333,0.0,50.31721380329998,0.0,0.0,0.0,317.9908333333333,5930.304590395992
2025-09-23,44,07:20,4786.2179,2234.3678,4929.496798969789,2288.7097824495368,441.0875525388719,513.6457615098541,513.6457615098541,0.0,88.33741150985418,0.0,0.0,0.0,372.39463333333333,6009.80826075486
2025-09-23,45,07:30,4660.51,2492.5875,4978.301803095036,2642.0389658663794,457.32301155683916,465.59764146424936,465.59764146424936,0.0,104.27722479758268,0.0,0.0,0.0,415.43125,6103.657763072685
2025-09-23,46,07:40,4606.8822,2894.0726,4669.549566701962,3011.8410273327777,454.60237896373354,352.051819722153,352.051819722153,0.0,66.58355305548639,0.0,0.0,0.0,482.3454333333333,6163.582960822623
2025-09-23,47,07:50,5489.8417,3343.4604,5349.774841678452,3319.27241001002,425.8605541518767,0.0,0.0,0.0,0.0,357.7302166666667,0.0,0.0,557.2434,5766.104942304105
2025-09-23,48,08:00,6701.06,3753.1125,6539.497944004636,3626.4040116234464,418.40816536015643,0.0,0.0,0.0,0.0,491.3245833333333,0.0,0.0,625.51875,5220.188738600401
2025-09-23,49,08:10,6664.9869,4119.6249,6702.251821329371,4025.076498141973,435.8836736003839,0.0,0.0,0.0,0.0,424.2270000000001,0.0,0.0,686.6041499999999,4748.825405267067
2025-09-23,50,08:20,6469.7028,4427.9049,6605.706988011628,4370.490711561938,461.9385213656358,0.0,0.0,0.0,0.0,340.29964999999993,0.0,0.0,737.98415,4370.7146830448455
2025-09-23,51,08:30,6635.97,4698.6375,6606.188964584366,4661.943515102847,502.4269514139766,0.0,0.0,0.0,0.0,322.88874999999996,0.0,0.0,783.1062499999999,4011.949405267068
2025-09-23,52,08:40,6600.0815,4997.093,6542.152785340141,4952.6390667475,530.6152929721927,0.0,0.0,0.0,0.0,267.16475000000014,0.0,0.0,832.8488333333332,3715.0996830448457
2025-09-23,53,08:50,6462.4233,5400.3214,6551.4824373267065,5256.625241778437,564.1010830343632,0.0,0.0,0.0,0.0,177.01698333333331,0.0,0.0,900.0535666666666,3518.4141460078085
2025-09-23,54,09:00,6427.57,5807.85,6575.952854536314,5608.479828332435,627.7362098430566,0.0,0.0,0.0,0.0,103.28666666666652,0.0,0.0,967.975,3403.6511830448458
2025-09-23,55,09:10,6551.7343,6020.5511,6613.732918239938,5868.815884925206,635.700783352727,0.0,0.0,0.0,0.0,88.53053333333332,0.0,0.0,1003.4251833333333,3305.2839237855865
2025-09-23,56,09:20,6611.8297,6159.4673,6613.850435138963,6131.811812505859,575.6961456593388,0.0,0.0,0.0,0.0,75.39373333333333,0.0,0.0,1026.5778833333334,3221.5131089707716
2025-09-23,57,09:30,6584.42,6306.2625,6561.769395489433,6393.984469127307,554.2728023538326,0.0,0.0,0.0,0.0,46.359583333333376,0.0,0.0,1051.0437499999998,3170.0024608226236
2025-09-23,58,09:40,6627.8893,6423.4053,6464.6154664752885,6745.529645745792,579.9114831536791,0.0,0.0,0.0,0.0,34.0806666666665,0.0,0.0,1070.56755,3132.135053415216
2025-09-23,59,09:50,6567.1756,6483.305,6472.088786073761,6923.8724957351515,598.990018003958,0.0,0.0,0.0,0.0,13.978433333333214,0.0,0.0,1080.5508333333332,3116.6034608226237
2025-09-23,60,10:00,6455.96,6487.7625,6564.709352328854,7042.908099264141,614.8834063366221,0.0,0.0,0.0,5.300416666666479,0.0,0.0,0.0,1081.2937499999998,3121.3738358226237
2025-09-23,61,10:10,6527.0912,6506.7574,6580.9074907097465,7211.151006032515,635.371569351932,0.0,0.0,0.0,0.0,3.388966666666647,0.0,0.0,1084.4595666666667,3117.608317304105
2025-09-23,62,10:20,6488.4499,6763.9313,6549.632638401459,7404.202596233202,648.8835937621834,0.0,0.0,0.0,45.91356666666684,0.0,0.0,0.0,1127.3218833333333,3158.9305273041055
2025-09-23,63,10:30,6336.11,7139.7,6540.648916838163,7643.041799668847,634.7169591705926,0.0,0.0,0.0,133.93166666666662,0.0,0.0,0.0,1189.9499999999998,3279.4690273041056
2025-09-23,64,10:40,6376.9432,7257.6775,6539.554371266923,7771.147226024914,601.4377222473199,0.0,0.0,0.0,146.78904999999986,0.0,0.0,0.0,1209.6129166666665,3411.5791723041057
2025-09-23,65,10:50,6473.6947,7240.5731,6523.140325671386,7863.743695117788,583.7543460580667,0.0,0.0,0.0,127.8130666666666,0.0,0.0,0.0,1206.7621833333333,3526.6109323041055
2025-09-23,66,11:00,6470.56,7359.675,6529.877476658618,7958.441114817171,590.521885437845,693.6597078798818,685.1475,8.512207879881771,833.3333333333333,0.0,0.0,0.0,1226.6125,4276.6109323041055
2025-09-23,67,11:10,6357.1346,7784.7849,6546.52848966541,8017.046005402221,605.9034885274577,689.2309954651075,595.3916166666668,93.83937879844075,833.3333333333333,0.0,0.0,0.0,1297.4641499999998,5026.6109323041055
2025-09-23,68,11:20,6310.6975,8209.6886,6529.377784550744,8034.848955123501,606.0240130170396,594.5136084689071,516.8348166666667,77.67879180224043,833.3333333333333,0.0,0.0,0.0,1368.281433333333,5776.6109323041055
2025-09-23,69,11:30,6431.52,8399.7375,6484.562817442999,8048.02258047894,563.8672551536989,666.7345820196265,505.2970833333336,161.43749868629288,833.3333333333333,0.0,0.0,0.0,1399.9562499999997,6526.6109323041055
2025-09-23,70,11:40,6604.0357,8379.679,6488.622436273706,8096.004637950661,525.8029584566134,653.070126129943,537.3927833333335,115.67734279660954,833.3333333333333,0.0,0.0,0.0,1396.6131666666665,7276.6109323041055
2025-09-23,71,11:50,6371.5522,8435.4109,6284.465661843318,8100.68633798538,573.5149491706318,626.2157121714281,489.35688333333314,136.85882883809495,833.3333333333333,0.0,0.0,0.0,1405.9018166666667,8026.6109323041055
2025-09-23,72,12:00,5893.69,8613.5625,5936.640591448242,8131.504988660042,656.8107116013255,576.9910523982542,380.0212499999998,196.9698023982544,833.3333333333333,0.0,0.0,0.0,1435.59375,8776.610932304106
2025-09-23,73,12:10,5815.5593,8690.3915,5859.908384403578,8323.392331671797,668.3154103780406,534.1385771849702,354.1946333333335,179.94394385163673,833.3333333333333,0.0,0.0,0.0,1448.3985833333331,9526.610932304106
2025-09-23,74,12:20,5929.8452,8581.2694,5908.126060315618,8418.963966587442,628.8715399668517,519.6722722825045,391.42930000000024,128.2429722825043,833.3333333333333,0.0,0.0,0.0,1430.2115666666664,10276.610932304106
2025-09-23,75,12:30,5958.43,8484.4875,6027.289888781876,8325.833501691852,604.1327644819917,550.9315252620024,160.5338252176607,390.3977000443417,581.5434085509938,0.0,0.0,0.0,1414.0812499999997,10800.0
2025-09-23,76,12:40,5882.5546,8645.3297,6006.7445744644065,8196.687406517065,565.7796257585354,562.639465617646,0.0,562.639465617646,0.0,0.0,0.0,460.4625166666665,980.4257666666667,10800.0
2025-09-23,77,12:50,6091.5912,8546.664,6036.471420247738,8161.059905612094,516.1881730268349,0.0,0.0,0.0,0.0,0.0,0.0,409.1788,1015.2651999999999,10800.0
2025-09-23,78,13:00,6408.53,8135.1375,6248.579963637647,8122.678708416234,489.25174387585514,0.0,0.0,0.0,0.0,0.0,0.0,287.7679166666667,1068.0883333333331,10800.0
2025-09-23,79,13:10,6253.4833,7884.9488,6390.368559387765,7860.119501196052,481.6395677037301,0.0,0.0,0.0,0.0,0.0,0.0,271.9109166666667,1042.2472166666666,10800.0
2025-09-23,80,13:20,6080.4251,7754.0988,6193.749218826388,7630.660818094279,498.47404292599657,0.0,0.0,0.0,0.0,0.0,0.0,278.94561666666664,1013.4041833333333,10800.0
2025-09-23,81,13:30,6115.63,7607.2875,6103.861581828175,7495.072978313019,528.1305452266752,0.0,0.0,0.0,0.0,0.0,0.0,248.60958333333326,1019.2716666666666,10800.0
2025-09-23,82,13:40,6161.9414,7394.5585,6241.170374660031,7364.936082206799,528.9850106832741,0.0,0.0,0.0,0.0,0.0,0.0,205.43618333333347,1026.9902333333332,10800.0
2025-09-23,83,13:50,6291.8498,7228.1769,6264.599280218031,7159.561624113569,499.29738762526006,0.0,0.0,0.0,0.0,0.0,0.0,156.0545166666668,1048.6416333333332,10800.0
2025-09-23,84,14:00,6409.53,7094.9625,6142.348930776915,6932.212262581032,468.01607775409764,0.0,0.0,0.0,0.0,0.0,0.0,114.23874999999998,1068.2549999999999,10800.0
2025-09-23,85,14:10,6298.6605,6838.0168,6055.4318292782145,6771.4796727244,439.75095319673767,0.0,0.0,0.0,0.0,0.0,0.0,89.89271666666673,1049.77675,10800.0
2025-09-23,86,14:20,6212.8259,6393.4647,6078.450487188953,6614.763766249774,434.67542343674506,0.0,0.0,0.0,0.0,0.0,0.0,30.106466666666847,1035.4709833333332,10800.0
2025-09-23,87,14:30,6236.6,5854.05,6179.749185015349,6364.8725090286525,442.7456518310433,0.0,0.0,0.0,0.0,63.75833333333344,0.0,0.0,975.675,10729.157407407407
2025-09-23,88,14:40,6217.1274,5393.4146,6223.516029172099,6093.087308150485,435.8403710387321,0.0,0.0,0.0,0.0,137.2854666666666,0.0,0.0,898.9024333333333,10576.618
2025-09-23,89,14:50,6206.2876,4990.8009,6256.706661141156,5782.360950361671,420.9508946070446,0.0,0.0,0.0,0.0,202.5811166666665,0.0,0.0,831.80015,10351.527870370372
2025-09-23,90,15:00,6262.68,4761.6375,6325.611414179162,5515.617658201466,406.6087826125739,556.5094817947994,556.5094817947994,0.0,306.33573179479936,0.0,0.0,0.0,793.6062499999999,10627.23002898569
2025-09-23,91,15:10,6377.3851,4842.082,6151.105438358729,5212.77064864222,425.1004766132198,227.2392110549547,227.2392110549547,0.0,0.0,28.644638945045244,0.0,0.0,807.0136666666667,10595.402652380084
2025-09-23,92,15:20,6461.0017,4734.2965,6254.062481487374,4899.510840007376,467.91787167209964,303.7449188586829,303.7449188586829,0.0,15.960718858683094,0.0,0.0,0.0,789.0494166666667,10609.7672993529
2025-09-23,93,15:30,6382.45,4417.2375,6546.439314384808,4590.723601456943,465.8240254232692,403.5899563918558,403.5899563918558,0.0,76.05453972518922,0.0,0.0,0.0,736.20625,10678.21638510557
2025-09-23,94,15:40,6120.1976,4306.354,6412.133153792573,4228.439446626502,415.18112078036563,433.1458046577393,433.1458046577393,0.0,130.8385379910726,0.0,0.0,0.0,717.7256666666667,10795.971069297535
2025-09-23,95,15:50,6153.6297,4035.9346,6384.4580279011,3881.367951707426,382.66642670713696,480.9594171501351,357.42577300273877,123.53364414739633,4.47658966940556,0.0,0.0,0.0,672.6557666666666,10800.0
2025-09-23,96,16:00,6505.17,3543.675,6375.581395991312,3547.743688490596,388.2758630508995,536.0189284252693,493.5825,42.436428425269355,0.0,0.0,0.0,0.0,590.6125,10800.0
2025-09-23,97,16:10,6704.9712,3168.3753,6509.792333300781,3254.358572646084,376.37103852131963,605.3007998626694,589.4326499999999,15.868149862669497,0.0,0.0,0.0,0.0,528.06255,10800.0
2025-09-23,98,16:20,6651.3841,2836.5022,6570.241817647763,2905.2540152968495,346.7428615176487,668.621777311427,635.81365,32.808127311426915,0.0,0.0,0.0,0.0,472.75036666666665,10800.0
2025-09-23,99,16:30,6512.95,2503.5375,6520.241480498261,2562.3895712020126,320.562147444096,713.069009456724,668.2354166666667,44.83359279005731,0.0,0.0,0.0,0.0,417.25624999999997,10800.0
2025-09-23,100,16:40,6516.7553,2218.6701,6489.269089276622,2260.14517509139,298.8271057003134,754.6585033142576,716.3475333333332,38.31096998092437,0.0,0.0,0.0,0.0,369.77834999999993,10800.0
2025-09-23,101,16:50,6452.5286,1863.5925,6546.303664508957,1949.5352592300546,309.03573367746156,817.6340231593938,764.8226833333332,52.81133982606059,0.0,0.0,0.0,0.0,310.59875,10800.0
2025-09-23,102,17:00,6349.71,1465.3875,6440.511345915242,1593.0562144098783,330.66035897220434,863.0192484129278,814.0537499999998,48.965498412928014,0.0,0.0,0.0,0.0,244.23125,10800.0
2025-09-23,103,17:10,6441.2731,1178.7512,6267.515851654403,1259.7800916872238,331.3773351519352,889.8521825198524,877.0869833333333,12.765199186519112,0.0,0.0,0.0,0.0,196.45853333333332,10800.0
2025-09-23,104,17:20,6397.9351,917.9154,6232.827137718587,962.3061798831994,324.1857739535214,932.4511219648182,913.3366166666666,19.114505298151585,0.0,0.0,0.0,0.0,152.9859,10800.0
2025-09-23,105,17:30,6368.49,630.1875,6395.476873834139,684.5458674251698,320.2104853845873,1005.1902486322595,956.38375,48.80649863225949,0.0,0.0,0.0,0.0,105.03125,10800.0
2025-09-23,106,17:40,6667.634,356.458,6647.7291761613915,412.9371085575918,284.6328686174927,1086.5708227035486,1051.8626666666667,34.708156036881974,0.0,0.0,0.0,0.0,59.409666666666666,10800.0
2025-09-23,107,17:50,5886.4358,131.4439,5794.715100902722,137.03956986969868,226.10896203188605,980.6307488441516,959.1653166666666,21.465432177485013,0.0,0.0,0.0,0.0,21.907316666666667,10800.0
2025-09-23,108,18:00,4515.87,0.0,4883.086514294529,6.2391167899523765,189.90121620241956,11.124768951165947,11.124768951165947,0.0,0.0,741.520231048834,0.0,0.0,0.0,9976.088632167963
2025-09-23,109,18:10,4585.9791,0.0,4708.426330260191,0.0,172.1295443309179,0.0,0.0,0.0,0.0,764.3298499999999,0.0,0.0,0.0,9126.833243279074
2025-09-23,110,18:20,4985.787,4.4234,4860.70998729586,0.0,172.312268699018,838.837042665813,838.837042665813,0.0,8.609775999146223,0.0,0.0,0.0,0.7372333333333333,9134.582041678306
2025-09-23,111,18:30,5006.5,0.0,4882.28596772017,0.0,175.91732943996558,9.700549526689315,9.700549526689315,0.0,0.0,824.7161171399773,0.0,0.0,0.0,8218.230800411664
2025-09-23,112,18:40,5016.9579,0.0,5041.2181847488155,0.0,168.53175016072916,505.75782542277557,505.75782542277557,0.0,0.0,330.4018245772245,0.0,0.0,0.0,7851.117661992525
2025-09-23,113,18:50,4862.5058,0.3176,4829.835943289519,0.0,168.82167953543038,0.0,0.0,0.0,0.0,810.3646999999999,0.0,0.0,0.05293333333333333,6950.712439770304
2025-09-23,114,19:00,4664.56,0.0,4687.062405128132,0.0,162.43096002897985,0.0,0.0,0.0,0.0,777.4266666666667,0.0,0.0,0.0,6086.905032362896
2025-09-23,115,19:10,4794.5933,0.0,4883.282440838356,0.0,143.98830156193935,4.545123733382525,4.545123733382525,0.0,0.0,794.5537595999508,0.0,0.0,0.0,5204.0675216962845
2025-09-23,116,19:20,4953.598,0.0228,5049.344038614266,0.0,138.85747778571493,31.366919399996732,31.366919399996732,0.0,0.0,794.2289472666699,0.0,0.0,0.0038,4321.590913622207
2025-09-23,117,19:30,4906.9,0.0,4913.468569040299,0.0,150.7952949302883,844.0439773284312,844.0439773284312,0.0,26.22731066176459,0.0,0.0,0.0,0.0,4345.195493217795
2025-09-23,118,19:40,4721.0181,0.0,4948.317329058258,0.0,147.5407455493072,849.3096791012608,849.3096791012608,0.0,62.47332910126079,0.0,0.0,0.0,0.0,4401.42148940893
2025-09-23,119,19:50,4705.315,0.0016,4921.709493832176,0.0,127.88985032281464,841.5998906924984,841.5998906924984,0.0,57.380990692498585,0.0,0.0,0.0,0.0002666666666666667,4453.064381032179
2025-09-23,120,20:00,4871.47,0.0,4716.65761527892,0.0,148.696585234459,810.8923667522299,810.8923667522299,0.0,0.0,1.019299914436715,0.0,0.0,0.0,4451.9318255716935
2025-09-23,121,20:10,4963.0687,0.0,4779.839125114125,0.0,179.74796136181516,0.0,0.0,0.0,0.0,827.1781166666666,0.0,0.0,0.0,3532.8450292753973
2025-09-23,122,20:20,5061.4062,0.0,4842.796353339108,0.0,177.77066529029847,3.427836438234408,3.427836438234408,0.0,0.0,833.3333333333333,6.806530228432393,0.0,0.0,2606.9191033494717
2025-09-23,123,20:30,5038.25,0.0,4848.325873544746,0.0,178.59828475369702,837.8206930497405,837.8206930497405,0.0,0.0,1.8876402835927593,0.0,0.0,0.0,2604.821725256591
2025-09-23,124,20:40,4709.3717,0.0,4800.719828334644,0.0,175.78324024335745,0.0,0.0,0.0,0.0,784.8952833333333,0.0,0.0,0.0,1732.7158548862208
2025-09-23,125,20:50,4809.9708,0.0,4757.692309430539,0.0,164.31792283904144,820.3350387115968,820.3350387115968,0.0,18.67323871159681,0.0,0.0,0.0,0.0,1749.5217697266578
2025-09-23,126,21:00,5215.3,0.0,4818.29957769469,0.0,170.69242715264812,831.4986674745562,831.4986674745562,0.0,0.0,37.71799919211048,0.0,0.0,0.0,1707.612881735424
2025-09-23,127,21:10,5055.1463,0.0,4901.289265187859,0.0,187.79340357332595,848.1804447935308,848.1804447935308,0.0,5.656061460197407,0.0,0.0,0.0,0.0,1712.7033370496017
2025-09-23,128,21:20,4827.5711,0.0,4828.131894055656,0.0,205.98477818988573,839.019445374257,839.019445374257,0.0,34.42426204092362,0.0,0.0,0.0,0.0,1743.685172886433
2025-09-23,129,21:30,4880.29,0.0,4693.827643476081,0.0,204.62604685188734,816.4089483879948,816.4089483879948,0.0,3.0272817213281087,0.0,0.0,0.0,0.0,1746.4097264356283
2025-09-23,130,21:40,4979.2148,0.0,4797.97057777595,0.0,181.44796076970812,829.9030897576097,829.9030897576097,0.0,0.03395642427642542,0.0,0.0,0.0,0.0,1746.4402872174771
2025-09-23,131,21:50,4609.119,0.0,4445.9887424454,0.0,163.11187944018417,768.1834369809308,768.1834369809308,0.0,0.0,0.0030630190691454118,0.0,0.0,0.0,1746.436883862956
2025-09-23,132,22:00,3835.46,0.0,3796.862849912588,0.0,142.54201077928306,1489.9008101153117,1472.5766666666666,17.324143448645145,833.3333333333333,0.0,0.0,0.0,0.0,2496.436883862956
2025-09-23,133,22:10,3320.6494,0.0,3633.0023403079986,0.0,132.54013174957106,1460.9237453429282,1386.7749,74.14884534292833,833.3333333333333,0.0,0.0,0.0,0.0,3246.436883862956
2025-09-23,134,22:20,3496.0714,0.0,3652.6005622352823,0.0,147.93494360000128,1300.0892509725472,1300.0892509725472,0.0,717.4106843058806,0.0,0.0,0.0,0.0,3892.1064997382487
2025-09-23,135,22:30,3883.24,0.0,3620.892922405082,0.0,155.3831170603992,1462.7126732442468,1462.7126732442468,0.0,815.5060065775803,0.0,0.0,0.0,0.0,4626.061905658071
2025-09-23,136,22:40,3580.1991,0.0,3684.2737149104055,0.0,149.18717038013762,1472.243480881757,1430.0331833333332,42.210297548423796,833.3333333333333,0.0,0.0,0.0,0.0,5376.061905658071
2025-09-23,137,22:50,3332.1137,0.0,3711.6941276724388,0.0,158.66610414760933,1478.393371970008,1388.6856166666666,89.7077553033414,833.3333333333333,0.0,0.0,0.0,0.0,6126.061905658071
2025-09-23,138,23:00,3416.1,0.0,3715.363576494861,0.0,169.20748305709694,1480.7618432586596,1402.6833333333332,78.07850992532644,833.3333333333333,0.0,0.0,0.0,0.0,6876.061905658071
2025-09-23,139,23:10,3387.9352,0.0,3681.2209260454365,0.0,149.856322355455,1471.846208066815,1397.9892,73.85700806681507,833.3333333333333,0.0,0.0,0.0,0.0,7626.061905658071
2025-09-23,140,23:20,3459.0094,0.0,3626.0925528018015,0.0,140.1316585475343,1461.0373685582226,1409.8348999999998,51.20246855822279,833.3333333333333,0.0,0.0,0.0,0.0,8376.06190565807
2025-09-23,141,23:30,3661.95,0.0,3635.5012604805656,0.0,151.27026784872112,1464.4619213882143,1443.6583333333333,20.803588054880947,833.3333333333333,0.0,0.0,0.0,0.0,9126.06190565807
2025-09-23,142,23:40,3702.4038,0.0,3579.3163822645542,0.0,147.8171379241912,1454.5222533647907,1450.4006333333332,4.121620031457496,833.3333333333333,0.0,0.0,0.0,0.0,9876.06190565807
2025-09-23,143,23:50,3409.7885,0.0,3701.3132707488426,0.0,164.79256660032902,1477.6843062248618,1401.6314166666666,76.05288955819515,833.3333333333333,0.0,0.0,0.0,0.0,10626.06190565807
2025-09-23,144,00:00,3147.61,0.0,3830.301223629789,0.0,186.11822870737325,1502.736575389527,717.8662159354769,784.87035945405,193.26454926881019,0.0,0.0,0.0,0.0,10800.0
2025-12-21,1,00:10,3576.1063,0.0,3552.118718858093,0.0,100.36375415430828,608.7470788354002,596.0177166666666,12.729362168733587,0.0,0.0,0.0,0.0,0.0,10800.0
2025-12-21,2,00:20,3537.871,0.0,3452.473361143743,0.0,93.14508176465978,590.9364071514004,589.6451666666667,1.2912404847337484,0.0,0.0,0.0,0.0,0.0,10800.0
2025-12-21,3,00:30,3472.1,0.0,3541.5111008381878,0.0,99.5314262851065,606.8404211872157,578.6833333333333,28.157087853882445,0.0,0.0,0.0,0.0,0.0,10800.0
2025-12-21,4,00:40,3388.2602,0.0,3699.932452209791,0.0,95.5906171448204,632.5871782257685,564.7100333333333,67.87714489243524,0.0,0.0,0.0,0.0,0.0,10800.0
2025-12-21,5,00:50,3299.4233,0.0,3769.7803397082043,0.0,88.00734111143088,642.9646134699392,549.9038833333333,93.06073013660591,0.0,0.0,0.0,0.0,0.0,10800.0
2025-12-21,6,01:00,3349.26,0.0,3698.1577152523078,0.0,90.29202283722283,631.4082896815884,558.21,73.19828968158834,0.0,0.0,0.0,0.0,0.0,10800.0
2025-12-21,7,01:10,3662.0911,0.0,3624.240866145524,0.0,89.02527429873558,618.8776900740431,610.3485166666667,8.529173407376447,0.0,0.0,0.0,0.0,0.0,10800.0
2025-12-21,8,01:20,3799.4157,0.0,3649.22350808339,0.0,91.77282617591302,623.4993890432171,623.4993890432171,0.0,0.0,9.73656095678291,0.0,0.0,0.0,10789.181598936908
2025-12-21,9,01:30,3736.18,0.0,3720.2314351764553,0.0,109.87220592518017,638.3506068502725,634.7171122923245,3.6334945579479836,12.020445625657885,0.0,0.0,0.0,0.0,10800.0
2025-12-21,10,01:40,3824.9356,0.0,3680.9833446394396,0.0,119.64471140778363,633.4380093412038,633.4380093412038,0.0,0.0,4.051257325462757,0.0,0.0,0.0,10795.498602971707
2025-12-21,11,01:50,3734.208,0.0,3678.7251829621027,0.0,122.67329003276731,633.5664121658117,627.3695522536583,6.1968599121534,5.0015522536583985,0.0,0.0,0.0,0.0,10800.0
2025-12-21,12,02:00,3587.15,0.0,3747.3995363933536,0.0,126.86087546315876,645.710068642752,597.8583333333333,47.8517353094187,0.0,0.0,0.0,0.0,0.0,10800.0
2025-12-21,13,02:10,3856.4774,0.0,3772.94457547155,0.0,113.55732812972497,647.750317266879,642.7462333333333,5.004083933545758,0.0,0.0,0.0,0.0,0.0,10800.0
2025-12-21,14,02:20,3923.2147,0.0,3828.5977307684393,0.0,103.78781664647325,655.3975912358187,653.8691166666666,1.5284745691520811,0.0,0.0,0.0,0.0,0.0,10800.0
2025-12-21,15,02:30,3730.5,0.0,3941.1605947519965,0.0,106.62423909808686,674.6308056416806,621.75,52.88080564168058,0.0,0.0,0.0,0.0,0.0,10800.0
2025-12-21,16,02:40,3819.86,0.0,3994.9335987193153,0.0,106.53782780650266,683.5785710876363,636.6433333333333,46.93523775430299,0.0,0.0,0.0,0.0,0.0,10800.0
2025-12-21,17,02:50,3791.4644,0.0,3949.103814464683,0.0,125.37034486376166,679.0790265547407,631.9107333333333,47.16829322140745,0.0,0.0,0.0,0.0,0.0,10800.0
2025-12-21,18,03:00,3751.73,0.0,3878.226454073176,0.0,143.2376640142784,670.2440196812423,625.2883333333333,44.95568634790902,0.0,0.0,0.0,0.0,0.0,10800.0
2025-12-21,19,03:10,4180.5461,0.0,3940.8999652595107,0.0,126.28900276858116,677.864828004682,677.864828004682,0.0,0.0,18.892855328651308,0.0,0.0,0.0,10779.00793852372
2025-12-21,20,03:20,4115.3327,0.0,4004.684213741068,0.0,112.39105973540597,686.1792122460789,686.1792122460789,0.0,0.2904289127455968,0.0,0.0,0.0,0.0,10779.269324545192
2025-12-21,21,03:30,3748.74,0.0,3977.5957254126497,0.0,117.58997736715332,682.5309504633005,647.8240838386756,34.70686662462492,23.03408383867564,0.0,0.0,0.0,0.0,10800.0
2025-12-21,22,03:40,4220.4858,0.0,3874.1178513862615,0.0,123.44629874289897,666.2606916881933,666.2606916881933,0.0,0.0,37.15360831180669,0.0,0.0,0.0,10758.718212986882
2025-12-21,23,03:50,4423.9257,0.0,3904.5271204858936,0.0,133.19953753167954,672.9544430029289,672.9544430029289,0.0,0.0,64.36650699707104,0.0,0.0,0.0,10687.199871879026
2025-12-21,24,04:00,4079.15,0.0,4027.2588383646475,0.0,142.07960773482424,694.8897410165787,694.8897410165787,0.0,15.031407683245334,0.0,0.0,0.0,0.0,10700.728138793946
2025-12-21,25,04:10,4038.9424,0.0,4003.2426475278294,0.0,133.0200348152752,689.3771137238507,689.3771137238507,0.0,16.220047057184047,0.0,0.0,0.0,0.0,10715.32618114541
2025-12-21,26,04:20,4082.3954,0.0,4039.881369597461,0.0,119.57752201494276,693.2431486020673,693.2431486020673,0.0,12.843915268734008,0.0,0.0,0.0,0.0,10726.88570488727
2025-12-21,27,04:30,4064.87,0.0,4213.818284091431,0.0,128.8571313247016,723.7792359026887,723.7792359026887,0.0,46.30090256935546,0.0,0.0,0.0,0.0,10768.55651719969
2025-12-21,28,04:40,4121.8784,0.0,4322.98733167343,0.0,145.12422538352195,744.685259509492,721.9169364447893,22.768323064702713,34.93720311145605,0.0,0.0,0.0,0.0,10800.0
2025-12-21,29,04:50,4083.6154,0.0,4241.455527128879,0.0,153.95205157521983,732.5679297840165,680.6025666666667,51.96536311734985,0.0,0.0,0.0,0.0,0.0,10800.0
2025-12-21,30,05:00,4032.31,0.0,4096.587808113458,0.0,157.1837514869137,708.9619266000619,672.0516666666666,36.91025993339531,0.0,0.0,0.0,0.0,0.0,10800.0
2025-12-21,31,05:10,4217.9422,0.0023,4207.07916400719,0.0,147.98550014925655,725.8441106927412,702.9899833333333,22.854127359407926,0.0,0.0,0.0,0.0,0.0003833333333333333,10800.0
2025-12-21,32,05:20,4253.2484,0.0,4236.72576540179,0.0,134.42692937743328,728.5254491298706,708.8747333333333,19.65071579653727,0.0,0.0,0.0,0.0,0.0,10800.0
2025-12-21,33,05:30,4066.58,0.0,4076.723241547918,0.0,130.695143148331,701.2363974493747,677.7633333333333,23.473064116041428,0.0,0.0,0.0,0.0,0.0,10800.0
2025-12-21,34,05:40,4077.7781,0.0316,4069.07324691654,0.0,136.74016280157997,700.9689016196867,679.6244166666667,21.344484953020014,0.0,0.0,0.0,0.0,0.005266666666666667,10800.0
2025-12-21,35,05:50,4717.7146,0.0,4597.369579629572,0.0,154.14022456196977,791.9183006985904,786.2857666666666,5.632534031923797,0.0,0.0,0.0,0.0,0.0,10800.0
2025-12-21,36,06:00,5490.65,0.0,5343.633849781719,0.0,167.25055460333175,918.4807340641751,915.1083333333332,3.3724007308418322,0.0,0.0,0.0,0.0,0.0,10800.0
2025-12-21,37,06:10,5439.318,0.4406,5363.581466550417,0.0,157.55262810536686,920.189015775964,906.4795666666666,13.709449109297339,0.0,0.0,0.0,0.0,0.07343333333333332,10800.0
2025-12-21,38,06:20,5407.8325,0.0,5250.74357682429,0.0,150.75482068620934,900.2497329184166,900.2497329184166,0.0,0.0,1.0556837482500896,0.0,0.0,0.0,10798.8270180575
2025-12-21,39,06:30,5587.05,0.0,5316.406249842358,0.0,148.21061323217148,910.7694771790882,910.7694771790882,0.0,0.0,20.405522820911756,0.0,0.0,0.0,10776.154214923154
2025-12-21,40,06:40,5351.2866,6.1366,5380.70131624427,0.0,152.38943149561513,922.1817912899808,917.3536500853849,4.828141204595909,26.49531675205152,0.0,0.0,0.0,1.0227666666666666,10800.0
2025-12-21,41,06:50,5233.249,0.0,5447.923432356124,0.0,179.82596085564128,937.9582322019608,872.2081666666666,65.7500655352942,0.0,0.0,0.0,0.0,0.0,10800.0
2025-12-21,42,07:00,5374.2,0.0,5465.510930171627,2.432724388586241,194.47053932113204,942.9247908506954,895.6999999999999,47.22479085069551,0.0,0.0,0.0,0.0,0.0,10800.0
2025-12-21,43,07:10,5360.7841,172.6829,5369.197930722335,149.81468236295143,183.38164592094265,900.4608157133875,864.6835333333332,35.77728238005432,0.0,0.0,0.0,0.0,28.78048333333333,10800.0
2025-12-21,44,07:20,5321.3096,420.0356,5337.444785871866,395.0658275065578,189.02021889594488,855.2331962102088,816.8789999999999,38.3541962102089,0.0,0.0,0.0,0.0,70.00593333333333,10800.0
2025-12-21,45,07:30,5231.72,690.675,5351.842754584106,658.4750970302438,212.84889083882106,817.7027580654471,756.8408333333334,60.86192473211372,0.0,0.0,0.0,0.0,115.11249999999998,10800.0
2025-12-21,46,07:40,5065.8847,996.7377,5325.828967411748,936.8669933211646,223.70450636439813,768.7777467424968,678.1911666666665,90.58658007583028,0.0,0.0,0.0,0.0,166.12295,10800.0
2025-12-21,47,07:50,5889.1246,1276.7125,5958.865747309143,1209.6504837727277,228.95299980635508,829.6947105571284,768.7353499999999,60.959360557128434,0.0,0.0,0.0,0.0,212.78541666666666,10800.0
2025-12-21,48,08:00,7180.79,1539.8625,6953.786210131025,1484.1912599162686,244.96037139975675,119.09255360241889,119.09255360241889,0.0,0.0,821.0620297309143,0.0,0.0,256.64374999999995,9887.70885585454
2025-12-21,49,08:10,7254.351,1860.1541,7150.909196810984,1777.8823427942928,264.77357816316646,106.30007202997626,106.30007202997626,0.0,0.0,792.7327446366903,0.0,0.0,310.0256833333333,9006.894695147106
2025-12-21,50,08:20,7152.8955,2211.6206,7075.810242343264,2062.480052270674,283.94423103193947,49.54573685075479,49.54573685075479,0.0,0.0,774.0000798159118,0.0,0.0,368.6034333333333,8146.89460646276
2025-12-21,51,08:30,7367.01,2579.625,7054.399527834365,2334.870174425186,297.45919338669694,2.8314244659792394,2.8314244659792394,0.0,0.0,795.0660755340208,0.0,0.0,429.9375,7263.487855869404
2025-12-21,52,08:40,7333.1326,2953.1787,7014.451823426306,2617.2538370452903,295.4848537193004,0.0,0.0,0.0,0.0,729.9923166666667,0.0,0.0,492.19644999999997,6452.385281795329
2025-12-21,53,08:50,7276.0603,3195.6035,7018.9720259473925,2902.214484908134,299.329704007004,0.0,0.0,0.0,0.0,680.0761333333332,0.0,0.0,532.6005833333334,5696.745133647181
2025-12-21,54,09:00,7255.65,3341.5875,7039.561125541767,3172.2810852854036,320.53051314570644,0.0,0.0,0.0,0.0,652.3437499999999,0.0,0.0,556.93125,4971.918744758293
2025-12-21,55,09:10,7076.8086,3572.7867,7030.4672759991145,3435.5003139562677,335.74791383299055,0.0,0.0,0.0,0.0,584.0036500000001,0.0,0.0,595.4644499999999,4323.025800313848
2025-12-21,56,09:20,7014.1683,3848.0561,7056.843591958295,3676.887442855079,332.46041019932596,618.7360932170905,618.7360932170905,0.0,91.05072655042386,0.0,0.0,0.0,641.3426833333333,4404.97145420923
2025-12-21,57,09:30,7150.59,4116.6,7086.92796240633,3917.2000579558194,329.89042145436974,437.28108997701565,437.28108997701565,0.0,0.0,68.38391002298431,0.0,0.0,686.1,4328.989331961469
2025-12-21,58,09:40,7259.4501,4370.6969,7013.686117257912,4140.953214072381,345.4269797380844,536.3599804872691,536.3599804872691,0.0,54.90111382060263,0.0,0.0,0.0,728.4494833333333,4378.400334400012
2025-12-21,59,09:50,7142.682,4583.0793,6916.962256537072,4414.3683632713255,364.1937052653967,0.0,0.0,0.0,0.0,426.6004499999999,0.0,0.0,763.84655,3904.399834400012
2025-12-21,60,10:00,6912.23,4750.3875,6928.782414129297,4713.846153499927,375.9111108745868,0.0,0.0,0.0,0.0,360.30708333333325,0.0,0.0,791.7312499999999,3504.0586306963082
2025-12-21,61,10:10,6873.3728,4886.2111,7016.68191087082,4926.200748933869,388.88686345874305,0.0,0.0,0.0,0.0,331.1936166666667,0.0,0.0,814.3685166666667,3136.0657232889007
2025-12-21,62,10:20,6913.1885,4956.6279,7035.002522824078,5189.104786467408,396.6070789969407,0.0,0.0,0.0,0.0,326.0934333333332,0.0,0.0,826.10465,2773.739686251864
2025-12-21,63,10:30,6951.47,4960.7625,6928.6950565452025,5440.722550545755,391.6922441867638,0.0,0.0,0.0,0.0,331.78458333333344,0.0,0.0,826.7937499999999,2405.090149214827
2025-12-21,64,10:40,7040.6919,4946.2149,6806.460992769213,5520.57306201059,391.7122078034963,0.0,0.0,0.0,0.0,349.0794999999998,0.0,0.0,824.36915,2017.2240381037159
2025-12-21,65,10:50,7195.1724,4968.8079,6894.968811781881,5542.669838377982,397.11462426644266,291.5689329450569,291.5689329450569,0.0,0.0,79.49181705494311,0.0,0.0,828.13465,1928.899796931557
2025-12-21,66,11:00,7266.62,4979.2125,7036.511953047821,5622.2158568515915,395.1851328993522,1134.9135381825968,1134.9135381825968,0.0,753.6789548492634,0.0,0.0,0.0,829.8687499999999,2607.210856295894
2025-12-21,67,11:10,7080.5804,4907.9946,6834.241809638357,5710.281998341205,397.1080220105507,1086.8446388846169,1086.8446388846169,0.0,724.7470055512836,0.0,0.0,0.0,817.9991,3259.483161292049
2025-12-21,68,11:20,6948.6094,5015.1025,6624.7929185939265,5746.023804734342,407.96470380541007,1047.7889696108323,1047.7889696108323,0.0,725.5378196108322,0.0,0.0,0.0,835.8504166666667,3912.467198941798
2025-12-21,69,11:30,6954.16,5256.3375,6664.553459625935,5750.2875932023435,411.7089289215181,1054.3291325575183,1054.3291325575183,0.0,771.3587158908515,0.0,0.0,0.0,876.0562499999999,4606.690043243564
2025-12-21,70,11:40,6860.0706,5348.0182,6831.880823606979,5834.623295813702,400.85466699327094,1066.3520324644246,1066.3520324644246,0.0,814.3432991310913,0.0,0.0,0.0,891.3363666666667,5339.599012461546
2025-12-21,71,11:50,6565.9337,5577.6892,6741.468372068332,5874.245899968714,406.60049266853457,1045.6371607946921,998.0407499999999,47.59641079469225,833.3333333333333,0.0,0.0,0.0,929.6148666666666,6089.599012461546
2025-12-21,72,12:00,6330.9,5890.8,6427.066083557764,5835.4535779335465,421.4839557972967,1002.1827435702521,906.6833333333332,95.49941023691895,833.3333333333333,0.0,0.0,0.0,981.8,6839.599012461546
2025-12-21,73,12:10,6501.863,5904.8948,6255.543237440563,5815.71263255102,408.49235926460005,974.7204940256904,932.8280333333332,41.89246069235719,833.3333333333333,0.0,0.0,0.0,984.1491333333333,7589.599012461546
2025-12-21,74,12:20,6520.3344,5868.1645,6297.843444748722,5805.065570952365,386.85703578050556,979.9391515961436,942.0283166666666,37.910834929477005,833.3333333333333,0.0,0.0,0.0,978.0274166666666,8339.599012461545
2025-12-21,75,12:30,6273.31,5864.7,6342.092126805882,5773.099184155377,392.3585888513194,993.5585885836373,901.4350000000001,92.12358858363723,833.3333333333333,0.0,0.0,0.0,977.4499999999999,9089.599012461545
2025-12-21,76,12:40,6234.7567,5722.7661,6153.055272378608,5690.701314260363,413.66444347985055,979.3364002663492,918.6650999999999,60.67130026634925,833.3333333333333,0.0,0.0,0.0,953.7943499999999,9839.599012461545
2025-12-21,77,12:50,6512.763,5549.8704,6251.652302379502,5625.197019241879,400.9234348429342,1004.563119663426,993.8154333333332,10.747686330092847,833.3333333333333,0.0,0.0,0.0,924.9784,10589.599012461545
2025-12-21,78,13:00,6836.44,5390.4375,6622.167386895675,5566.772372718543,369.83101246204683,237.53767110652973,237.53767110652973,0.0,0.0,3.4627455601369093,0.0,0.0,898.40625,10585.751517394727
2025-12-21,79,13:10,6797.3346,5211.4597,6648.76765303867,5410.823201669791,358.59436785048325,266.0898032032269,266.0898032032269,0.0,1.777319869893745,0.0,0.0,0.0,868.5766166666667,10587.35110527763
2025-12-21,80,13:20,6554.3856,5202.0686,6529.158009578374,5225.9222570972515,347.4158068915539,275.1085932287792,275.1085932287791,1.1368683772161603e-13,49.72242656211256,0.0,0.0,0.0,867.0114333333332,10632.10128918353
2025-12-21,81,13:30,6350.08,5287.95,6468.736426699902,5054.35050651838,319.57009518072806,288.9926692270417,288.9926692270417,0.0,111.97100256037515,0.0,0.0,0.0,881.3249999999999,10732.875191487869
2025-12-21,82,13:40,6333.408,5178.3498,6427.426106737382,4902.208031657718,300.3156381650687,304.2556188741221,267.092820569035,37.16279830508711,74.58312056903499,0.0,0.0,0.0,863.0582999999999,10800.0
2025-12-21,83,13:50,6515.4464,4993.7017,6385.380416686244,4739.578230474172,321.26791269153665,327.8450164839346,253.62411666666662,74.22089981726799,0.0,0.0,0.0,0.0,832.2836166666666,10800.0
2025-12-21,84,14:00,6658.81,4847.5125,6354.426398207717,4516.804594415364,354.4094045349444,0.0,0.0,0.0,0.0,301.8829166666668,0.0,0.0,807.9187499999999,10464.574537037037
2025-12-21,85,14:10,6474.7834,4705.4039,6425.361715789698,4302.175096440679,356.04588284802,0.0,0.0,0.0,0.0,294.8965833333334,0.0,0.0,784.2339833333333,10136.911666666667
2025-12-21,86,14:20,6311.1097,4404.8152,6497.8831023399025,4089.1604997463864,329.68832134557977,0.0,0.0,0.0,0.0,317.71574999999996,0.0,0.0,734.1358666666666,9783.894166666667
2025-12-21,87,14:30,6293.57,3988.3875,6464.090433037679,3868.2721498510123,307.8635547827356,0.0,0.0,0.0,0.0,384.19708333333335,0.0,0.0,664.7312499999999,9357.008518518518
2025-12-21,88,14:40,6241.0875,3658.7815,6331.636950676494,3653.768364201416,295.65579854052817,0.0,0.0,0.0,0.0,430.3843333333332,0.0,0.0,609.7969166666667,8878.803703703703
2025-12-21,89,14:50,6267.633,3321.4365,6352.02908766071,3436.109884692949,271.0845434310907,0.0,0.0,0.0,0.0,491.03274999999996,0.0,0.0,553.5727499999999,8333.211759259259
2025-12-21,90,15:00,6308.83,2957.5875,6483.315983170075,3197.46147567679,250.31786718919082,1422.6953957804126,1391.8737499999997,30.821645780412837,833.3333333333333,0.0,0.0,0.0,492.93125,9083.211759259259
2025-12-21,91,15:10,6184.3165,2665.595,6429.542888681594,2917.6707141903717,238.9725041991532,1458.4741131150627,1419.7869166666665,38.68719644839621,833.3333333333333,0.0,0.0,0.0,444.26583333333326,9833.211759259259
2025-12-21,92,15:20,6249.441,2404.6045,6309.035009875924,2622.5221123636934,221.5382321898726,1484.6751882836836,1474.1394166666666,10.535771617016962,833.3333333333333,0.0,0.0,0.0,400.76741666666663,10583.211759259259
2025-12-21,93,15:30,6412.99,2166.8625,6266.963047527862,2338.711220392315,210.17952858434887,1523.0718926199825,948.5637397119349,574.5081529080476,240.87582304526828,0.0,0.0,0.0,361.14375,10800.0
2025-12-21,94,15:40,6229.2355,1977.0681,6390.494501280707,2097.510284664563,201.84411687704568,1472.1595790075676,708.6945666666666,763.465012340901,0.0,0.0,0.0,0.0,329.51135,10800.0
2025-12-21,95,15:50,6140.1248,1719.0539,6321.482378294016,1839.7502378210734,188.0051886278692,778.2895548501351,736.8451499999999,41.44440485013524,0.0,0.0,0.0,0.0,286.50898333333333,10800.0
2025-12-21,96,16:00,6190.42,1414.8375,6124.079635858477,1552.224016386411,185.15360832808912,792.8348713000256,792.8348713000256,0.0,0.0,3.0955453666410904,0.0,0.0,235.80625,10796.560505148176
2025-12-21,97,16:10,6007.344,1199.0528,6070.056925140036,1264.959193257163,180.0382024487129,830.8559890552642,805.2035276131376,25.65246144212665,3.821660946470931,0.0,0.0,0.0,199.84213333333332,10800.0
2025-12-21,98,16:20,6021.8302,965.9713,6045.919364343428,978.1693319424716,161.16749171771338,871.4862540197784,842.64315,28.843104019778366,0.0,0.0,0.0,0.0,160.99521666666666,10800.0
2025-12-21,99,16:30,6231.28,680.625,6083.018882999093,688.3212267156257,151.02822427949206,924.2876467604931,924.2876467604931,0.0,0.0,0.8215199061735348,0.0,0.0,113.4375,10799.087200104252
2025-12-21,100,16:40,6177.7882,419.0314,6283.98345884745,415.22179191639367,151.75042634362705,1003.418682212447,960.8070221063869,42.611660106060185,1.0142221063870238,0.0,0.0,0.0,69.83856666666667,10800.0
2025-12-21,101,16:50,6130.9976,173.8125,6226.574832227515,164.85957521032208,150.6788591205777,1035.399019356295,992.8641833333332,42.53483602296171,0.0,0.0,0.0,0.0,28.96875,10800.0
2025-12-21,102,17:00,6172.78,0.0,5999.904623218499,3.450248935030967,140.22247808452812,1022.7794753946661,1022.7794753946661,0.0,0.0,6.017191272000559,0.0,0.0,0.0,10793.31423192
2025-12-21,103,17:10,6112.1742,0.0,6065.356744155648,0.0,130.41112769272604,1032.6279786413957,1026.1243312000004,6.503647441395287,7.428631200000382,0.0,0.0,0.0,0.0,10800.0
2025-12-21,104,17:20,6160.7027,6.2009,6132.536539366257,0.0,131.42942176206108,1043.9943268547195,1025.7503,18.24402685471955,0.0,0.0,0.0,0.0,1.0334833333333333,10800.0
2025-12-21,105,17:30,6338.77,0.0,6149.296164119866,0.0,129.97282385070918,1046.5448313284292,1046.5448313284292,0.0,0.0,9.916835338237433,0.0,0.0,0.0,10788.981294068624
2025-12-21,106,17:40,6290.0948,0.0,6248.022543198314,0.0,118.90050694259645,1061.1538416901517,1060.5921399237507,0.5617017664010291,12.243006590417483,0.0,0.0,0.0,0.0,10800.0
2025-12-21,107,17:50,5392.9058,0.4452,5465.547314731912,0.0,96.29172128182896,926.9731726689567,898.7434333333333,28.229739335623435,0.0,0.0,0.0,0.0,0.07419999999999999,10800.0
2025-12-21,108,18:00,4275.8,0.0,4288.009139797787,0.0,74.76261150710525,727.128625217482,712.6333333333333,14.495291884148628,0.0,0.0,0.0,0.0,0.0,10800.0
2025-12-21,109,18:10,4292.4867,0.0,4268.983167928003,0.0,80.66352938126164,724.9411162182107,715.41445,9.526666218210721,0.0,0.0,0.0,0.0,0.0,10800.0
2025-12-21,110,18:20,4489.6396,0.032,4395.926387522449,0.0,92.57341272266264,748.0833000408518,748.0833000408518,0.0,0.0,0.18463329248163518,0.0,0.0,0.005333333333333333,10799.794851897243
2025-12-21,111,18:30,4380.05,0.0,4260.01064670999,0.0,88.25542014869652,724.7110111431144,724.7110111431144,0.0,0.0,5.2973221902188925,0.0,0.0,0.0,10793.908938352555
2025-12-21,112,18:40,4406.0663,0.0,4278.4189290241375,0.0,93.14519898048133,728.594021334103,728.594021334103,0.0,0.0,5.750361999230336,0.0,0.0,0.0,10787.5196472423
2025-12-21,113,18:50,4500.5016,0.0023,4289.934133872544,0.0,110.70115558656173,206.92772335273241,206.92772335273241,0.0,0.0,543.1554933139341,0.0,0.0,0.0003833333333333333,10184.01354356015
2025-12-21,114,19:00,4490.76,0.0,4248.20191192346,0.0,112.50874173359739,0.0,0.0,0.0,0.0,748.46,0.0,0.0,0.0,9352.391321337927
2025-12-21,115,19:10,4334.8994,0.0,4293.644035114661,0.0,87.87522448205875,0.0,0.0,0.0,0.0,722.4832333333334,0.0,0.0,0.0,8549.632173189779
2025-12-21,116,19:20,4356.9931,0.0,4381.262349643502,0.0,75.09138773526993,0.0,0.0,0.0,0.0,726.1655166666666,0.0,0.0,0.0,7742.781599115705
2025-12-21,117,19:30,4466.59,0.0,4399.4608943795365,0.0,86.1102335437455,0.0,0.0,0.0,0.0,744.4316666666666,0.0,0.0,0.0,6915.635302819409
2025-12-21,118,19:40,4301.5722,0.0,4293.475994803034,0.0,80.03435680008586,0.0,0.0,0.0,0.0,716.9286999999999,0.0,0.0,0.0,6119.047858374965
2025-12-21,119,19:50,4398.717,0.0,4245.821012166416,0.0,77.82459461734668,0.0,0.0,0.0,0.0,733.1194999999999,0.0,0.0,0.0,5304.470636152742
2025-12-21,120,20:00,4681.61,0.0,4324.350778516147,0.0,96.69439043173753,0.0,0.0,0.0,0.0,780.2683333333332,0.0,0.0,0.0,4437.505821337928
2025-12-21,121,20:10,4485.5154,0.0,4441.400630427265,0.0,106.72617250443496,0.0,0.0,0.0,0.0,747.5859,0.0,0.0,0.0,3606.854821337928
2025-12-21,122,20:20,4156.9026,0.0,4406.868799514497,0.0,107.7700966004426,0.0,0.0,0.0,0.0,692.8171,0.0,0.0,0.0,2837.0580435601505
2025-12-21,123,20:30,4090.51,0.0,4333.28812785847,0.0,107.6941277981156,0.0,0.0,0.0,0.0,681.7516666666667,0.0,0.0,0.0,2079.5561917082987
2025-12-21,124,20:40,4322.2266,0.0,4262.749159700562,0.0,112.07803036289671,0.0,0.0,0.0,0.0,720.3711,0.0,0.0,0.0,1279.1438583749655
2025-12-21,125,20:50,4336.801,0.0,4297.875385026698,0.0,118.2539269824498,736.0215520015246,736.0215520015246,0.0,13.221385334857928,0.0,0.0,0.0,0.0,1291.0431051763376
2025-12-21,126,21:00,4144.46,0.0,4332.29875141678,0.0,118.89640128995103,741.8658587844552,741.8658587844552,0.0,51.122525451121874,0.0,0.0,0.0,0.0,1337.0533780823473
2025-12-21,127,21:10,4227.261,0.0,4256.512456161865,0.0,120.32437152250719,729.4728046140619,729.4728046140619,0.0,24.929304614061948,0.0,0.0,0.0,0.0,1359.4897522350032
2025-12-21,128,21:20,4326.9643,0.0,4239.289370925248,0.0,123.7783466790234,727.1779529340452,727.1779529340452,0.0,6.017236267378621,0.0,0.0,0.0,0.0,1364.905264875644
2025-12-21,129,21:30,4357.83,0.0,4357.969442644797,0.0,130.32658542910693,748.0493380123172,748.0493380123172,0.0,21.744338012317257,0.0,0.0,0.0,0.0,1384.4751690867295
2025-12-21,130,21:40,4437.1142,0.0,4435.092221030029,0.0,134.84013541527992,761.6553927408847,761.6553927408847,0.0,22.13635940755148,0.0,0.0,0.0,0.0,1404.3978925535257
2025-12-21,131,21:50,4070.9954,0.0,4016.025048719391,0.0,109.03119907071641,687.5093746316845,687.5093746316845,0.0,9.0101412983513,0.0,0.0,0.0,0.0,1412.5070197220418
2025-12-21,132,22:00,3434.4,0.0,3361.5801954116673,0.0,68.6012314460852,1405.0302378096253,1405.0302378096253,0.0,832.6302378096253,0.0,0.0,0.0,0.0,2161.8742337507047
2025-12-21,133,22:10,3270.5539,0.0,3315.15267862361,0.0,55.55757879218038,1395.118376235965,1378.42565,16.692726235964983,833.3333333333333,0.0,0.0,0.0,0.0,2911.8742337507047
2025-12-21,134,22:20,3305.0168,0.0,3442.6661728801278,0.0,60.395044405963375,1417.1768695476817,1384.1694666666665,33.007402881015196,833.3333333333333,0.0,0.0,0.0,0.0,3661.8742337507047
2025-12-21,135,22:30,3255.6,0.0,3393.4645362569822,0.0,63.29453854484716,1409.4598458003047,1375.9333333333332,33.52651246697155,833.3333333333333,0.0,0.0,0.0,0.0,4411.874233750705
2025-12-21,136,22:40,3155.514,0.0,3297.7448601047126,0.0,67.42139278460613,1394.194375481553,1359.2523333333334,34.94204214821957,833.3333333333333,0.0,0.0,0.0,0.0,5161.874233750705
2025-12-21,137,22:50,3260.3635,0.0,3279.194455323769,0.0,80.11734223509484,1393.2186329264773,1376.72725,16.4913829264774,833.3333333333333,0.0,0.0,0.0,0.0,5911.874233750705
2025-12-21,138,23:00,3508.97,0.0,3375.3722374680765,0.0,94.40298796147411,1244.9625375715918,1244.9625375715918,0.0,660.1342042382586,0.0,0.0,0.0,0.0,6505.9950175651375
2025-12-21,139,23:10,3554.7154,0.0,3489.7606034560426,0.0,101.89837553563132,1431.9431631652787,1425.7858999999999,6.157263165278891,833.3333333333333,0.0,0.0,0.0,0.0,7255.9950175651375
2025-12-21,140,23:20,3395.6628,0.0,3547.817621660733,0.0,102.46380769667765,1441.7135715595682,1399.2771333333333,42.43643822623494,833.3333333333333,0.0,0.0,0.0,0.0,8005.9950175651375
2025-12-21,141,23:30,3305.59,0.0,3524.203200110786,0.0,96.71085049951535,1436.8190084350501,1384.2649999999999,52.554008435050264,833.3333333333333,0.0,0.0,0.0,0.0,8755.995017565137
2025-12-21,142,23:40,3539.7613,0.0,3451.2959263629023,0.0,91.39941571344596,1423.7825570127247,1423.2935499999999,0.48900701272486913,833.3333333333333,0.0,0.0,0.0,0.0,9505.995017565137
2025-12-21,143,23:50,3571.991,0.0,3511.610601487378,0.0,101.91888040254372,1435.5882469816536,1428.6651666666667,6.923080314986919,833.3333333333333,0.0,0.0,0.0,0.0,10255.995017565137
2025-12-21,144,00:00,3464.4,0.0,3595.4699384024166,0.0,112.1213752174061,1451.265218936637,1181.8499804831806,269.41523845345637,604.4499804831806,0.0,0.0,0.0,0.0,10800.0
