date,x_plan_kwh,C_plan_yuan,C_adjust_yuan,C_grid_yuan,e_emergency_kwh,C_emer_yuan,C_total_yuan,r_purchase_waste_kwh,w_pv_waste_kwh,u_charge_kwh,v_discharge_kwh,E_start_kwh,E_end_kwh,L_energy_kwh,P_act_energy_kwh
2025-02-01,42267.20400762825,17987.122708702045,0.0,17987.122708702045,0.0,0.0,17987.122708702045,1512.9730984424114,2728.66626054171,19196.7827121621,15549.3939968513,10800.0,10800.0,76305.20628333333,41927.03035
2025-02-02,89091.88894622425,62250.17430234254,0.0,62250.17430234254,0.0,0.0,62250.17430234254,6275.363686764681,59.174066666666704,23163.543383120596,18762.470140327678,10800.0,10800.0,121705.97265,43349.69469999999
2025-02-03,88423.71266864782,62780.03498732285,57.56486116142261,62837.599848484264,0.0,0.0,62837.599848484264,3987.7338261195996,0.0,22521.91638362136,18242.752270733305,10800.0,10800.0,122603.769,42386.85249999999
2025-02-04,88298.7535076712,62462.10129175522,89.89994091091195,62552.00123266613,0.0,0.0,62552.00123266613,2489.0443551892167,0.0,25016.326435961615,20354.614409941467,10800.0,10698.455559097161,121578.09884999998,40383.2349
2025-02-05,83686.57656710006,58350.95650616015,2173.8819691910203,60524.83847535119,968.1113138465378,5441.930306182966,65966.76878153416,800.939995588874,0.0,24397.64309397751,19781.819094733837,10698.455559097161,10676.535349528212,121991.08443333334,41242.65745
2025-02-06,85598.20394705333,60361.36578956009,422.705975644183,60784.0717652043,81.0540704574618,512.1001706377208,61296.17193584202,1461.0670931717868,0.0,24718.887883660987,20168.316663363883,10676.535349528212,10514.293707752118,122252.1627,41981.10548333333
2025-02-07,38149.92760570819,15914.642331208219,182.002556698008,16096.644887906226,200.04847886168167,828.2338933268215,16924.87878123305,305.32762752502447,2868.5019326065785,20188.014169328595,16674.22621514772,10514.293707752118,10156.588443317054,76168.59693333332,44362.91726666666
2025-02-08,34732.604943280356,13964.661442994788,2391.7720845730296,16356.433527567819,323.8895976966757,1607.4640733686015,17963.89760093642,42.94300139581094,1199.1951601615278,21746.033032298106,17283.599572779734,10156.588443317054,10524.018647074538,75746.78751666666,44169.6248
2025-02-09,79671.01120983412,55001.35474146097,5421.779392669982,60423.13413413095,394.75621101682503,1990.574092649015,62413.70822677997,237.69050435132462,0.0,24911.096697271096,20330.256059286407,10524.018647074538,10354.832275411412,121547.90356666666,41992.48759999999
2025-02-10,81366.68730491347,55648.999982483874,974.1844960238344,56623.18447850772,0.0,0.0,56623.18447850772,3216.7672035304086,328.1247000000001,20973.138822823286,16698.173035997326,10354.832275411412,10677.131620399783,121477.56451666665,47150.92693333333
2025-02-11,80170.88998013506,54998.23429465846,1011.0217827875874,56009.25607744605,271.64065043822245,1405.4343456310755,57414.690423077125,1545.4489491734607,0.0,23301.167950822288,18964.77155447837,10677.131620399783,10576.214382274988,121441.28161666667,46220.68448333333
2025-02-12,81374.10201750233,55672.135003578536,576.8962597836156,56249.03126336214,10.432783395604702,56.5874171377599,56305.6186804999,2213.405719607048,163.38428333333331,22688.648879475633,18497.79194687592,10576.214382274988,10442.896210607585,121363.85288333334,46097.116749999994
2025-02-13,81313.39508404801,55067.91841042365,1035.6731720670552,56103.591582490706,0.0,0.0,56103.591582490706,6003.938928804361,401.75736666666694,20099.800000453048,15959.444589913805,10442.896210607585,10800.0,121310.28371666666,49980.80469999999
2025-02-14,36350.810817424885,15192.092953565803,1347.1515327469185,16539.244486312724,0.0,0.0,16539.244486312724,423.5666041117574,3231.04783279171,20747.656277968876,16805.601585154793,10800.0,10800.0,75872.63794999999,46070.83613333333
2025-02-15,35608.96838321406,15207.732127995345,1915.1431911142236,17122.875319109567,0.0,0.0,17122.875319109567,130.72896588289996,4033.903830319601,19278.716939363374,15627.45074116512,10800.0,10787.011088576905,76054.55225,46774.46115
2025-02-16,81423.78082459397,55778.33408680428,1555.7706892039143,57334.104776008186,14.050303401570659,75.07779622629282,57409.18257223448,2809.1667395181157,17.206249999999955,21486.630263031984,17392.48049277512,10787.011088576905,10800.0,121276.97728333331,45899.59818333333
2025-02-17,81320.4119823843,55041.35444295243,1287.3507446046349,56328.705187557076,16.694513422821956,89.08192362417795,56417.78711118126,6051.242427292115,882.1082833333332,20427.21404465674,16546.043376171958,10800.0,10800.0,120960.37281666666,49776.50964999999
2025-02-18,76546.68123413419,51157.48868031714,3071.5203886383943,54229.009068955536,6.867537074033976,34.996968929277145,54264.006037884814,2338.3996660616313,241.45472736625413,19619.62509149471,15891.896324110712,10800.0,10800.0,121331.27123333333,49239.883449999994
2025-02-19,76052.2195951163,50407.665507171354,3521.534457206323,53929.19996437769,38.99495424988097,206.30049924963663,54135.50046362732,1325.7503224453008,0.0,21952.36576564538,17781.416270172755,10800.0,10800.0,121866.79411666666,48987.466733333335
2025-02-20,77819.09381797971,52218.32883973223,1310.0717923533005,53528.40063208552,48.93628684981297,274.5570373708757,53802.957669456395,3298.772511186383,391.814483333333,20692.67993102834,16761.070744132958,10800.0,10800.0,121105.25703333333,50112.12329999999
2025-02-21,35498.67159810696,15065.470805729237,1757.0935027313008,16822.56430846054,0.0,0.0,16822.56430846054,1005.6220318275515,6705.071269087332,18702.56594657221,15149.078416723492,10800.0,10800.0,75802.00203333332,50241.74
2025-02-22,35555.71950048784,15208.992518585786,1870.1478916729352,17079.140410258722,0.0,0.0,17079.140410258722,959.3892231920897,4507.743536098407,19345.782464571905,15670.083796303237,10800.0,10800.0,75682.24226666667,47837.47938333333
2025-02-23,77668.67455117835,51722.411912293035,2238.60512435201,53961.01703664504,22.13503095425881,114.43811003351804,54075.455146678556,3085.122038733001,417.62383333333355,20866.70841254046,16902.033814157774,10800.0,10800.0,121142.14093333333,49610.287249999994
2025-02-24,75147.29174653895,49817.51979089758,1385.2702012989641,51202.78999219654,41.82843512260297,213.72238925893987,51416.51238145548,2952.0877697982664,969.0918530326775,20547.659481664898,16643.604180148566,10800.0,10800.0,120628.98854999998,52425.954933333334
2025-02-25,75141.4070390401,48706.732260496,1334.9582359585934,50041.69049645458,53.59598144679228,276.7083989212772,50318.39889537586,4911.032325265642,1310.222985745402,20344.68616414825,16479.195792960087,10800.0,10800.0,121093.33288333332,55272.00965
2025-02-26,71113.28077908512,46392.17780278245,3339.982079181568,49732.15988196403,6.478115872737931,33.611704205700754,49765.77158616973,690.9897040932415,0.0,21926.609265572286,17760.55350511356,10800.0,10800.0,121060.73411666666,52245.88608333333
2025-02-27,71172.02412998832,45187.15213509716,1919.9725864824077,47107.12472157958,518.7934948105722,2719.224566627215,49826.349288206795,1680.4541511581901,0.0,22083.021098705587,17887.247089951525,10800.0,10800.0,120599.48893333334,53642.90473333333
2025-02-28,34288.9887360486,13935.840478636841,1876.3895245221295,15812.23000315897,0.0,0.0,15812.23000315897,998.4282350202684,7825.681534754066,19131.979465388107,15496.903366964367,10800.0,10800.0,75385.10795,52092.51439999999
2025-03-01,34506.51942712387,14208.534611341422,598.544784216848,14807.07939555827,0.0,0.0,14807.07939555827,390.2009471167051,7206.140878164635,19187.537032464905,15541.904996296576,10800.0,10800.0,72244.16014999998,48585.39421666667
2025-03-02,73731.48412020507,48162.75472878521,5481.514461247409,53644.2691900326,188.21646454580753,920.2971885793551,54564.566378611955,1364.9593076529268,0.0,20423.632637793147,16892.96368462609,10800.0,10411.309724429288,117860.41708333333,45502.110016666666
2025-03-03,76847.63049221369,50401.85983656919,1973.7818926016662,52375.64172917085,154.11017328434502,747.023996751413,53122.66572592226,1834.7446719261548,184.4892666666666,23160.222520743355,18875.33120197533,10411.309724429288,10282.919768681268,117958.7456,45941.59896666666
2025-03-04,74720.92295793802,48929.75352158819,2670.72108490729,51600.47460649547,0.6247333333334382,3.1064865000005213,51603.58109299547,2187.311759830586,656.2319619912196,20197.098144518706,15894.27728887329,10282.919768681268,10800.0,118139.02498333334,48939.56705
2025-03-05,73841.6352834838,47155.98461714309,1942.826742010611,49098.811359153704,6.618300000000204,32.736535900001016,49131.54789505371,4319.340800266928,625.9976666666664,20738.288816799803,16798.013941607845,10800.0,10800.0,118073.44383333332,51942.971816666664
2025-03-06,69292.00415969608,43925.92134768419,3376.6985827354133,47302.6199304196,0.0,0.0,47302.6199304196,1418.3175869500387,803.271483333333,20156.189427066278,16875.19475146295,10800.0,10190.354093845257,117673.59855,51732.944416666665
2025-03-07,33204.742694834706,13315.690793600848,829.4702219816975,14145.161015582547,0.0,0.0,14145.161015582547,372.9860208335837,8347.277673968827,18949.369535672555,14800.308008355503,10190.354093845257,10800.0,71680.36145,50758.07591666667
2025-03-08,30693.332164230764,12324.14458579275,3170.8257076765512,15494.9702934693,0.0,0.0,15494.9702934693,601.8857100863972,10067.667477484687,18895.245138015605,15305.148561792643,10800.0,10800.0,72344.71158333334,53281.57206666666
2025-03-09,69167.24925034196,42971.529866920515,3369.5348818584303,46341.064748778954,0.0,0.0,46341.064748778954,2611.330316543299,1407.4223857196887,20815.651037158266,16860.6773400982,10800.0,10800.0,117692.9865,54359.461449999995
2025-03-10,67267.2655660035,43440.77239684193,6098.651440504557,49539.42383734648,0.0,0.0,49539.42383734648,62.98924613718651,0.0,21444.947062660947,17721.120369369404,10800.0,10410.318612651066,117943.06436666666,49900.99291666666
2025-03-11,66887.9745368207,42384.392151915454,3540.5034013214186,45924.89555323687,0.0,0.0,45924.89555323687,850.231417298045,648.8275379242988,20507.704017871678,16316.278105828951,10410.318612651066,10738.054333370079,117499.55295,53560.63415
2025-03-12,68819.68606561914,43399.00085093703,2010.3470430092755,45409.34789394631,0.0,0.0,45409.34789394631,2301.472609798569,1533.1465166666665,20301.290148099768,16395.755310089255,10738.054333370079,10791.709566560696,118112.23683333333,55676.70215
2025-03-13,68091.67343951708,43724.15943329726,4221.552924279647,47945.7123575769,0.0,0.0,47945.7123575769,217.41154123176165,0.0,21312.370181466184,17556.106894542296,10791.709566560696,10466.057291499925,118237.27705,50691.65903333333
2025-03-14,32341.626826192736,13174.939375594744,1480.4435125842315,14655.382888178978,0.0,0.0,14655.382888178978,1121.2446062154243,12506.303341071018,18291.832502026402,14515.835888991314,10466.057291499925,10800.0,72108.86895,56079.44296666667
2025-03-15,31783.75499605178,13252.07595627471,1825.6081956752414,15077.68415194995,0.0,0.0,15077.68415194995,853.2878307249939,7950.35783480492,18670.92215742946,15166.67738893799,10800.0,10751.966176199863,72724.98178333332,51800.85663333333
2025-03-16,67998.83061907665,43139.88012774072,2495.4785927290704,45635.35872046977,1.6400000000001,8.081100000000493,45643.43982046977,2392.9373738189097,191.97459201316315,20120.764355011466,16254.588686139163,10751.966176199863,10800.0,117983.21598333333,54632.16905
2025-03-17,67552.0754977307,41880.53452087897,1190.0731898366657,43070.607710715645,0.0,0.0,43070.607710715645,4928.562518017336,2009.6780653908954,18325.337412847253,14843.523304406277,10800.0,10800.0,117693.6218,59835.490366666665
2025-03-18,66847.34391867135,41885.71439178238,1024.9783012477453,42910.69269303012,134.27935913608422,661.2019157025929,43571.89460873271,2430.1229751949945,152.2479218993226,20276.7313867646,16424.152423279327,10800.0,10800.0,117253.42358333332,56127.465216666664
2025-03-19,62122.08016354246,38862.44767566637,3600.203078890047,42462.65075455641,0.0,0.0,42462.65075455641,2055.524215373988,0.0,19738.866438046967,15988.481814818046,10800.0,10800.0,117281.55799999999,57816.08755
2025-03-20,64876.426617888996,40819.56858566119,2537.447309546469,43357.015895207645,0.0,0.0,43357.015895207645,920.6473427693345,0.0,20857.929474585304,16894.9228744141,10800.0,10800.0,117648.38173333331,55439.41991666666
2025-03-21,30457.643585880673,12253.743244386282,2074.3259551821125,14328.069199568396,0.0,0.0,14328.069199568396,1010.8951712935118,15577.991455095904,18477.82492545517,14968.51322868634,10800.0,10798.361067702612,72593.53221666666,60560.06769999999
2025-03-22,31257.18996423622,12961.26451827823,1085.5779610650732,14046.842479343306,0.0,0.0,14046.842479343306,978.9166021525915,11752.906783348646,18311.07640251828,14856.496459352176,10798.361067702612,10771.111541799977,71936.92953333333,56055.7298
2025-03-23,64944.65301049698,40181.03522607937,2287.5345513291045,42468.569777408484,0.0,0.0,42468.569777408484,2799.1278151129636,1212.1587475860874,19529.330797753173,15792.758333800051,10771.111541799977,10800.0,117739.97726666665,58970.257150000005
2025-03-24,62229.89856720367,38747.56422723913,2386.912777569937,41134.477004809065,0.0,0.0,41134.477004809065,1080.5137387379318,1169.1045287181312,20321.757498708987,16460.623573954283,10800.0,10800.0,117425.17061666667,59426.67353333333
2025-03-25,64057.84174701384,39842.14664772159,2433.599582051092,42275.746229772674,0.0,0.0,42275.746229772674,649.9094910936146,223.27525036726024,20039.61881482599,16232.091240009053,10800.0,10800.0,118053.16781666665,57103.043099999995
2025-03-26,61311.10724501246,38071.856600852494,2505.8012860404206,40577.65788689292,0.0,0.0,40577.65788689292,2481.2077725267695,1445.5634492242102,18529.31483892426,15008.745019528653,10800.0,10800.0,117704.62779999999,62112.07293333333
2025-03-27,62175.747641409485,38303.847096832746,2417.366261249577,40721.213358082314,0.0,0.0,40721.213358082314,1457.3414328075787,0.0,19410.153392931883,15722.224248274833,10800.0,10800.0,117952.59836666666,59235.60896666667
2025-03-28,30364.5125259875,12177.64796241526,1698.2357434330827,13875.883705848342,0.0,0.0,13875.883705848342,1240.0841520577767,16129.672980792622,18239.959504442813,14774.367198598677,10800.0,10800.0,71891.76726666666,61069.8865
2025-03-29,30204.478709202816,11982.37481929446,1846.9798542795604,13829.354673574018,0.0,0.0,13829.354673574018,746.7150729876017,19704.60999028566,18216.383672628664,14755.270774829223,10800.0,10800.0,72118.27746666667,64411.06828333333
2025-03-30,59954.04483749259,36387.905461415576,1948.9698749413155,38336.87533635689,0.0,0.0,38336.87533635689,1268.3436700050488,949.6224541051408,19103.44949190587,15473.794088443758,10800.0,10800.0,117994.70585,62649.086149999996
2025-03-31,56574.94825632501,35070.748508742596,4713.275881193348,39784.02438993594,0.0,0.0,39784.02438993594,638.5218438172254,47.52923596249366,19507.503664629334,15801.077968349771,10800.0,10800.0,117075.66561666667,60124.27613333333
2025-04-01,62466.067424608846,39052.04890277046,3636.077278750984,42688.126181521475,0.0,0.0,42688.126181521475,932.3655760766544,735.8797462414093,18039.226785285653,14611.773696081382,10800.0,10800.0,117967.1463,57758.29478333333
2025-04-02,61568.47837523384,37787.2490116653,4594.61695519166,42381.86596685694,60.33001998223235,296.4991496887523,42678.36511654569,1334.9014364808172,0.0,19810.897203366505,16046.82673472687,10800.0,10800.0,117986.62945,57551.29404999999
2025-04-03,62417.36281799577,38904.9586442004,1155.64774777862,40060.60639197902,0.0,0.0,40060.60639197902,1807.563931708663,1806.4394399047756,19121.219313107344,15488.18764361695,10800.0,10800.0,117884.45609999998,62020.92583333333
2025-04-04,29542.823848475728,11658.915857647098,1022.9132969682406,12681.829154615338,0.0,0.0,12681.829154615338,814.9357270568114,19530.375802862003,18572.906539802796,15044.054297240269,10800.0,10800.0,71735.75181666667,65304.949566666655
2025-04-05,29394.401473562382,11901.20922176838,1221.7258964296236,13122.935118198,0.0,0.0,13122.935118198,256.58053421130944,14614.5319793241,18619.12553298461,15081.49168171754,10800.0,10800.0,72602.74256666665,60558.62758333332
2025-04-06,59877.682263503186,36726.75405862771,1207.1966901379255,37933.95074876562,0.0,0.0,37933.95074876562,796.7580385763556,1674.5661235244652,19964.70805291467,16171.413522860881,10800.0,10800.0,117205.43058333333,62795.354316666664
2025-04-07,56988.08045452867,35177.56803970408,2491.940878569196,37669.50891827326,0.0,0.0,37669.50891827326,1180.1459278139087,1278.5730296737393,18440.46746455209,14936.778646287195,10800.0,10800.0,117015.14203333334,63772.422750000005
2025-04-08,59108.65850923961,36048.0185679513,946.4181377868715,36994.436705738175,0.0,0.0,36994.436705738175,1374.6897128078558,288.7766298023464,20362.18421302882,16586.175665890536,10800.0,10696.881718514225,117713.29026666666,63360.09664999999
2025-04-09,58449.355025849654,35859.68844943222,5006.662219325385,40866.35066875761,0.0,0.0,40866.35066875761,487.590020823764,0.0,19666.137615406136,15887.458405899002,10696.881718514225,10743.67401026975,117677.52253333332,58543.21151666666
2025-04-10,59117.816811597775,36361.87715581295,2095.5029700111527,38457.3801258241,0.0,0.0,38457.3801258241,1779.1712841962428,1189.4347225198999,19131.341514950174,15445.69323635242,10743.67401026975,10800.0,117668.70068333333,63208.06278333333
2025-04-11,28724.52395054057,11357.549687025434,1592.5906696924988,12950.140356717937,0.0,0.0,12950.140356717937,582.4377148160825,20697.18193963362,18296.05373223681,14819.803523111816,10800.0,10800.0,72091.99675,66775.34658333333
2025-04-12,29120.035085878608,11594.285627769752,726.9522924542117,12321.237920223964,0.0,0.0,12321.237920223964,596.426623145481,16619.11222998966,18000.17098388799,14600.332988300359,10800.0,10777.561676276568,71957.17576666665,62932.01521666667
2025-04-13,56878.645797920806,34793.280446009965,1912.6244526219964,36705.90489863195,0.0,0.0,36705.90489863195,527.6072441641254,0.0,19871.9485795059,16076.083858048685,10777.561676276568,10800.0,117283.06219999999,63006.703716666656
2025-04-14,57099.939778264226,34792.12130407022,1479.386756346441,36271.50806041666,0.0,0.0,36271.50806041666,1728.1873449520126,267.9291269139122,18989.692445565703,15381.650880908219,10800.0,10800.0,117901.37268333332,65373.34088333332
2025-04-15,55599.75306634557,33837.16147620993,892.1571560010498,34729.318632210976,0.0,0.0,34729.318632210976,1130.735537915758,1706.6826700365634,19044.47780340174,15426.027020755417,10800.0,10800.0,117056.90516666666,66917.47633333332
2025-04-16,56917.429741968816,34831.5371079547,2588.910422171576,37420.447530126265,0.0,0.0,37420.447530126265,152.36888458849944,0.0,19396.142949354427,15710.875788977082,10800.0,10800.0,117924.88506666665,62145.29311666667
2025-04-17,55146.205937657316,33631.90420437447,1933.2702382972325,35565.174442671705,0.0,0.0,35565.174442671705,833.3438863849946,0.0,20350.31517286349,16483.75529001943,10800.0,10800.0,117487.04263333333,64618.700283333324
2025-04-18,28227.554132003315,10961.709923500892,1194.2492889759053,12155.959212476797,0.0,0.0,12155.959212476797,1016.118031950677,18420.663678302793,18263.62498977155,14793.536241714955,10800.0,10800.0,71490.16935,65136.05216666666
2025-04-19,28054.459217941243,11025.76677296182,696.8026619437253,11722.569434905547,0.0,0.0,11722.569434905547,708.8426872833061,17608.721516654583,18543.26304116108,15036.725536233567,10800.0,10781.46391900767,71905.41535,65120.736099999995
2025-04-20,55129.10872603064,33750.74606608712,1188.4573980619286,34939.203464149046,0.0,0.0,34939.203464149046,472.53788559998736,0.0,19540.184627695093,15810.867075539927,10781.46391900767,10800.0,117197.81635000001,65240.07146666667
2025-04-21,56499.73119143503,33822.821537375814,677.3780434765891,34500.19958085239,0.0,0.0,34500.19958085239,1519.7983797505703,3205.56015488107,19089.110290565266,15462.179335357872,10800.0,10800.0,118481.63788333331,69964.7275
2025-04-22,53132.713050578655,32907.16267595958,2955.347534634828,35862.51021059442,0.0,0.0,35862.51021059442,422.99438432021407,0.0,19157.525996726705,15517.59605734863,10800.0,10800.0,117811.00101666666,65658.0717
2025-04-23,53198.75504178101,32737.28902387696,2705.8230852055144,35443.11210908249,0.0,0.0,35443.11210908249,1130.516144527829,90.06371646569028,18587.617061995385,15055.969820216262,10800.0,10800.0,118030.51476666666,66630.59805
2025-04-24,53226.273545016506,32526.438131895145,323.531941783304,32849.97007367845,0.0,0.0,32849.97007367845,722.6333028340778,2030.0901187607806,18806.049904458647,15232.900422611507,10800.0,10800.0,117497.77966666667,70407.67296666667
2025-04-25,27282.141456056357,10345.72052846827,189.02142438812524,10534.741952856393,0.0,0.0,10534.741952856393,153.46343627368952,21793.00369700983,18716.59995479647,15247.202254436295,10800.0,10703.604121054275,71763.3212,69762.96354999999
2025-04-26,27164.359893097175,10718.57484199484,657.3346702552432,11375.909512250082,0.0,0.0,11375.909512250082,84.70691700011685,24245.751542142592,18901.21369350399,15477.400211282678,10703.604121054275,10517.585099338223,72100.92436666667,72030.73073333333
2025-04-27,51450.56203538397,31255.62256260966,2342.3135030498574,33597.936065659516,0.0,0.0,33597.936065659516,136.06787818230782,735.0288143984576,20954.64931481822,16868.692484930005,10517.585099338223,10633.777832752396,117032.52253333334,68459.05135
2025-04-28,54109.45658731053,33156.778606756794,6806.261802968826,39963.04040972562,0.0,0.0,39963.04040972562,215.14373897455027,0.0,19760.041088630063,15856.03333126751,10633.777832752396,10800.0,117537.3008,60915.33348333332
2025-04-29,53226.358953952324,32269.04259646876,851.9107247697998,33120.95332123855,0.0,0.0,33120.95332123855,190.2794448111067,3168.2663440687234,18977.92334596227,15372.11791022944,10800.0,10800.0,117252.75871666666,69819.545
2025-04-30,51924.70567532671,31452.18791005047,287.8078631301015,31739.995773180577,0.0,0.0,31739.995773180577,594.3571353075006,0.0,19044.623037437916,15559.349775773871,10800.0,10651.99431616761,117682.88071666665,69426.02628333334
2025-05-01,51343.18602021647,32391.825679244575,2220.3095679565004,34612.13524720108,1362.2122204638226,8494.024827408832,43106.16007460991,1.1368683772161603e-13,870.8159935338856,20476.38320246915,17350.310850472684,10651.99431616761,9802.616031197977,120364.58391666666,69353.20511666666
2025-05-02,27994.521845832496,11603.821032346223,1474.145394215972,13077.966426562187,1118.1855896692607,5864.813511533619,18942.779938095806,0.0,12759.917465226477,19721.660747301215,15745.436285250826,9802.616031197977,10057.181497934818,74761.02673333333,60470.70664999999
2025-05-03,28747.50969994581,11907.206851832016,226.46905753549754,12133.67590936751,643.4988237196918,2717.6785565923433,14851.354465959854,2.9488869284778048,17942.940857319223,18583.647154493636,15593.50079384314,10057.181497934818,9456.351943820051,74894.84928333333,66027.67763333333
2025-05-04,61006.82665826278,38167.35074989471,0.0,38167.35074989471,0.0,0.0,38167.35074989471,2751.458391922573,3241.9934499999995,17369.80951996845,14091.102036961578,9456.351943820051,9432.400470723238,120670.08423333333,68935.4169
2025-05-05,59653.27635546886,37253.1881942082,343.5007618118875,37596.68895602009,0.0,0.0,37596.68895602009,924.8848902905318,0.0,20948.14739295058,16752.737369815746,9432.400470723238,9671.580491250152,120612.16386666667,65536.15706666667
2025-05-06,57225.38802744008,36536.31169355706,719.4255827998268,37255.737276356886,0.0,0.0,37255.737276356886,974.17560593995,929.9634500542095,20054.774250909875,16467.699549048826,9671.580491250152,9423.43337368146,121017.19009999999,68147.10773333334
2025-05-07,58102.9751749502,36649.34852270822,1083.7213036620851,37733.0698263703,534.4844189803737,3372.084291589891,41105.15411796019,551.3467166593831,242.68027547112456,20640.374166166286,16129.7116397608,9423.43337368146,10077.868301274675,121160.21501666667,66092.36906666667
2025-05-08,62361.25403132064,40064.12575631611,0.0,40064.12575631611,0.0,0.0,40064.12575631611,1401.0912537601944,968.6248353182216,18500.56322836544,14335.537686123214,10077.868301274675,10800.0,120445.47738333332,64618.964983333324
2025-05-09,31410.1624784982,13983.290485886933,0.0,13983.290485886933,0.0,0.0,13983.290485886933,956.1861720574693,18571.234314929592,17807.137586900746,14423.78144538961,10800.0,10800.0,74253.82544999999,65754.4396
2025-05-10,31130.48540743712,14081.979823165415,0.0,14081.979823165415,0.0,0.0,14081.979823165415,401.59029232718865,15242.475799422427,17712.494907127184,14347.120874773018,10800.0,10800.0,74647.98705,62526.941766666656
2025-05-11,59693.80289792532,37829.62286857547,642.7877759083831,38472.410644483854,59.51626666666675,396.62748059166734,38869.03812507552,573.3165879068681,1340.3414356911876,18642.69859120775,15430.557737824081,10800.0,10433.364578949111,120743.09041666667,65259.01133333333
2025-05-12,57760.155334720635,36763.30977369141,2105.0482718720928,38868.358045563495,0.0,0.0,38868.358045563495,2429.6581122616817,2578.64265,17255.670830249946,13716.547346320853,10433.364578949111,10722.860163595338,120448.60361666666,68517.40838333333
2025-05-13,58315.71421056692,36626.84235511252,69.20596754294657,36696.04832265547,0.0,0.0,36696.04832265547,994.3138900914491,749.3133441665291,18755.577462457142,15206.921087030756,10722.860163595338,10706.300894217044,120269.6316,67140.41883333333
2025-05-14,56698.52619954005,35653.41084736748,1567.0834882906288,37220.49433565811,0.0,0.0,37220.49433565811,1414.65555853674,1417.8714916793974,18538.56248017979,15185.35083905896,10706.300894217044,10518.395082980012,120592.00526666666,67577.85648333334
2025-05-15,57016.90286061553,37037.6766099767,1557.2069403064284,38594.88355028312,0.0,0.0,38594.88355028312,1632.128461182071,1000.4850354377734,19764.743348054013,15755.997686605759,10518.395082980012,10800.0,119598.30981666666,66833.25153333333
2025-05-16,29977.13577868618,13341.200300745506,27.860925292937143,13369.061226038442,0.0,0.0,13369.061226038442,703.5353751743485,23214.38577618564,17889.819057683617,14490.753436723731,10800.0,10800.0,74681.34474999999,71965.83821666666
2025-05-17,30194.91597544596,13763.297803941312,151.32597005559109,13914.623773996904,0.0,0.0,13914.623773996904,342.0530101549077,16193.741255135372,18420.603260720163,14943.64037030717,10800.0,10774.498078751292,75274.53043333333,64825.73134999999
2025-05-18,57578.41816248894,36322.7549060526,1102.1548799176524,37424.90978597027,5.236666666666679,34.42846500000008,37459.338250970264,1599.4247731223636,0.0,18205.79974068358,14723.746060829864,10774.498078751292,10800.0,120687.037,67010.8689
2025-05-19,55449.91844023659,35151.42925545775,31.284964244734276,35182.71421970249,79.23650000000009,550.829460833334,35733.54368053582,659.4961036434921,4062.845188805826,17612.00805792909,14265.726526922566,10800.0,10800.0,120072.38798333332,72557.17143333334
2025-05-20,54129.46501332492,34219.572983446276,3990.161214401918,38209.7341978482,0.0,0.0,38209.7341978482,70.4931733959873,0.0,19309.052550372435,15800.362353354762,10800.0,10622.18912494101,120437.57771666667,65910.18289999999
2025-05-21,53997.70851840736,34923.70544634358,2319.767307085883,37243.47275342945,0.0,0.0,37243.47275342945,314.2520639951906,1828.8057462979466,19807.12687896943,15975.48140603369,10622.18912494101,10698.068420420517,120283.05128333332,68920.43599999999
2025-05-22,53518.58889581218,34301.22983751744,1152.536098020478,35453.76593553792,2.57000000000005,16.86434000000033,35470.63027553792,433.57985960258895,0.0,20296.63813278897,16348.53846593753,10698.068420420517,10800.0,119729.68001666665,68913.0492
2025-05-23,28863.827124301275,12421.238810063176,351.98267562006714,12773.221485683245,0.0,0.0,12773.221485683245,526.6749709525023,18666.548325032963,19668.294295763422,15931.318379568373,10800.0,10800.0,74983.38438333332,68562.43549999999
2025-05-24,29480.063463686027,12994.24627090897,245.19958868688673,13239.44585959586,0.0,0.0,13239.44585959586,954.4386704578828,21414.00155640782,19030.586608739224,15414.775153078772,10800.0,10800.0,74693.81781666665,70939.31643333333
2025-05-25,53997.99809762456,34279.94760645405,597.3873766186971,34877.33498307275,0.0,0.0,34877.33498307275,633.5388129549402,1999.93561478537,19145.23037433449,15532.135071918961,10800.0,10772.779479213299,120319.8776,71774.86741666666
2025-05-26,52197.24485457781,33163.36388824954,5632.300769018465,38795.66465726802,67.76241456766545,344.83866466987394,39140.50332193789,353.6366518412855,0.0,20363.572863549747,16557.780124005276,10772.779479213299,10702.461585291105,119407.96936666666,64828.13641666666
2025-05-27,53037.80743067855,33917.34853162876,2123.9043243236033,36041.252855952385,0.0,0.0,36041.252855952385,1681.0593514214356,1406.709878057494,19724.88707600991,15897.79451770948,10702.461585291105,10790.64382291171,120046.82734999999,70656.46005
2025-05-28,54352.675315083536,34429.63249761818,1783.175938650891,36212.808436269086,0.0,0.0,36212.808436269086,535.8133004345907,0.0,20268.5373517739,16409.094695557404,10790.64382291171,10800.0,119921.84721666666,67648.02311666666
2025-05-29,53737.80965275891,33981.3290983069,3529.928626763706,37511.257725070616,17.817433333333497,119.80442173333444,37631.06214680395,571.7532500817954,41.02496322983825,20770.784907725625,17016.72354268691,10800.0,10586.235813967607,120439.31426666665,66329.19076666667
2025-05-30,29079.72455512157,12819.669556152723,375.1454763235239,13194.815032476245,0.0,0.0,13194.815032476245,398.0963783296562,18801.780153922387,19954.882824081782,15971.06732007709,10586.235813967607,10800.0,74612.22448333332,68015.99121666666
2025-05-31,29364.07343014024,12519.863005768815,192.4261182604409,12712.289124029257,0.0,0.0,12712.289124029257,990.849552654134,16697.25362508011,19456.248250519857,15888.417341344351,10800.0,10656.826379529704,74778.33258333334,66389.15103333333
2025-06-01,60361.787384889234,41340.558574822426,16204.733026516476,57545.29160133891,1506.2722115686413,9608.127087672266,67153.41868901117,176.59407365510606,0.0,18574.601014871856,16036.195399672506,10656.826379529704,9555.97240438937,128248.56003333331,57023.73373333333
2025-06-02,67182.26310649543,44871.38006156836,8876.059750488112,53747.43981205647,981.8977068263077,6129.1047446159155,59876.54455667239,1554.6068382300305,99.32638333333352,20918.614183065794,16925.228385170944,9555.97240438937,9576.915852291973,128080.53698333334,59439.72953333333
2025-06-03,73815.3485107059,50417.646255720254,2325.471154781422,52743.11741050167,88.65891903568934,623.083235430258,53366.200645931924,2707.579446064891,1389.9066833333327,19814.557749648302,15846.87627175386,9576.915852291973,9802.37752502671,128076.84056666667,59884.473733333325
2025-06-04,78161.7296927356,53955.53942771468,375.7482516460935,54331.28767936076,104.76819646562546,727.348300272472,55058.63597963323,4809.903384102282,186.21663333333322,18974.683283932845,15012.01326813534,9802.37752502671,10199.577738193666,128539.84358333334,58894.58276666666
2025-06-05,75212.47112383682,52494.78708930118,1578.9256206931448,54073.712709994295,204.89506149478723,1412.631797887821,55486.34450788212,1934.612927222413,543.4751166666667,20062.162543946783,16505.956451434038,10199.577738193666,9915.572415041283,128455.92066666666,57306.60264999999
2025-06-06,35550.44319128356,18128.54265610273,2568.6544504583553,20697.19710656109,748.0229974728322,4185.726366175435,24882.923472736526,13.552239497918663,3993.0907416246337,19635.39555647631,15947.911759748113,9915.572415041283,9867.526460594281,82747.41500000001,51892.419599999994
2025-06-07,36937.05458913192,18819.304974509705,480.5756264309467,19299.880600940654,2.1058197985676514,7.944205190096465,19307.82480613075,48.02872094767605,3239.630088284116,18728.169169454573,15448.676396574747,9867.526460594281,9557.682716909238,83156.75975,52030.246583333326
2025-06-08,86914.1196626245,60568.416446558556,0.0,60568.416446558556,0.0,0.0,60568.416446558556,15961.700381987655,2031.5277999999998,13778.329785202533,10042.361571232363,9557.682716909238,10800.0,128266.94665,63082.023383333326
2025-06-09,80973.02708794174,57200.0649710173,25.31869852955875,57225.38366954686,8.551481980079075,60.44615037618894,57285.829819923056,5746.180713216592,863.7589666666668,18272.91907386631,14801.06444983171,10800.0,10800.0,128169.18798333332,57236.47525
2025-06-10,77343.16209550487,54067.89498343138,239.14201390725475,54307.03699733864,0.0,0.0,54307.03699733864,1930.9005082847793,213.5552833333329,20548.726102258384,16644.468142829282,10800.0,10800.0,127414.49178333333,55796.047549999996
2025-06-11,78171.24436016801,54556.48416711042,4932.274728397371,59488.758895507795,0.42105781041777846,2.919614857436876,59491.67851036523,1825.6952355306096,0.0,22321.2468538966,18080.209951656245,10800.0,10800.0,128236.67731666667,52152.23099999999
2025-06-12,78883.72956442236,55276.97768655805,887.7603397322506,56164.73802629031,0.0,0.0,56164.73802629031,3308.7492691393236,245.79104999999993,20873.78021017187,16907.76197023921,10800.0,10800.0,127721.81298333334,55269.42154999999
2025-06-13,36612.89175307601,18871.3734867452,68.72727016829836,18940.100756913504,0.0,0.0,18940.100756913504,177.92754408525437,5231.5287391819775,18614.69150428778,15648.863622320561,10800.0,10165.596106836154,81889.59039999999,53544.276699999995
2025-06-14,36828.715790869326,19524.867614097966,46.48869296011305,19571.35630705808,0.0,0.0,19571.35630705808,54.960755542547645,7386.104000447157,18590.65874834265,15313.63772801224,10165.596106836154,9882.035949219828,82253.15711666667,56059.81436666666
2025-06-15,77464.54919003387,53981.30987694916,960.8481543425684,54942.158031291736,0.0,0.0,54942.158031291736,3197.567012529583,0.0,20756.205639237465,15986.3589220802,9882.035949219828,10800.0,127368.88451666664,56741.91018333333
2025-06-16,76758.72679144147,53859.10340793953,2352.766065020673,56211.86947296021,1.6680775637045144,11.250349128405098,56223.119822088614,2317.5641103957696,0.0,21295.810454085513,17249.606467809266,10800.0,10800.0,127618.63201666667,54924.57919999999
2025-06-17,74689.53028319692,51975.2697314677,5459.619131549437,57434.888863017135,59.09219110084621,420.81145760024697,57855.70032061738,875.5286305636214,0.0,22609.111548139514,18544.138047780427,10800.0,10543.602562458422,127311.75459999999,52674.743383333334
2025-06-18,77234.60094781288,53985.851176421296,1902.1414212762784,55887.99259769758,30.010260351737884,202.44867932429372,56090.44127702187,4220.641311403316,55.22366666666653,20131.435702645857,16075.705225355723,10543.602562458422,10800.0,126909.07891666667,55980.68801666667
2025-06-19,74168.3255071462,51132.973176010004,1354.2853020845878,52487.25847809461,122.09895495985131,842.0671579413078,53329.32563603592,2403.8092548621557,922.4980499999999,20751.659916289238,16808.84453219429,10800.0,10800.0,127349.06689999998,59089.562699999995
2025-06-20,36069.90456621408,19095.925713185043,53.334884760443664,19149.260597945493,0.0,0.0,19149.260597945493,1089.8915628846196,9134.184900388227,18594.238559344525,15061.333233069065,10800.0,10800.0,81137.07971666666,58736.49886666666
2025-06-21,36268.13482904602,18694.0646113825,353.71297603800446,19047.777587420507,0.0,0.0,19047.777587420507,2123.7807299276183,11614.075185062804,19220.86935948267,15568.904181180958,10800.0,10800.0,81408.0648,62073.3244
2025-06-22,69571.93975094763,48066.64426208996,3045.7432514451975,51112.38751353515,39.077085486737815,273.3662215563919,51385.75373509154,858.2781579198854,194.05944999999997,21290.628983715964,17245.40947680993,10800.0,10800.0,126539.46191666665,59082.12081666666
2025-06-23,69528.61580330085,48055.643889092455,2298.9398291600723,50354.583718252536,32.68770324936861,227.04697983383807,50581.630698086374,744.914233493618,0.0,21557.833445055465,17522.969788704213,10800.0,10732.083668656345,126690.87308333332,59629.587083333325
2025-06-24,71808.18496508096,50658.50092465223,9268.191071730585,59926.691996382826,2036.8167550080032,11133.527762970843,71060.21975935367,522.9292724122961,0.0,22249.472793074867,17960.948264181352,10732.083668656345,10800.0,127112.84501666666,50844.05276666667
2025-06-25,72568.01115833623,49903.02695225472,2752.7346821526576,52655.761634407376,37.95698050449562,262.79402988146506,52918.55566428884,872.7617370023162,0.0,20771.820753733668,16825.174810524273,10800.0,10800.0,126310.40843333333,55872.98706666667
2025-06-26,70883.59569222688,48409.09577068846,1963.1285567595642,50372.224327448035,105.59247310103513,741.171883328854,51113.39621077689,1771.0417656661702,0.0,20649.73128797176,16726.282343257128,10800.0,10800.0,126697.44536666665,59150.061533333326
2025-06-27,34516.86445721547,17556.077997698274,98.27725248116127,17654.355250179433,0.0,0.0,17654.355250179433,705.004307136828,10496.600734234342,19454.07554822185,15757.801194059699,10800.0,10800.0,79563.255,59791.60913333333
2025-06-28,34762.593763246885,17676.02501798779,175.02071553330885,17851.045733521096,0.0,0.0,17851.045733521096,471.36375125749004,9166.995883617688,19537.056300252185,15907.895300607172,10800.0,10707.91144733011,80661.5728,58884.64668333333
2025-06-29,68423.22728567781,47159.42299521592,5591.168020572479,52750.59101578841,19.25301622855693,131.64589573409188,52882.2369115225,418.61050630800935,0.0,21262.584222646947,17225.731534439314,10707.91144733011,10704.535542779793,126384.80871666667,57117.04018333333
2025-06-30,71473.22821062688,48987.43552020898,2746.596148140719,51734.03166834971,55.962502377908436,389.2736790257567,52123.30534737546,365.12387028447336,0.0,21604.936676044817,17414.080696098106,10704.535542779793,10800.0,125947.32058333333,56069.6366
2025-07-01,69806.51020246142,52456.31185695147,17540.788341930303,69997.10019888177,149.52045414472946,1263.6765639114926,71260.77676279326,1145.6960851702215,564.7078833333333,21008.184414719908,18112.152284198666,10800.0,9582.75232413829,141546.85106666666,62680.30703333333
2025-07-02,72052.73145218588,54695.08566613889,12113.881040633332,66808.96670677222,272.94885491872526,2324.7047957492573,69133.67150252148,3679.110812413456,1500.0133500000006,18959.917619575328,14494.784487803607,9582.75232413829,10541.362084196522,141198.65821666666,68293.89184999999
2025-07-03,79043.94618918707,61214.17234145021,7427.198073393397,68641.37041484361,42.087902498747894,368.9591561891858,69010.3295710328,1326.515742601474,631.5654,21031.794713444964,17089.317710909832,10541.362084196522,10481.84653639716,141565.53863333334,61805.119699999996
2025-07-04,41422.63916431736,25005.786121377743,2305.9378439164266,27311.72396529417,0.0,0.0,27311.72396529417,183.17067063993107,11200.316993883334,19323.90583751624,15778.518786147164,10481.84653639716,10341.674249998261,95795.06574999998,66914.19828333333
2025-07-05,43290.032365310806,25444.323679239234,1039.6504123001635,26483.974091539396,0.0,0.0,26483.974091539396,135.93509107220103,11746.394358508996,20582.103182377214,16594.805776788467,10341.674249998261,10426.894028817242,95872.83489999999,67082.75493333332
2025-07-06,82249.99861334238,64263.093331330645,5640.214426105523,69903.30775743617,24.45878804845802,206.02860112618612,70109.33635856236,2532.48832249432,76.60989999999993,21452.742635037503,17040.92616031589,10426.894028817242,10800.0,141244.57465,61450.5931
2025-07-07,85663.36320308235,66011.97516861078,74.13058005363874,66086.1057486644,0.0,0.0,66086.1057486644,7788.650397102853,1412.7773850708536,16397.867733216528,13282.272863905391,10800.0,10800.0,141495.39415,68085.91138333332
2025-07-08,92664.78531000298,72018.7846968527,0.0,72018.7846968527,0.0,0.0,72018.7846968527,11626.67411308172,2185.683383333334,17268.635773269805,13987.594976348539,10800.0,10800.0,141285.227,65713.83998333334
2025-07-09,87729.7291842768,67817.82416670707,0.0,67817.82416670707,0.0,0.0,67817.82416670707,9329.637813914587,1124.0682347137226,16933.147994641215,13715.849875659385,10800.0,10800.0,140590.70496666664,66531.97995
2025-07-10,81362.59320709347,63220.72834355686,138.6360771908548,63359.36442074772,0.0,0.0,63359.36442074772,3989.1664112654585,1109.544433333333,18828.53319853094,15251.111890810058,10800.0,10800.0,140463.54225,67609.91886666667
2025-07-11,45030.139654988234,27916.478549980464,0.0,27916.478549980464,0.0,0.0,27916.478549980464,1159.6101460840607,7665.012524175002,19403.893866995684,15717.154032266506,10800.0,10800.0,94741.0884,62222.31125
2025-07-12,43671.57770008599,26364.501612763695,211.26561453448826,26575.76722729818,0.0,0.0,26575.76722729818,33.20299704404334,9462.007225546795,19353.466833058803,15930.577105575328,10800.0,10517.478921335896,95318.37109999999,64234.12776666666
2025-07-13,77177.9902189044,58003.38170336853,630.9128275884517,58634.294530957,13.217960706268059,112.99053608669732,58747.2850670437,2311.6750576066897,2361.1996166666663,18918.43321365609,15069.661932263745,10517.478921335896,10800.0,139893.36648333335,70625.64608333333
2025-07-14,72478.39179922361,55472.527873413936,4170.147466854057,59642.67534026801,72.7233726351559,615.7750376333144,60258.450377901325,437.0160118869268,0.0,19998.393091825976,16218.086179810476,10800.0,10778.458027298408,141062.42346666666,69254.74424999999
2025-07-15,80178.36146693089,61162.11214310088,0.0,61162.11214310088,0.0,0.0,61162.11214310088,3658.388859641208,176.41471666666666,18816.41858872756,15221.91128143789,10778.458027298408,10800.0,139545.16266666667,66796.11208333334
2025-07-16,77061.3373177907,59858.87814663678,646.8724298266593,60505.75057646344,27.113647014864114,226.192191892423,60731.94276835586,1962.4461374159214,0.0,19814.426776454035,16049.68568892777,10800.0,10800.0,140365.26538333332,68230.702
2025-07-17,74777.67268542285,57527.54517275929,2825.690624861572,60353.235797620866,12.268689372096787,102.06640045507544,60455.302198075944,959.8363808410871,0.0,22233.17569700212,18008.872314571716,10800.0,10800.0,139569.15928333334,66848.74321666667
2025-07-18,44141.64911896514,26449.514928321623,0.0,26449.514928321623,0.0,0.0,26449.514928321623,807.6159011549792,8523.175684047974,18613.733861906243,15077.12442814406,10800.0,10800.0,93698.0732,62423.8251
2025-07-19,44214.57566891894,26278.34821279107,29.675639046751176,26308.023851837825,0.0,0.0,26308.023851837825,434.1645810513032,13057.167509671684,19784.480004914953,16192.44850772176,10800.0,10614.422551399279,94564.52240000002,67381.70335
2025-07-20,77237.17088448477,58299.84239776668,457.0996952465167,58756.94209301321,22.20061538969287,188.90503635089664,58945.847129364105,1762.8290040016782,0.0,19746.92903880081,15827.99281768801,10614.422551399279,10800.0,138750.53876666666,66660.56055
2025-07-21,77406.5725391919,59499.45091417042,1922.1374638214013,61421.58837799181,27.68570320343963,239.71666118698204,61661.30503917879,1277.3055129911572,0.0,21363.613258572954,17304.526739444093,10800.0,10800.0,138442.8198,64453.070449999985
2025-07-22,76074.87690430097,58240.50673746883,4974.2003319563755,63214.70706942519,69.13069284450069,579.2261568250713,63793.93322625026,3527.5882508935933,249.3819333333331,20929.422039033223,16952.831851616902,10800.0,10800.0,139514.85881666664,65719.71419999999
2025-07-23,78973.56739485064,59639.417698241734,493.4527937132788,60132.87049195501,76.7421611004994,646.2249479092668,60779.09543986427,932.5836175385441,406.6257283501325,21146.39859382657,17128.582860999515,10800.0,10800.0,139450.03365,65233.48653333333
2025-07-24,77866.35541383192,59144.26879123856,1640.9186542789885,60785.18744551755,15.681149784892227,130.17706493928284,60915.364510456835,1911.36598942454,80.49678333333327,20443.41325684789,16559.1647380468,10800.0,10800.0,138902.21751666663,65285.74551666666
2025-07-25,42687.16661186284,25443.901408238802,196.99797220398062,25640.89938044278,0.0,0.0,25640.89938044278,794.0560837056187,12094.094545529648,19226.521187257018,15653.43612539977,10800.0,10711.16226253157,92354.83968333332,65849.52011666667
2025-07-26,42879.7093981843,25637.4073357042,136.9174745108392,25774.324810215043,0.0,0.0,25774.324810215043,534.6719010808645,10306.913917784337,19494.553684661554,15729.032662750313,10711.16226253157,10779.557620115516,93187.68993333331,64718.598366666665
2025-07-27,75318.88032789758,57190.42838469286,3698.4673219776087,60888.89570667047,421.1455129648443,2342.889671297607,63231.78537796807,1373.1676220038253,0.0,22790.88732358464,18442.220590207522,10779.557620115516,10800.0,138110.19628333332,64425.00648333333
2025-07-28,77986.21231530559,59805.178401016434,5704.850028988229,65510.02843000466,0.0,0.0,65510.02843000466,524.5636961676886,0.0,21301.69928103304,17254.376417636762,10800.0,10800.0,138228.99843333333,60274.121199999994
2025-07-29,78891.91345431143,59999.57971386156,2046.6046046685071,62046.18431853007,73.25698945444447,623.2048202895462,62669.38913881961,1044.4909435122465,0.0,20923.153721178114,16947.754514154272,10800.0,10800.0,138314.74511666666,62245.49916666666
2025-07-30,76176.76879892286,58746.89282703914,3505.739793813641,62252.63262085281,5.330991811507033,44.83301327764636,62297.46563413046,1253.7306467256158,693.4265576741736,20324.007828680198,16462.446341230963,10800.0,10800.0,138424.36443333334,64321.11038333333
2025-07-31,76464.84912712857,57741.782332830015,2427.7287588578693,60169.51109168789,130.9040548093277,1103.555474923448,61273.06656661134,707.1360834321385,0.0,21902.53474979598,18003.185286311607,10800.0,10508.742067803481,137423.31371666666,62728.31745
2025-08-01,42176.73080593239,24944.60228039727,1149.0058149875474,26093.608095384814,0.0,0.0,26093.608095384814,1158.8703163899665,17108.58243077592,19762.32328079635,15745.34971846818,10508.742067803481,10800.0,92719.4241,71468.06443333333
2025-08-02,42055.749476326266,24589.09119776041,0.0,24589.09119776041,0.0,0.0,24589.09119776041,445.3625143089163,17193.84146765606,18681.75426897977,15192.233707951811,10800.0,10733.319166579779,91562.24421666667,70635.21928333332
2025-08-03,68595.15212349904,52053.236559663324,166.77272983847828,52220.00928950178,245.58326532250305,2045.0869442072164,54265.096233708995,1227.2985803802724,1662.5903935633332,18710.020938902864,15444.743283100828,10733.319166579779,10411.512141480333,138062.48614999998,75223.00616666666
2025-08-04,68235.21369386831,52331.53023551487,1204.1334038454709,53535.66363936034,26.578237399590535,215.92934762174337,53751.59298698208,303.9493128799745,0.0,19709.65684593819,15615.182972542236,10411.512141480333,10800.0,138312.10695,72896.45186666667
2025-08-05,67824.07432006765,52243.762100183056,721.870730577488,52965.63283076055,20.51216452080689,169.91184261753827,53135.54467337809,202.72538683865884,0.0,20176.276333480204,16342.783830118966,10800.0,10800.0,136458.49728333333,71306.18755
2025-08-06,69359.54548822298,53613.06985958242,2417.7865813875856,56030.85644097001,27.280472935401235,229.4316945326725,56260.288135502684,342.98303630554483,0.0,19910.510420282564,16390.901169716428,10800.0,10507.346967458292,136716.08779999998,68601.68853333333
2025-08-07,71681.5867185433,53716.840057676236,547.9404747767617,54264.780532453005,60.772360028501,518.1632946033703,54782.94382705638,2002.573336929586,2971.5393655870994,19271.044782344532,15346.158544411535,10507.346967458292,10800.0,136850.75446666667,73462.76921666667
2025-08-08,41100.60053460261,23800.448732284178,37.16227881579302,23837.61101109997,0.0,0.0,23837.61101109997,156.05929942037858,21581.009480116714,20067.72300551417,16424.246032052964,10800.0,10611.788447126128,90703.21611666666,74928.04486666666
2025-08-09,40656.70405159325,23858.50417110409,289.25470082347925,24147.75887192757,0.0,0.0,24147.75887192757,160.74281624096818,18490.613403336545,19271.12678756169,15799.70701547421,10611.788447126128,10400.572538738084,90303.83174999998,71381.90275
2025-08-10,67314.36028297865,52387.902985653905,2536.2588041009058,54924.161789754835,68.35324778140307,577.8402991922173,55502.002088947054,317.8630528416179,0.0,19415.20556372553,15366.831791481945,10400.572538738084,10800.0,136535.44471666665,71230.82566666667
2025-08-11,67407.98279709874,51330.54193998715,1233.1743884252933,52563.71632841242,148.50194113834925,1243.0151645948706,53806.73149300729,277.1472543977701,748.1067478706457,20656.181701854744,16909.864408780028,10800.0,10601.825299691456,136422.26351666666,71861.01018333333
2025-08-12,69214.25372799044,52547.55929785498,3494.605420158813,56042.16471801381,134.31227099318482,1094.8939793850334,57137.05869739885,659.5377467652095,0.0,20650.353626916298,16753.76987300304,10601.825299691456,10571.843705023864,136637.5967,68877.05305
2025-08-13,68252.38755494377,51904.17506856758,2712.441747516553,54616.61681608412,110.59414665670681,924.6221202966924,55541.23893638081,1694.2871539713967,0.0,19725.00825891973,15771.916024246464,10571.843705023864,10800.0,136547.99718333333,70427.01773333334
2025-08-14,67267.31382733535,51593.83364655847,2348.2104717453844,53942.04411830385,167.29640372595082,1116.89363624169,55058.93775454554,741.564897172746,11.226276325645586,22076.469874403407,18178.736095492233,10800.0,10470.227225305038,135936.05536666664,70009.76438333333
2025-08-15,41105.991490143846,24176.98296714164,334.43909948587464,24511.42206662751,0.0,0.0,24511.42206662751,403.58903039898377,20322.817118728373,19189.50874146906,15553.610052361686,10470.227225305038,10458.99614555866,89968.05776666666,72808.33088333334
2025-08-16,41015.64734744036,23928.603573701355,633.2572666353562,24561.86084033672,0.0,0.0,24561.86084033672,314.8708172669801,20721.046817677667,19114.69172916258,15299.601258739487,10458.99614555866,10662.661747649998,90183.53034999999,73254.24998333334
2025-08-17,68552.53278433261,52350.78124817341,251.72405290786298,52602.50530108127,159.0069564987931,1325.5412211318712,53928.04652221314,773.812954333134,1023.7086234604267,20715.596321879297,16656.02859360723,10662.661747649998,10800.0,135369.1165,72203.72288333334
2025-08-18,67985.528771621,52163.60936137409,779.8324047148245,52943.44176608893,242.29481132806495,2050.0954159298085,54993.537182018736,934.2561034691457,0.0,21014.306901407355,17021.58859013996,10800.0,10800.0,135710.17471666663,71316.0591
2025-08-19,67937.7690538557,52367.38118407704,565.0688279612389,52932.45001203828,68.65225644380791,575.0820134315849,53507.53202546987,234.47067216135383,651.883016813862,19112.421038522567,15566.660068775775,10800.0,10704.889969363885,135364.48288333332,71046.82283333334
2025-08-20,70130.71010321693,53635.485911358126,4081.655267027832,57717.141178385944,1069.202696752403,6082.312657139248,63799.45383552519,83.73045552807037,0.0,20781.686829054335,16913.46969169659,10704.889969363885,10615.664013627706,135048.05366666667,64397.36259999999
2025-08-21,71412.57004983725,53625.68278306421,509.55625834699794,54135.23904141121,25.842682217333845,214.28263605528187,54349.52167746649,1123.8065508623363,1269.0672333333332,18750.433589256885,15021.948819563006,10615.664013627706,10800.0,134971.7989,69127.38041666667
2025-08-22,40638.02408194305,23677.210784530616,967.4737564596389,24644.684540990253,0.0,0.0,24644.684540990253,139.2686627149409,17514.17748206308,19144.592525772805,16104.53154031114,10800.0,10136.209339516483,90531.7304,69301.161
2025-08-23,41605.64417539637,23708.462260092743,316.80142388474155,24025.263683977486,0.0,0.0,24025.263683977486,111.70884497669073,15458.354935908981,19153.548161660532,15150.042685106726,10136.209339516483,10541.021923781263,89697.14623333333,67167.14008333333
2025-08-24,69170.2057563845,53231.43617320739,757.5094935764613,53988.94566678385,4.524539988844936,37.76181074689983,54026.707477530756,347.1200575653131,1834.7382512671127,20583.326184774738,16462.605211393013,10541.021923781263,10774.231921864075,135068.0714,71334.48191666666
2025-08-25,76327.18753390724,56970.69068968509,767.6028543670614,57738.29354405215,24.1940719914669,202.84309957645848,57941.136643628604,1871.1426275506565,671.1679166666668,21167.421859616297,17122.420435966866,10774.231921864075,10800.0,134511.61375,63738.52673333333
2025-08-26,70922.56271057235,54030.12935921693,160.75640870352464,54190.88576792045,28.733231020511084,241.39346361177545,54432.27923153223,1885.6647235522055,76.55655243489264,19304.374829739423,15636.543612088937,10800.0,10800.0,134368.96393333335,68840.14555
2025-08-27,71070.02689008228,54156.41988655488,1924.7889868389698,56081.20887339386,19.55327896350991,165.26236877577875,56246.47124216964,1179.393854038933,1172.2195885664905,20038.628503593056,16316.194323135656,10800.0,10705.660849749687,133788.3821,65874.23323333333
2025-08-28,71041.61879516486,53719.63980732733,3866.430412875818,57586.07022020316,95.31174560639738,808.7647386258041,58394.834958828964,725.0360905146633,0.0,20597.086756748664,16598.73503774114,10705.660849749687,10800.0,134543.81656666665,63776.021583333335
2025-08-29,42685.10214924498,24885.460413606655,0.0,24885.460413606655,0.0,0.0,24885.460413606655,309.2566461109536,16096.909897588006,19750.410203850526,16026.694948304501,10800.0,10767.93035201603,88328.33254999999,65773.1122
2025-08-30,42089.98452606499,24708.19776466514,226.03739388770373,24934.23515855285,0.0,0.0,24934.23515855285,93.81408560191534,20520.00622643165,18560.516623429878,15303.97598602411,10767.93035201603,10467.977550853908,89025.08758333331,70512.36774999999
2025-08-31,69450.3525744264,52613.601505327664,1708.251341909453,54321.85284723711,127.08522933129257,1058.6525521992185,55380.505399436326,1064.044202175906,0.0,20187.481349838694,16053.039689137855,10467.977550853908,10800.0,133365.35983333332,66718.73675
2025-09-01,72859.49685866173,48336.90115739726,0.0,48336.90115739726,0.0,0.0,48336.90115739726,12394.170632803649,4046.5233950296897,14971.938407868827,12127.270110373755,10800.0,10800.0,121263.61926666666,67689.48473333333
2025-09-02,61812.93826250846,41611.456768991986,468.364282004923,42079.82105099691,0.0,0.0,42079.82105099691,4538.948155691895,505.20969814516275,19043.08902706908,15424.902111925954,10800.0,10800.0,121532.82414999999,67475.0683
2025-09-03,60368.565870565595,41907.73216414239,694.3583352219571,42602.09049936433,0.0,0.0,42602.09049936433,1792.2306825497105,426.69502141281555,18407.63518866685,14910.184502820142,10800.0,10800.0,121433.71643333332,65885.99918333333
2025-09-04,59498.70080520967,40547.590003941456,841.8263022346413,41389.41630617608,0.0,0.0,41389.41630617608,2076.549311791198,629.1561844163048,20894.393361828465,16924.45862308106,10800.0,10800.0,121061.17303333333,67135.60748333333
2025-09-05,36742.29163712921,18291.319764686286,0.0,18291.319764686286,0.0,0.0,18291.319764686286,3151.4623008981694,23481.76513579698,17288.43438824945,14003.631854482057,10800.0,10800.0,75132.98045,68308.71878333332
2025-09-06,36230.23522898249,17900.336097219573,63.8294208576802,17964.165518077254,0.0,0.0,17964.165518077254,3188.2098087945,22127.559194563233,17463.273263794716,14145.25134367372,10800.0,10800.0,75826.37416666666,68105.29046666666
2025-09-07,56255.14996078596,37686.70959056189,3373.772647408089,41060.48223796999,301.53318205831647,1561.7544435632224,42622.23668153321,1738.7226179780228,0.0,19717.653663609828,15971.299467523962,10800.0,10800.0,120781.00903333332,65820.02541666667
2025-09-08,50612.914394097985,33715.08523282214,13991.122431363421,47706.207664185575,443.81174276211834,2326.182852929232,50032.39051711481,37.99192965654663,0.0,20786.546972819346,17403.85583353763,10800.0,10170.274682717823,121400.59243333332,62005.022899999996
2025-09-09,54400.66755451627,36491.101393392906,4609.613225944394,41100.71461933728,10.685671810773421,55.78371377896768,41156.49833311625,82.80013421500314,1921.5673852800167,20579.89503308271,16877.77580287406,10170.274682717823,9939.095987076642,121082.23558333333,67979.40131666667
2025-09-10,57418.01713741915,38453.44018592507,7500.051246777704,45953.491432702795,953.4801715840354,5097.869647474427,51051.36108017722,480.73716725898134,0.0,21576.978065449395,16918.044603834045,9939.095987076642,10560.548908387702,121274.78848333332,59958.78983333333
2025-09-11,59976.68767192137,39702.90016701543,1329.6503384568057,41032.55050547223,0.0,0.0,41032.55050547223,1411.2693494317273,2729.88828418905,19571.948223604115,15833.753126327923,10560.548908387702,10582.243280378152,120746.77835,67250.69256666666
2025-09-12,35170.16344622818,17048.10944070215,0.0,17048.10944070215,0.0,0.0,17048.10944070215,1005.2031741908287,18916.837407642593,18423.608509132064,14727.141844737305,10582.243280378152,10800.0,75687.22711666666,64135.570916666664
2025-09-13,36026.85633169684,17427.55144670027,0.0,17427.55144670027,0.0,0.0,17427.55144670027,1585.3095916080606,23205.50139030129,16994.4414023903,13765.497535936143,10800.0,10800.0,75063.58311666666,67056.48163333333
2025-09-14,60825.07975770792,41057.00909768719,2493.629498564636,43550.63859625181,0.0,0.0,43550.63859625181,494.19603619227496,0.0,19596.53522816148,15921.594735317245,10800.0,10746.220888326168,121237.69566666667,61138.37091666666
2025-09-15,57784.79084024127,38780.36427007502,1997.232534903417,40777.59680497845,1.1717666666667128,7.876615533333644,40785.473420511786,179.80780683376213,1538.7617409937616,20321.64416163857,17176.49036918656,10746.220888326168,9950.711334704707,120760.02988333334,65692.99925
2025-09-16,63749.89875382975,43099.26112851738,1435.760578907484,44535.02170742486,13.092750000000137,88.18761655000094,44623.20932397486,346.24253633090166,1550.416718653979,18624.622706699534,14708.65652902237,9950.711334704707,10369.920071820543,121843.35746666667,62351.58748333332
2025-09-17,62787.18947127595,42428.3641945888,783.8200708246185,43212.18426541341,7.62916666666672,38.195422916666935,43250.379688330075,243.2429826094858,0.0,19713.178416272756,15928.15426324933,10369.920071820543,10413.831465077885,120924.79499999998,60964.6766
2025-09-18,60938.24312035604,41234.298097715655,2657.5494979193018,43891.84759563495,2.4633999999999787,17.516005699999848,43909.36360133495,903.8419617968609,1446.5504591226736,18518.994490280453,15072.015951240926,10413.831465077885,10334.242116062598,120804.11636666665,61848.06525
2025-09-19,34122.90742395194,16412.522186061004,430.27045518114977,16842.79264124215,0.0,0.0,16842.79264124215,133.1151437853407,14657.514949227727,18931.97004936869,15047.01329631387,10334.242116062598,10654.111497923452,75287.12646666667,59185.77414999999
2025-09-20,33878.594392458035,15965.700885704333,199.38504607912637,16165.085931783462,0.0,0.0,16165.085931783462,209.304290938005,14827.820094812243,19415.612149080844,15816.398849751573,10654.111497923452,10554.385932372243,75330.72763333333,59685.2939
2025-09-21,65201.30315002627,44152.585165380115,990.3579587897667,45142.943124169884,0.0,0.0,45142.943124169884,2322.908958561689,2819.7465978570717,17328.276108462742,14110.160137243472,10554.385932372243,10471.878721940411,120862.28298333334,62574.7955
2025-09-22,65418.25552507848,44791.00829897876,204.142011274187,44995.15031025295,19.555900000000065,128.01369518333377,45123.16400543629,596.897046856086,1056.0987352004126,18778.808926437156,15302.46420666234,10471.878721940411,10370.068748331254,121218.04173333332,60604.02184999999
2025-09-23,66750.38145482335,45499.131304400835,206.77039098664292,45705.90169538748,11.317700000000173,73.78176635000113,45779.683461737484,1163.9212617728576,180.27580444022715,18610.994858902373,14988.936575143547,10370.068748331254,10465.590148961672,121182.28133333333,59065.66575
2025-09-24,63304.03210159467,43543.05651559813,1738.2206440253788,45281.27715962351,0.0,0.0,45281.27715962351,571.460871901722,0.0,20088.398670883635,15970.634057481251,10465.590148961672,10800.0,121014.19341666665,59950.968316666665
2025-09-25,64783.6678145337,44366.20613234258,1538.5962392906993,45904.802371633275,15.37166666666667,106.25664583333335,46011.05901746661,962.6356716752585,2312.1535,18076.04403913727,14819.241073969371,10800.0,10602.616219702018,120546.34714999999,60210.89825
2025-09-26,35235.23051972469,16547.6227082653,0.0,16547.6227082653,0.0,0.0,16547.6227082653,367.0151596427336,13516.093858743832,18508.618678968498,14850.740677630372,10602.616219702018,10759.550055628812,74194.35371666666,56500.11021666666
2025-09-27,34549.896926528214,16710.53517892946,378.01393264893557,17088.549111578395,0.0,0.0,17088.549111578395,135.7074067101499,14227.388309499433,19199.04536753858,16229.192476157577,10759.550055628812,10006.254801794008,75945.77175,58144.46949999999
2025-09-28,66582.52749919803,45629.99118989,2930.1158518960947,48560.10704178608,5.868333333333339,40.07191416666671,48600.178955952746,2046.381765793023,413.33268080931043,20200.148021425273,15647.749218969082,10006.254801794008,10800.0,120389.61958333333,56901.99041666666
2025-09-29,67458.14625045,46269.35742850308,49.00936135411533,46318.36678985719,26.015016666666725,142.85538336666707,46461.222173223854,1310.5713082003324,230.9799650422325,18605.272997795182,15350.28407901692,10800.0,10488.87449910797,121111.4148,58351.523199999996
2025-09-30,68349.15221599654,46728.30805974642,1779.6623904666412,48507.97045021306,0.0,0.0,48507.97045021306,1183.5170662821722,0.0,20337.753063959222,16193.567031004131,10488.87449910797,10800.0,120916.45506666665,55494.2803
2025-10-01,67205.76656936768,43788.80369483201,0.0,43788.80369483201,0.0,0.0,43788.80369483201,7634.478786450951,6938.227784003298,15639.676134632151,12668.137669052045,10800.0,10800.0,117218.45471666666,67556.93318333334
2025-10-02,63465.62778498494,41467.89643675831,139.15537921711336,41607.051815975436,0.0,0.0,41607.051815975436,4883.104232219677,3829.302427205646,17193.673140591844,13926.875243879389,10800.0,10800.0,117231.70978333332,65500.92666666665
2025-10-03,32618.660074802516,14362.662614969233,220.58417875770436,14583.24679372694,0.0,0.0,14583.24679372694,2302.252100561338,19637.20805283698,16955.0123885045,13733.560034688644,10800.0,10800.0,71524.19113333334,63707.03743333333
2025-10-04,33329.3433414741,15216.019771891753,234.07767812815396,15450.097450019904,0.0,0.0,15450.097450019904,2013.8836542224544,15329.191715117362,17426.572079661666,14136.467766007385,10800.0,10776.728465020626,72397.41483333333,59301.43239999999
2025-10-05,61146.456214642254,40046.76458353309,660.4838762564492,40707.24845978955,0.0,0.0,40707.24845978955,2155.6267360624524,1711.0404157694318,17188.027909938646,13901.35822556887,10776.728465020626,10800.0,117604.4209,62868.45983333333
2025-10-06,59276.3183548558,39415.918676225854,2301.800252333116,41717.718928558956,0.0,0.0,41717.718928558956,972.3850809232898,0.0,19094.137933405338,15466.251726058323,10800.0,10800.0,117896.13613333332,60163.02688333333
2025-10-07,59074.4209101534,39166.223652724824,3318.2928221418824,42484.51647486672,0.0,0.0,42484.51647486672,1783.0521538081334,0.0,19334.4441919065,15660.899795444266,10800.0,10800.0,117357.17863333333,59585.615633333335
2025-10-08,56475.21767159976,36686.60370945849,2727.657404518142,39414.26111397664,0.0,0.0,39414.26111397664,76.38868624749568,0.0,20227.375300410953,17042.085865627374,10800.0,10068.986808561664,117391.06235,60912.56668333333
2025-10-09,59584.85948639919,38345.690856743044,804.7141804252636,39150.405037168304,0.0,0.0,39150.405037168304,284.3801434103814,579.6544532196908,21061.70901906311,16904.423124682773,10068.986808561664,10241.83256495983,117432.98973333332,61673.00805
2025-10-10,32221.41025648315,13866.561474686365,890.8097824395552,14757.371257125917,0.0,0.0,14757.371257125917,48.9156017731068,19826.44229663616,19534.344545399625,15323.202936274623,10241.83256495983,10796.961615514358,72371.53011666666,63027.91919999999
2025-10-11,32839.4405360075,14442.06340626767,68.79027343279076,14510.853679700464,0.0,0.0,14510.853679700464,248.0341518369068,15285.407793676517,17817.16967014559,14461.960625243431,10796.961615514358,10763.569179486027,71790.96475000001,57684.65116666666
2025-10-12,60743.617432411804,39541.79250643352,1017.9253809964077,40559.71788742992,20.929933333333338,105.12059016666669,40664.83847759659,424.6292930752899,0.0,18675.457355481685,15343.257009736488,10763.569179486027,10523.417455267894,117709.38418333331,59194.428199999995
2025-10-13,63612.35312246578,41649.52313162222,84.5824591626949,41734.105590784915,0.0,0.0,41734.105590784915,1194.599167673924,1691.8370291723038,18980.39495042138,15125.195619582424,10523.417455267894,10800.0,117677.75383333332,60650.358533333325
2025-10-14,64027.849738717145,42019.41806759265,818.2586505493055,42837.676718141964,0.0,0.0,42837.676718141964,922.9106706303705,0.0,19826.90721910148,16059.794847472192,10800.0,10800.0,118032.22918333333,57258.3999
2025-10-15,64773.35509051983,42219.643183820444,348.66498798704544,42568.30817180749,0.0,0.0,42568.30817180749,321.9606453660167,0.0,18702.046805573176,15600.961977760791,10800.0,10297.439927503869,117342.48076666666,55422.45711666666
2025-10-16,65243.17854600791,43048.360634837554,1698.9879935749445,44747.348628412496,132.61849313881777,619.5374185163432,45366.88604692884,549.84629187857,0.0,20879.724790741486,16765.117018487857,10297.439927503869,10461.28444085137,117733.27633333334,54766.80338333333
2025-10-17,34008.267279058535,15073.897329127774,0.0,15073.897329127774,0.0,0.0,15073.897329127774,319.77475126411525,14264.310379609664,17497.227187122262,14077.244355604169,10461.28444085137,10567.40629192344,71943.17253333333,55938.973216666665
2025-10-18,33940.98697117217,14713.592264541876,79.45901136457286,14793.051275906451,0.0,0.0,14793.051275906451,84.02743706922001,14266.839443077202,18215.24165991154,14570.897716227286,10567.40629192344,10771.237434480177,71656.70145,55580.10818333333
2025-10-19,66207.51389542561,43980.563708582595,1061.972582294271,45042.536290876866,92.99120113222098,439.92050544215346,45482.45679631902,641.9921653822648,0.0,20636.594151373643,17133.0611627589,10771.237434480177,10307.437545428791,117991.24738333334,54105.52485
2025-10-20,68878.15466863268,45454.528325048326,315.04747098342364,45769.57579603174,0.0,0.0,45769.57579603174,791.0915777771826,0.0,20202.92719288592,16061.576793179058,10307.437545428791,10643.8755821605,117903.31864999999,53462.53628333333
2025-10-21,68636.87882763713,45707.824145480714,1100.0510945883175,46807.87524006903,0.0,0.0,46807.87524006903,266.118646812766,0.0,19705.38744173987,16170.119411931228,10643.8755821605,10411.92493313613,117800.84898333333,51338.26763333334
2025-10-22,68564.58435873281,45584.25106179083,694.4248692393776,46278.6759310302,0.0,0.0,46278.6759310302,203.1095441473463,0.0,20378.57202722464,16551.140530958008,10411.92493313613,10362.483612129401,117671.98653333331,52117.08983333333
2025-10-23,72882.0800184291,48107.05932015906,78.91796360788435,48185.977283766944,0.0,0.0,48185.977283766944,4083.2800229974164,1937.7505333333331,18420.58552543639,14810.240010407988,10362.483612129401,10485.188351235496,117212.01551666667,53832.518483333326
2025-10-24,34124.279495175455,14761.284928517869,188.25133534483746,14949.536263862705,0.0,0.0,14949.536263862705,48.45116174285573,12747.520904979614,17871.063451870556,14641.685264845819,10485.188351235496,10300.606274756978,72135.51853333332,53715.46781666666
2025-10-25,34135.39486640858,14433.649090718955,275.6234975432805,14709.272588262234,0.0,0.0,14709.272588262234,49.99626881266613,11657.117112973256,19071.72543656612,15633.821846588533,10300.606274756978,10094.246004790346,72042.787,52644.35426666666
2025-10-26,70752.44932133617,47091.228462990395,160.7056540132313,47251.93411700363,0.0,0.0,47251.93411700363,1305.7872131706827,1056.9372833333325,19203.776578683915,15075.9037054631,10094.246004790346,10626.64080842464,117422.34435,52878.03233333333
2025-10-27,67991.84801203325,45311.65923830176,1636.5732924216566,46948.232530723406,19.744933333333393,103.66090000000031,47051.89343072341,1877.7175508919754,1512.254466433722,19544.759440469923,16173.942172056157,10626.64080842464,10245.877447007406,117790.56431666666,54237.98265
2025-10-28,69261.36330363099,46668.235883709975,1362.3303988279472,48030.566282537926,0.0,0.0,48030.566282537926,1020.228194186866,0.0,19592.087492587387,15467.074312604373,10245.877447007406,10693.118065220098,117514.14480000001,51541.723099999996
2025-10-29,71239.8437108766,48039.893210849135,2079.178605128939,50119.07181597808,0.0,0.0,50119.07181597808,611.6242772805255,0.0,20530.029743364656,16799.636783339458,10693.118065220098,10503.881741648891,117721.61451666665,48409.357716666666
2025-10-30,69974.26029221842,47656.29013637715,158.70622151775692,47814.99635789491,3.641833333333352,18.13268816666676,47833.12904606158,606.4886867988373,1108.3490565146044,19380.602928713663,15662.908562014978,10503.881741648891,10543.192641918982,116916.07056666666,52128.252916666665
2025-10-31,35329.71293126094,15651.647773788034,37.08468029971426,15688.732454087749,0.0,0.0,15688.732454087749,221.49447125520805,7822.252778171041,17695.14621993727,14233.090755950278,10543.192641918982,10654.278955473339,71748.98903333332,47844.69696666666
2025-11-01,35417.323151284145,15407.626158801086,31.523922251444112,15439.150081052529,0.0,0.0,15439.150081052529,416.8643145949591,9088.64058627768,17611.852845042886,14169.389878774258,10654.278955473339,10761.17998404054,71974.20948333332,49430.17105
2025-11-02,72036.4096043136,48930.62554629287,1471.5663665325696,50402.191912825445,0.0,0.0,50402.191912825445,1341.9222334485162,0.0,20547.55266382092,16747.84020595499,10761.17998404054,10645.26604152938,117843.23631666665,49046.85238333333
2025-11-03,74242.16414432733,50691.162458032624,141.5755966430325,50832.738054675654,0.0,0.0,50832.738054675654,820.8706255382332,582.8330383486928,18047.043603400016,14478.844756130451,10645.26604152938,10800.0,117808.91503333332,48303.98475
2025-11-04,72105.14289156422,49058.12865929579,492.3212060216109,49550.44986531741,33.599550000000136,160.26007882500068,49710.70994414241,1236.430212154068,888.2588680632668,19139.06590623247,16066.291427061587,10800.0,10173.724396651896,117396.61073333332,49816.5387
2025-11-05,74905.37104678254,51285.6526283524,188.63479980056434,51474.287428152966,0.0,0.0,51474.287428152966,769.6638183491176,454.09203474361254,20209.34950586551,15909.601549282954,10173.724396651896,10684.803897172016,117764.40761666666,48086.38755
2025-11-06,72506.10601186531,50012.46002417561,3270.5261023092567,53282.98612648487,0.0,0.0,53282.98612648487,387.221479465651,0.0,21337.738414292347,17179.891623031617,10684.803897172016,10800.0,117713.09413333333,46343.50958333333
2025-11-07,36192.4918040085,15964.714164545681,48.715105158705065,16013.429269704386,0.0,0.0,16013.429269704386,619.5409349363033,8938.006187300718,17913.30821678602,14509.779655596682,10800.0,10800.0,72212.37866666666,48893.91688333333
2025-11-08,36231.398683808104,16028.120426251544,0.0,16028.120426251544,0.0,0.0,16028.120426251544,328.896089748169,8881.843069942512,17068.498661886682,13839.046237769253,10800.0,10784.93075373218,72034.86681666666,48243.65971666666
2025-11-09,74478.412795124,51225.444837770054,849.9493604816379,52075.39419825169,0.0,0.0,52075.39419825169,647.7708671995944,212.23583071594715,20415.00354962584,16706.424510074623,10784.93075373218,10595.740048312524,117877.67016666666,46530.85298333333
2025-11-10,75378.44726489068,52213.01975578841,2501.7182549789013,54714.73801076731,0.0,0.0,54714.73801076731,600.7027417231868,0.0,21037.386606578897,17286.071194065007,10595.740048312524,10322.642223050187,118420.10276666665,44561.65966666666
2025-11-11,76306.94589281917,52862.16909615295,252.44710537251422,53114.61620152546,2.0516666666667334,10.46965500000034,53125.08585652546,1028.4250598729923,227.55875833106393,19330.284942502934,15474.392383780676,10322.642223050187,10526.12935599097,117957.86744999999,46398.84778333333
2025-11-12,75686.86961370107,51959.9225518416,1378.4400537766917,53338.36260561829,11.773333333333426,60.579686666667136,53398.942292284955,1803.1073234239364,463.5332000000002,20449.176704552592,16489.73057426266,10526.12935599097,10608.465529796458,117416.71383333333,46460.726083333335
2025-11-13,74542.58525007952,52138.256337529114,1453.745824720798,53592.00216224991,2.010533333333342,10.126051133333378,53602.12821338324,347.4073499240423,160.46586666666644,19999.389191678656,16253.771598140858,10608.465529796458,10548.169582150742,117780.10726666667,45384.23595
2025-11-14,36002.59127391095,15652.944542306805,298.2692883500348,15951.213830656834,0.0,0.0,15951.213830656834,202.81529028965565,5199.453997447679,17929.565611391507,14495.690702455924,10548.169582150742,10578.455629674294,71737.89309999999,44139.4378
2025-11-15,36030.83845810477,16163.162181111624,386.3204097221374,16549.482590833755,0.0,0.0,16549.482590833755,265.47212400624994,4586.313126654436,18193.96584111084,14700.952613988165,10578.455629674294,10618.633093353861,72466.97681666666,44255.0899
2025-11-16,76923.22148702289,53722.19156660454,1804.4991371412286,55526.69070374577,0.0,0.0,55526.69070374577,662.8062681685132,0.0,20319.638481157857,16421.767709114712,10618.633093353861,10659.899160712917,118360.27023333333,43925.725849999995
2025-11-17,76923.47381227495,53644.5816357855,1951.6487552265633,55596.23039101207,0.0,0.0,55596.23039101207,2149.274979987619,269.16134999999986,20074.489310679004,16134.245586291618,10659.899160712917,10800.0,117269.71065,44573.95631666666
2025-11-18,76714.72181050226,54046.99112805921,1606.1439416402968,55653.13506969949,0.0,0.0,55653.13506969949,203.63471669676585,0.0,20890.178219471745,17082.221396741083,10800.0,10620.9144011456,117783.6865,42893.134666666665
2025-11-19,76750.62860617919,54586.91439502282,4715.413231959631,59302.327626982464,0.0,0.0,59302.327626982464,1570.7015489186688,243.10676666666654,19600.895960418653,16049.974562871468,10620.9144011456,10428.415695665197,118179.70134999999,42811.389749999995
2025-11-20,77757.39311652316,54314.397280133606,1100.7763179711103,55415.17359810472,0.0,0.0,55415.17359810472,525.4289310042595,28.772050000000036,20556.732570194807,16599.19995830528,10428.415695665197,10485.919499612437,117846.45723333332,43053.381199999996
2025-11-21,36786.40226540064,16435.951388512705,896.9542929093714,17332.90568142208,0.0,0.0,17332.90568142208,520.194162291611,4820.372471573541,17520.504119589357,13908.93588651857,10485.919499612437,10800.0,71999.1771,43134.793033333335
2025-11-22,36946.861113736864,16775.791664858854,304.43115125275864,17080.22281611161,0.0,0.0,17080.22281611161,272.21729464637974,3707.8424495626946,17848.359581506134,14677.475711936986,10800.0,10555.21727675887,72549.91013333332,42330.08065
2025-11-23,78760.86458829438,55491.437628260224,1897.975948399486,57389.41357665972,0.0,0.0,57389.41357665972,1136.2013274992828,0.0,20302.28392028252,16224.545524511832,10555.21727675887,10800.0,117782.69219999999,42550.595916666665
2025-11-24,77387.62104790755,54695.35434494483,529.6065387807954,55224.96088372563,0.0,0.0,55224.96088372563,710.7665299991999,183.90513333333342,18761.822487569785,15695.068265304784,10800.0,10246.675499585268,117975.68781666666,43813.74411666666
2025-11-25,81554.57716611857,57255.72034365634,12.521801910928238,57268.24214556727,0.0,0.0,57268.24214556727,1035.6205559033924,138.07047076561003,20697.048658444422,16463.25226746869,10246.675499585268,10581.516772775585,117682.39221666666,41513.73175
2025-11-26,80280.5457041974,57082.21387717898,1069.4583153466442,58151.67219252563,32.99316666666664,177.73418883333318,58329.40638135896,524.5415403333751,0.0,20669.501802269355,16550.870473599614,10581.516772775585,10794.212313040656,117686.43673333332,40928.76985
2025-11-27,79506.44689039938,56782.390384300066,1548.016258594686,58330.40664289476,0.0,0.0,58330.40664289476,1500.5312379740935,214.0128166666666,20213.3259820191,16424.768651314822,10794.212313040656,10736.462750952493,117198.14164999999,41417.248916666664
2025-11-28,37181.6072873682,16340.925181525312,209.6857910464221,16550.610972571736,0.0,0.0,16550.610972571736,192.47586655184,2962.869367370594,18217.28415868761,14771.861805100209,10736.462750952493,10718.838710326669,72239.02128333334,41317.78273333333
2025-11-29,37939.23082705577,16790.742679594543,175.34171015819965,16966.08438975274,0.0,0.0,16966.08438975274,192.5485313285946,0.0,17741.0228311408,14571.804867756897,10718.838710326669,10494.864960845729,72156.19988333333,37226.74978333333
2025-11-30,82627.8096614432,59431.84135276999,1866.8022236974653,61298.64357646745,0.0,0.0,61298.64357646745,302.4464831413245,0.0,20963.267494584477,16862.837445474237,10494.864960845729,10625.319655444831,118008.83443333332,37764.00631666666
2025-12-01,83848.25532887399,63539.02281638745,12669.513364152252,76208.5361805397,234.7974560034535,1539.5934557902322,77748.12963632993,2191.1208017060912,0.0,21937.534565624926,17612.19068805654,10625.319655444831,10800.0,125291.39163333333,38992.4639
2025-12-02,86693.12457662786,66952.27695114352,10813.186843156838,77765.46379430039,105.95513179000034,752.2424516914057,78517.7062459918,1488.2618592951671,0.0,22573.982206865876,18284.925587561353,10800.0,10800.0,125400.62359999999,36762.81365
2025-12-03,89551.28815169426,69536.10278757408,6187.396598748876,75723.4993863229,19.607955587667448,139.14785682788204,75862.64724315079,3251.902855236056,0.0,20192.1247216766,16355.621024558051,10800.0,10800.0,124622.93113333332,37460.18256666666
2025-12-04,91822.97993994204,71325.5689658958,3000.9345171511573,74326.50348304694,99.52302405562693,711.3263872074049,75037.82987025434,3570.6024802571505,0.0,20008.934218554386,16207.236717029054,10800.0,10800.0,125336.25094999999,38565.042199999996
2025-12-05,43448.212719382835,20800.552088307668,2203.4719705543043,23004.02405886197,0.0,0.0,23004.02405886197,1774.9345363328516,0.0,18095.545752481965,14657.392059510397,10800.0,10800.0,78868.07108333333,37556.443400000004
2025-12-06,44954.909214748826,22018.351034394927,3053.144243419515,25071.49527781445,0.0,0.0,25071.49527781445,1551.792300322205,0.0,17578.286730292642,14238.41225153704,10800.0,10800.0,79470.82115,35806.19033333333
2025-12-07,95945.25961150549,75280.85838501783,76.01309670926764,75356.8714817271,24.548135287347577,177.21298863936215,75534.08447036646,4841.825163042793,0.0,18835.17961417454,15256.495487481385,10800.0,10800.0,125067.46291666667,37414.78166666666
2025-12-08,100316.8586207275,78225.36130490011,0.0,78225.36130490011,0.0,0.0,78225.36130490011,8804.256551878938,0.0,19291.531327273093,15626.1403750912,10800.0,10800.0,124410.35393333333,36563.14281666666
2025-12-09,98229.82728294644,75629.94204275864,0.0,75629.94204275864,79.69273598829318,586.9182513154717,76216.86029407411,7240.629997058134,0.0,19370.714501104907,15690.278745894979,10800.0,10800.0,124694.68108333333,37306.22681666666
2025-12-10,93576.50237712782,72534.92255416178,880.26487973338,73415.18743389517,2.9409439396185917,20.933638962205134,73436.12107285738,2236.7349844123114,0.0,20858.888096741808,16895.699358360867,10800.0,10800.0,124378.76451666666,35991.146049999996
2025-12-11,93894.35057823508,71229.42244327757,0.0,71229.42244327757,30.088760693825748,214.2018873793455,71443.62433065691,4236.822043340928,0.0,19612.434713621005,15886.072118033015,10800.0,10800.0,123787.79896666665,37826.544266666664
2025-12-12,46217.038178594084,22452.360041776577,1522.4422024774635,23974.80224425403,0.0,0.0,23974.80224425403,932.2767927382248,242.8286754453967,17465.33114110614,14146.918224295976,10800.0,10800.0,78661.70368333333,34947.2902
2025-12-13,46730.691005702385,22921.947904126737,933.5937611406899,23855.541665267425,0.0,0.0,23855.541665267425,955.6437091611272,0.0,17908.50950521849,14515.849669049008,10800.0,10788.93670019775,78840.15755,35041.62416666666
2025-12-14,90468.74581749535,69949.44658014848,3450.4586759178483,73399.90525606633,40.90438201466441,304.79900258227184,73704.70425864859,730.9058736368415,0.0,22271.946882720986,18030.320005181988,10788.93670019775,10800.0,124522.58585,35743.86405
2025-12-15,92902.6867790425,71823.85724333953,1698.273344860795,73522.13058820034,30.215768250311612,212.02404581243658,73734.15463401277,1211.745810146138,0.0,21298.644885500828,17324.86476649242,10800.0,10718.930656403616,124305.22548333333,34835.66751666667
2025-12-16,93571.37369829931,72386.78649569079,394.8294065765176,72781.61590226731,16.538704149733462,119.12573773209517,72900.74163999941,981.4924335588491,0.0,20722.05939178755,16907.180492018473,10718.930656403616,10583.028006769664,124646.94338333333,35228.85205
2025-12-17,92569.62325210501,71167.96889649489,379.0688964910522,71547.03779298592,43.89567453910297,321.14028384850553,71868.17807683443,1168.1489267148277,0.0,20692.690168447174,16919.0915523106,10583.028006769664,10407.458544693676,124466.55465,36274.70758333333
2025-12-18,90712.69081563462,69215.237614508,2155.5888950744934,71370.82650958255,25.736527792521997,178.0611405988828,71548.88765018144,913.7133549465772,0.0,21947.051414976795,17703.479081734782,10407.458544693676,10489.27250513414,124315.35926666667,36949.0923
2025-12-19,45165.49489978561,21748.802584250727,1272.432483760193,23021.235068010923,0.0,0.0,23021.235068010923,255.2293678881149,724.3638859522623,18148.876508931484,14979.537290010621,10489.27250513414,10179.33104093845,78593.32543333333,35684.93413333333
2025-12-20,46797.20325164701,22398.350077956107,19.82861253244615,22418.178690488552,0.0,0.0,22418.178690488552,145.648059453062,159.1346205994838,18443.036880543634,14765.294299738473,10179.33104093845,10372.181678162755,78668.52011666665,35812.16786666666
2025-12-21,92533.70826565032,70948.76934100655,1540.2826940407085,72489.05203504725,17.092947782268084,123.56491951801598,72612.61695456527,622.5825376206681,0.0,22374.655270411076,17738.43427937946,10372.181678162755,10800.0,124376.44096666665,35338.659100000004
2025-12-22,91547.34840535132,70992.97961255687,1313.7763388630635,72306.75595141997,47.07377598202936,331.1551696258873,72637.91112104585,465.21493889058536,0.0,21330.043192864592,17797.197988971202,10800.0,10222.374441387903,124718.45381666666,35781.02673333333
2025-12-23,92745.49692194353,71164.07351981597,362.8300970530269,71526.90361686898,0.0,0.0,71526.90361686898,1678.6667182772828,0.0,21397.083780515488,17055.269769117593,10222.374441387903,10529.45010038785,123956.65456666666,36698.562033333335
2025-12-24,91017.79945537596,69267.2384120297,849.4019664932417,70116.64037852296,13.04080380289679,99.45119659638534,70216.09157511935,555.0639592533457,0.0,22320.089483192838,18286.828179829914,10529.45010038785,10298.832657672621,123954.37128333331,36099.81196666666
2025-12-25,89935.04004044704,68469.89856411889,2090.6966493158257,70560.59521343473,0.0,0.0,70560.59521343473,199.895958757946,0.0,22343.46952213715,18095.527750565936,10298.832657672621,10301.813282522797,123789.8579,35977.40936666667
2025-12-26,45193.094945509045,21712.33043204825,1457.0136972511687,23169.34412929942,0.0,0.0,23169.34412929942,76.64754991617872,0.0,19088.069793987088,15051.125777970075,10301.813282522797,10757.603010477755,78270.30764999999,35262.685216666665
2025-12-27,45490.025217499904,21388.584081937475,708.2749738152676,22096.859055752757,0.0,0.0,22096.859055752757,216.78996458908819,0.0,17879.01765084961,14679.914144650633,10757.603010477755,10537.703179963924,78409.18393333333,35070.374866666665
2025-12-28,91934.34858653307,70016.4924613982,438.35547574853473,70454.84793714675,116.9985081168594,874.5758203309828,71329.42375747774,1697.289163750722,0.0,20720.33871177566,16717.125027527873,10537.703179963924,10611.424656642159,123511.26975,36702.015
2025-12-29,91342.5648924224,69651.9184056293,1193.7766154654548,70845.69502109478,19.0209195589008,132.19539093436055,70977.89041202914,1418.7801742032473,0.0,20698.130233340857,16967.495742635267,10611.424656642159,10386.968819276419,123677.30638333333,36153.54011666667
2025-12-30,90339.08295253146,67891.92881274881,1179.5808857164295,69071.50969846523,54.20504858661593,396.5099304110956,69468.01962887633,994.7677536039245,0.0,21915.203041454777,17654.712873588993,10386.968819276419,10494.303919264621,123526.50905,37302.10644999999
2025-12-31,90115.57976370421,68530.66977754235,2025.498201367242,70556.16797890958,179.56267614418505,865.3534788114274,71421.52145772101,215.16212693643564,0.0,22236.964473405533,18712.356621676896,10494.303919264621,9716.064587910823,123791.70508333332,35145.28215
