date,R_reserve_kwh,per_slot_q80_sum_kwh,inflation_ratio,load_mae_kw,pv_mae_kw,netload_mae_kw
2025-02-01,568.7035712824407,4194.1240711139035,7.374886114493793,163.30184788802782,102.82740614557557,227.6634396812429
2025-02-02,464.8320811258811,4058.4177830404446,8.730933056966405,157.48126424257714,140.42086003251734,276.1507507643563
2025-02-03,360.9605909693214,3885.511583593825,10.764365088054891,131.5659160164337,104.853950032557,205.71631213292528
2025-02-04,257.0891008127617,3737.2739266999642,14.53688201827671,171.16892842050572,98.84478737753089,200.09188570014234
2025-02-05,153.21761065620205,3671.820421816653,23.96474142946715,141.0731591208496,98.6248657881623,197.24941262927052
2025-02-06,568.7035712824407,3798.8739160123114,6.679884051801813,134.98871311254635,112.81897228986054,183.39652957362074
2025-02-07,464.8320811258811,3754.672246273254,8.07748087692005,129.2107192057011,187.4471119621636,274.61594375721853
2025-02-08,360.9605909693214,3769.2660946661736,10.44232026699704,202.0276953215128,122.6356670770803,257.7523477035836
2025-02-09,731.4950099854753,3971.075951144758,5.428712290496156,198.71676961982777,74.23770298615358,210.52292658849126
2025-02-10,1093.8023015649594,4200.875722787288,3.840617008006729,137.73692079986995,210.49874590628193,248.12828213070588
2025-02-11,975.682168040025,4158.175907111723,4.261813983404833,136.09210289443124,152.76217429267862,210.49889981685772
2025-02-12,894.2864486885098,4152.991000407669,4.643915835354678,120.08680923990434,114.52940010191661,167.29365226698624
2025-02-13,812.8907293369919,4109.55721336086,5.0554853992647795,139.8962046878007,209.37918623552957,308.3935151056781
2025-02-14,731.4950099854739,4035.09052342577,5.516224264477073,121.92461150564239,74.0198603197552,137.64802179757046
2025-02-15,650.0992906339587,4063.1215232774634,6.250001471798593,134.45309783450654,105.2294722092974,186.73879170383645
2025-02-16,568.7035712824407,4046.9487164581815,7.116095134293269,123.56861734539244,98.39453264296763,173.75915600126743
2025-02-17,552.7302016197264,3964.6233797891146,7.172800343044655,117.9073465394926,224.3396472779367,312.5372169445787
2025-02-18,536.7568319570114,3877.455554842218,7.2238587829521315,121.67527008615778,85.41295004158603,162.97552657206495
2025-02-19,520.783462294297,3903.509804165602,7.4954565319121285,116.37861601524102,124.73137838473927,187.23688284572248
2025-02-20,636.7274739694042,3911.4223593940515,6.143008617187456,125.19213052942278,115.27317178912062,204.30570843682398
2025-02-21,568.7035712824407,3854.6117039542196,6.77789255879293,137.57171854805793,96.32800528746591,193.5340306754547
2025-02-22,552.7302016197264,3819.1551716954227,6.909619124310071,124.6650212677195,87.15646297653115,154.90338519151257
2025-02-23,559.0014663187525,3860.7401237850104,6.9064937328510485,121.58764157924257,115.24381752857016,190.8797915140323
2025-02-24,554.1504138369085,3823.2022047552186,6.899213840306581,122.5136072362637,111.67370594009569,192.0710256182657
2025-02-25,549.2993613550643,3770.880440270654,6.8648913608206,119.10951715739549,204.3075785614648,286.2710138629609
2025-02-26,544.4483088732201,3701.2293268891026,6.798128062054407,132.32011448386876,114.95045499241718,182.48828405875668
2025-02-27,563.8525188005967,3777.2968256922036,6.699086551439213,109.59564296095985,157.1140338421415,211.27615183832688
2025-02-28,559.0014663187525,3773.4345157373946,6.750312375004962,117.3496716835035,97.24932859197769,179.7467444669859
2025-03-01,554.1504138369085,3792.9033037708036,6.844537528193726,192.52167272754318,160.33366877458553,249.5470689494624
2025-03-02,549.2993613550643,3784.8335780934813,6.890293061249317,145.19412862560065,173.67741881288876,247.50207314697238
2025-03-03,568.7035712824407,3892.0874666209093,6.843789388985469,145.69777109523116,140.16372417214473,234.42545246519109
2025-03-04,563.8525188005967,3899.6643333365087,6.916106966466533,130.912342610059,106.27871507001561,179.489281799035
2025-03-05,559.0014663187525,3884.294357772087,6.948629997970692,126.31137249207637,186.57617794058868,247.12464556068304
2025-03-06,554.1504138369085,3862.9261606048603,6.970898269042446,135.21412900986147,87.29645564372018,176.71669007680418
2025-03-07,613.400234365951,3871.617988766697,6.311732164185827,150.02137460934608,106.45198327328107,183.21325367771936
2025-03-08,568.7035712824407,3846.0356364203567,6.76281252770657,130.14860988472245,127.20859790269014,171.29574806044923
2025-03-09,563.8525188005967,3834.686822905728,6.80086848075577,139.82620722937605,192.65537167214444,234.3672538107414
2025-03-10,559.0014663187525,3844.5532174029636,6.8775369100923465,147.93921546316176,135.0423286029967,255.81327517030434
2025-03-11,658.0968974494612,3955.120828069401,6.009936900474655,112.65733110180481,124.65665749503334,205.9087322247993
2025-03-12,815.5141263034418,4017.4795192712468,4.926315056590935,114.39711011779212,157.38237822248286,223.1476433728712
2025-03-13,792.1868866999886,3985.5535477149106,5.031077406895138,113.60339343128459,158.39298381925153,245.5901590506259
2025-03-14,885.4958451138007,4060.4615358096894,4.585522967968138,116.02673184385068,118.39682288449825,200.79444238401103
2025-03-15,862.1686055103474,4017.5808443230753,4.65985518220642,94.21158867175444,105.87279383319752,159.5209723120364
2025-03-16,935.5667180463622,4029.0463143771603,4.306530188237735,108.99669582907453,116.70350169265147,180.28912187769333
2025-03-17,922.1949013818077,4011.323922815946,4.349757211632181,115.3419913438576,244.58977454144372,299.09053135357567
2025-03-18,908.8230847172531,3967.372232223241,4.365395530701713,105.48004755484453,146.51609495532566,217.3105639211287
2025-03-19,885.4958451138007,3935.899316884881,4.444853511852507,101.77752679593989,127.57651777776609,189.49199374662123
2025-03-20,948.9385347109163,3954.2234249274647,4.166996365188263,117.29526329271565,124.09305327100411,204.10103920296064
2025-03-21,1002.801419749608,3993.060706650618,3.9819057173330044,112.48519706126748,217.80093180442157,272.73448686985455
2025-03-22,989.2417938948165,3983.2411348002215,4.026559693881826,102.28825775994548,102.52886617529819,168.2717979870274
2025-03-23,975.682168040025,4001.2231721365647,4.100949369787421,105.0770843058715,150.3647532105467,233.0458352418654
2025-03-24,962.3103513754704,3998.6641488058494,4.155275003630992,116.4092154514823,181.67864249335196,262.17976358540614
2025-03-25,948.9385347109168,4033.5543259705705,4.250595985333598,121.1277907393352,113.44054909826335,201.26920087912157
2025-03-26,935.5667180463622,4059.3918709874542,4.338965669347688,90.64920419963084,159.8172616415218,211.31059999072866
2025-03-27,922.1949013818077,4049.419225931657,4.391066595427981,108.28349148998106,105.12804425507825,181.68845692221942
2025-03-28,908.8230847172531,4066.6499545566953,4.474633207432098,119.3300144776585,90.5024055199317,166.9283939764415
2025-03-29,885.4958451137999,4034.7383168242177,4.556473459574157,89.40313943414917,156.7842696115241,190.72592225489856
2025-03-30,862.1686055103482,3995.413298778642,4.634143801157797,123.50546887146346,150.10438559657484,214.14838074149873
2025-03-31,838.841365906895,3996.2237262040617,4.763980281162734,104.21054734862793,222.2063944831042,283.4233699808968
2025-04-01,922.1949013818077,4056.786761777421,4.399055726396635,113.16449775078208,112.37655423488803,195.8866845361189
2025-04-02,975.682168040025,4082.6264179147574,4.184381504190079,108.36873438101601,156.66405133012162,228.5274922236066
2025-04-03,1029.92067145919,4140.371715919327,4.020087984109741,100.14015830831984,177.93068593294333,238.1244167438827
2025-04-04,1016.3610456043996,4112.1809512354885,4.045984415695603,102.62633761609901,131.10681436109212,207.58150465504838
2025-04-05,1002.801419749608,4095.268721303215,4.0838282043176335,107.08599141252202,162.70792088457398,239.57366420418182
2025-04-06,1053.9031047242295,4143.315795954783,3.931401072244633,100.81467671622475,107.59413979977442,176.6140255955572
2025-04-07,1043.4802973139817,4104.754864888937,3.933715735174846,100.8346823947855,151.99036276595763,208.853215777737
2025-04-08,1029.9206714591912,4141.146997459091,4.020840742609734,96.1158415422971,210.6729514495589,265.6980157542322
2025-04-09,1016.3610456043996,4152.91296437437,4.086060738292814,96.96595378149328,197.2172143755364,252.1738504250933
2025-04-10,1064.3259121344774,4247.902009628086,3.991166578956093,101.5020062795981,133.84412352979336,202.10248058705932
2025-04-11,1053.9031047242295,4236.381729842858,4.019707040289415,111.38286460687853,159.67995098234118,233.5665701235348
2025-04-12,1043.4802973139817,4264.332788961339,4.086644280623353,105.4345721959964,100.69006555688217,159.7711104166079
2025-04-13,1029.9206714591912,4272.031627518112,4.147922986598084,111.312172325488,109.66630603739814,186.58132098940519
2025-04-14,1042.5370163618154,4298.725265798756,4.123331064828945,112.93278702661412,128.27815994865196,190.92449706557196
2025-04-15,1042.065375885732,4306.327260556816,4.132492413824359,110.42955222965583,180.47491428495007,253.11342376396635
2025-04-16,1041.5937354096488,4304.582857059426,4.132688888884758,97.49580941995343,117.97421511414245,179.53990306309606
2025-04-17,1043.4802973139817,4333.99416441713,4.153402968482727,86.04856001548522,117.93220836935991,170.51751163518873
2025-04-18,1085.1715269549732,4395.6076288346485,4.050610912330945,102.5658424349859,96.30769591133642,159.184393263863
2025-04-19,1074.7487195447252,4416.064620388599,4.1089275475101665,106.8256113824785,117.70084509468936,191.47929332260503
2025-04-20,1064.3259121344774,4393.278255405775,4.1277565502423705,102.9966522270777,160.63448796527487,219.4597696882202
2025-04-21,1053.9031047242295,4416.447308412633,4.190562954616465,117.2700300302328,224.0041140568345,273.13336406492976
2025-04-22,1043.4802973139817,4383.63382461893,4.200974216669757,105.73339410214716,174.78287758686184,243.3929691386952
2025-04-23,1085.1715269549732,4448.130527235931,4.099011462010555,112.99600886752917,119.17456739526844,209.7078152615867
2025-04-24,1141.9224311366374,4473.172323463434,3.9172295783794735,91.17816542582825,160.06994217734876,220.97163182451473
2025-04-25,1126.4797322128315,4457.34527409628,3.956880134310425,102.89720435268683,132.49639607953713,182.1943973932765
2025-04-26,1111.0370332890259,4472.386001895968,4.0254157763367,110.1869039216361,241.65138449232987,294.63658093470104
2025-04-27,1095.5943343652202,4485.381371540102,4.094016581546947,112.17511883824301,190.92061127917657,255.8812128335585
2025-04-28,1157.365130060443,4541.0520917180875,3.9236123274950683,107.4006867538129,284.8869968882902,337.91316598318804
2025-04-29,1293.004734405449,4621.955127490842,3.574584844514212,83.67231169950959,188.22949766979903,219.57797678701576
2025-04-30,1252.9390992650485,4599.946570633796,3.671324945747197,101.03085118309491,176.02969982819135,248.13328727235694
2025-05-01,1212.873464124648,4634.040289519327,3.820712074745402,204.39880603759997,159.7293216755687,320.2727648954741
2025-05-02,1373.136004686247,4673.032815045859,3.403182786772544,175.08701204994253,285.17964071920784,431.31542951728846
2025-05-03,1413.6367841240954,4782.644507039997,3.3832201883480097,176.31380446392055,85.53215564954921,222.27123714981934
2025-05-04,1466.9289482058543,4790.432326031463,3.265619873335011,160.09851063052812,213.4381980482229,325.62395961216293
2025-05-05,1452.5399584650884,4779.695125271604,3.290577376144853,163.22290554462967,165.6024093393537,245.11967901147966
2025-05-06,1438.1509687243224,4782.190865094641,3.325235645696202,151.98906767358892,162.81090620963732,265.6869209296832
2025-05-07,1423.7619789835567,4789.498113806503,3.363973883630319,151.14123888228107,125.20379300337065,203.21170563438372
2025-05-08,1481.31793794662,4817.955872765755,3.2524792614368327,173.61309362329976,129.08797910475653,235.6035485078335
2025-05-09,1466.9289482058543,4818.165932503332,3.28452576956522,154.7001926339127,172.46977995045629,282.7092050532649
2025-05-10,1452.5399584650884,4790.639627963217,3.2981121104754516,154.32260658150835,138.11850751258325,221.83737612789295
2025-05-11,1438.1509687243224,4796.351866271458,3.3350823179057114,129.4493783692547,126.23066091321607,205.04718052896771
2025-05-12,1423.7619789835567,4784.51162743134,3.360471552167075,114.51925268526595,219.7256188281174,280.21912170960326
2025-05-13,1413.6367841240954,4798.927580814128,3.3947387580096082,118.42782894251712,90.57796409582154,174.92072362156145
2025-05-14,1403.5115892646331,4783.484365437216,3.408225768868437,106.31557155969038,127.9511688647192,188.2760778292731
2025-05-15,1393.3863944051711,4781.750153207286,3.4317474122090794,144.4759402662847,103.66762384900406,203.28327361179242
2025-05-16,1383.261199545709,4784.835157493936,3.4590973556298503,145.40679210842134,179.0615178997647,268.3956579193186
2025-05-17,1373.136004686247,4754.618576749477,3.4625984320000978,133.8361880100894,165.94993338526163,220.537381056052
2025-05-18,1344.7164534513988,4793.173640781946,3.564449314559668,136.33999859348503,158.3443400830365,248.67227636919122
2025-05-19,1316.2969022165487,4804.551777018519,3.6500517238382932,126.76670072909292,220.14901895151257,292.21943472891195
2025-05-20,1287.8773509816983,4784.006994953286,3.714644869953358,109.9788382029445,206.99113737019343,265.48566952197376
2025-05-21,1383.261199545709,4824.567066053574,3.487820715016123,115.75622910154682,205.79543328211702,258.0357869297148
2025-05-22,1373.136004686247,4848.322008580855,3.5308388914386284,130.73327393377133,114.54712900825507,201.76875006337897
2025-05-23,1344.7164534513988,4857.104882470173,3.6119918589556543,124.92647055752552,130.4928010599112,192.51756458676033
2025-05-24,1316.2969022165487,4856.5551286878235,3.689559035282797,125.75330098322976,165.41746872425435,246.97258074684657
2025-05-25,1287.8773509816983,4855.791345025497,3.7703833686679236,135.82158738507377,150.86903902940787,231.67202962838954
2025-05-26,1259.4577997468482,4848.271208650754,3.849490796456427,120.92941681804434,287.9474868725546,365.6306400693767
2025-05-27,1373.136004686247,4893.490890503799,3.563733580507148,111.64776242174682,115.59349577837172,206.5572662008657
2025-05-28,1344.7164534513988,4900.669576418254,3.6443887957494794,114.03237281976368,182.42195851460923,249.14461653522474
2025-05-29,1379.5354713700788,4946.301709807357,3.5854835286656037,123.16765696486092,134.29997641506893,231.21221518523302
2025-05-30,1399.7858610890028,4999.931687956774,3.571926125948248,120.74290729907989,208.67581715509104,271.93394666385234
2025-05-31,1391.793821790818,5004.862315026368,3.5959796894245613,149.2429631940884,120.31842658261864,222.43487510170928
2025-06-01,1383.801782492633,5005.675669529556,3.617335757808366,364.153718260403,247.49304235337956,602.70049070328
2025-06-02,1415.7699396853725,5117.207585182937,3.6144344089691134,299.3908090038076,250.47390040631308,513.3182354685313
2025-06-03,1466.9289482058543,5175.911151567727,3.528399352878126,217.32975857833893,107.3183376746306,229.56083839975406
2025-06-04,1452.5399584650884,5166.208599093283,3.5566722753379265,217.60675768847966,171.02958068554187,344.4661284597751
2025-06-05,1438.1509687243224,5154.941685705791,3.584423191870016,210.0935030047036,136.81777212506015,256.0622309702091
2025-06-06,1423.7619789835567,5164.1711046216005,3.6271309255697175,261.64376802488874,205.02345239170168,389.9040448616313
2025-06-07,1481.31793794662,5220.5985119021025,3.5242930488905135,233.10406008790284,93.5595297944807,238.3527811856706
2025-06-08,1466.9289482058543,5248.044520238501,3.577572401619851,332.993156131836,367.3894382033264,686.1466678191264
2025-06-09,1452.5399584650884,5209.622427660209,3.5865604917094758,244.94222767340773,143.44698691220958,336.04735630440416
2025-06-10,1438.1509687243224,5182.87489379236,3.6038461931362504,187.52190720482884,158.0643278059664,256.916823413743
2025-06-11,1423.7619789835567,5171.816894580297,3.6325010577066603,144.7365607857454,169.84638853289698,244.16852096109017
2025-06-12,1481.31793794662,5200.404786593865,3.510660779415515,151.97348232646874,126.44405391154734,243.1085290211072
2025-06-13,1466.9289482058532,5181.230089092544,3.532025252776909,135.60210873279388,141.0511440421588,210.62519279357804
2025-06-14,1452.5399584650884,5180.030482581404,3.5661879402307024,139.1194422359957,166.40964731043698,263.96895306499715
2025-06-15,1438.1509687243235,5165.095655844499,3.5914836259687464,184.8899651771193,191.9433683323139,325.45237024207916
2025-06-16,1423.7619789835567,5191.903025219461,3.646608844637101,162.07327709472162,127.63186264646879,232.8603071418824
2025-06-17,1415.7699396853725,5203.383415867425,3.675302935887858,152.5445482778246,141.0772796946439,250.7882175345294
2025-06-18,1466.9289482058532,5236.268565399947,3.5695447770692876,143.21199008042913,133.37398697709776,223.55407555146118
2025-06-19,1452.5399584650884,5220.128470405161,3.5937933686322245,163.645320527803,176.03799308780955,249.79073229389834
2025-06-20,1438.1509687243235,5203.758983352368,3.618367679415628,155.88270094769857,115.07772568926063,198.01515523157934
2025-06-21,1423.7619789835567,5176.527266613844,3.6358094562332943,153.02671808414303,173.71200723077627,274.59017090853706
2025-06-22,1415.7699396853725,5177.450965098194,3.6569860822506106,136.31771298859405,202.61174276596577,276.8170385051396
2025-06-23,1466.9289482058532,5203.7594617987,3.5473834422336723,153.6147326832555,108.62211592298405,202.5074594617309
2025-06-24,1452.5399584650884,5215.494588344207,3.5906031761463315,168.05758129530614,285.6364838656276,420.32601381317204
2025-06-25,1499.9581719450543,5279.688038772475,3.519890179288198,145.99600796001351,145.92875009702234,230.95089968248107
2025-06-26,1516.9631489757305,5298.064107752934,3.492546349151753,136.1510257337285,120.47773526356097,215.32863994694162
2025-06-27,1512.7119047180615,5306.957668496225,3.5082408302229453,148.62654018594262,104.31559325716685,196.3545229941727
2025-06-28,1508.460660460392,5302.53413876474,3.5151955087422513,148.22896297442736,148.23254513109723,242.49023182028805
2025-06-29,1504.2094162027233,5314.96500060202,3.533394315546366,143.29847941245217,176.56681462969607,294.11314537423436
2025-06-30,1526.827086313523,5349.187237768187,3.5034662966869643,149.88085812013787,182.41678519128547,289.106506524133
2025-07-01,1566.2828356646887,5381.299252189692,3.435713607821037,670.9090467711105,180.97557363866932,539.0816925350294
2025-07-02,1627.3223055272285,5444.34569147922,3.345585366210126,435.2735684445326,205.71744798739886,395.3738952914583
2025-07-03,1696.1028252877265,5474.176330919157,3.2275026309153865,188.7286281170933,180.30710339054062,295.6080902470874
2025-07-04,1745.9695499945853,5510.516234832624,3.1561353603501923,175.29244064399646,144.9858145665151,284.416700030956
2025-07-05,1768.868807126986,5529.992454866651,3.1262875079178536,162.2792996216969,137.2754678016165,233.5868671793433
2025-07-06,1767.2489847600077,5531.739523940954,3.130141576905285,231.74366480966924,261.5317367781308,298.0803548333974
2025-07-07,1764.9706942868463,5562.88344231552,3.15182765375221,257.3593292938604,171.70924647530424,408.8464988705921
2025-07-08,1762.6924038136847,5542.7107086199585,3.1444571364964133,575.870414238235,248.9901817432377,571.2331193189335
2025-07-09,1760.4141133405235,5514.751987944563,3.1326447261206565,402.38668245967114,133.2407538551163,426.67748363149235
2025-07-10,1758.135822867362,5486.650425430985,3.1207204551937,260.88249152246215,131.41154531229887,322.0115435185992
2025-07-11,1755.8575323942005,5473.71778936372,3.117404281599105,169.12605928974907,204.83934959252326,284.4124470853788
2025-07-12,1751.0426779455547,5502.46640847941,3.142394230468036,137.5574797922907,154.65215839920543,231.90897211133245
2025-07-13,1762.6924038136851,5527.0736290589175,3.1355860030376146,197.62251538338876,258.4731400255627,270.2760818619114
2025-07-14,1760.4141133405235,5506.302431884958,3.1278449713382033,216.90427302690077,133.15929874970962,232.92009275267628
2025-07-15,1768.868807126986,5521.000829478031,3.1212042449011776,238.59725304585493,197.52115458341424,343.76514001318964
2025-07-16,1767.2489847600077,5526.495411530505,3.127174189482419,206.41027280479568,123.13039277549706,296.9550803686949
2025-07-17,1764.9706942868463,5537.783347103081,3.1376064005077864,169.21494266178428,141.1246627515849,255.85322742099822
2025-07-18,1762.6924038136851,5535.286864668666,3.140245486219126,146.53588841394014,161.14238306546568,255.32248501652762
2025-07-19,1760.4141133405235,5549.188120768291,3.1522061080493566,149.89894366271065,196.36657856292112,291.14311987886833
2025-07-20,1758.135822867362,5532.0167520559025,3.1465241081509157,178.2910658132668,136.8565195697541,225.6743719534292
2025-07-21,1755.8575323942005,5518.541824272439,3.142932568536827,168.63353363925089,167.84076129884983,245.2088305059616
2025-07-22,1751.0426779455547,5528.771215942635,3.157416598451715,158.87008862566213,127.75995279128993,217.67042607590656
2025-07-23,1746.227823496909,5536.753620702745,3.1706937354915796,152.15073806650537,169.82113780805003,240.50790698997767
2025-07-24,1741.4129690482623,5530.318868613345,3.1757652934190794,167.20652111786433,173.70244249222554,248.92807171600776
2025-07-25,1736.5981145996166,5533.475812321519,3.1863882413561733,143.5961465036329,127.16665843576291,225.51024609103402
2025-07-26,1731.7832601509701,5523.853643507097,3.1896910950770763,160.01476925248173,125.36446831094437,217.750419765125
2025-07-27,1713.9430427193495,5512.8329627164285,3.2164621724942175,150.5987280284623,156.21183052187598,269.10922046556027
2025-07-28,1746.227823496909,5535.898424188149,3.1702039961213275,161.41541404960742,166.78315586638652,277.9560715042484
2025-07-29,1760.4141133405235,5564.390497401175,3.160841790141246,164.1119089523332,148.57932882147668,258.53455374193123
2025-07-30,1758.135822867362,5571.331884433008,3.168885937007224,140.92358352297194,138.72532805814066,227.4438140538825
2025-07-31,1755.8575323942005,5581.999181985224,3.1790729481189093,157.38490655373514,122.2455951429735,231.82956278644582
2025-08-01,1764.9706942868463,5584.433757069275,3.164037666543648,157.30760110313238,309.5922973615225,377.1267502336933
2025-08-02,1762.6924038136851,5576.090384484033,3.163393892445355,151.58519287772572,269.6197556970696,364.36715753917935
2025-08-03,1760.4141133405235,5560.520081187664,3.1586432073281565,147.62969217480168,182.22650298827773,256.02045623815087
2025-08-04,1758.135822867362,5553.4320837340465,3.158704811939328,168.85621748143862,92.46736008095779,200.7698485492141
2025-08-05,1755.8575323942005,5557.560858132863,3.1651547779932057,165.17631627762296,153.8396568603066,235.11597647316154
2025-08-06,1751.0426779455547,5562.064136910807,3.176429796352313,171.11642365974305,140.03475178257804,247.1422564052628
2025-08-07,1762.6924038136851,5575.506361018828,3.163062567783184,166.99336739216739,264.01517914504467,372.97534851676005
2025-08-08,1760.4141133405235,5567.395758663021,3.162548923274906,141.58685326627787,165.3664174317115,268.6406597893258
2025-08-09,1758.135822867362,5565.2591822607765,3.1654318795372345,144.26092504620135,129.17284172713127,206.86623482006436
2025-08-10,1755.8575323942005,5565.513630416511,3.169684059063523,158.77005387538395,154.60158522359433,242.90033376981884
2025-08-11,1764.9706942868463,5573.299180185529,3.157729019652349,156.31184717507304,150.03536626227913,262.12443690346277
2025-08-12,1762.6924038136851,5583.969266745866,3.1678636923065144,147.04133040641813,184.34395014336724,274.5776535779389
2025-08-13,1770.4886294939638,5603.52003559754,3.1649568047206964,146.66385815812023,127.2180040510613,235.08715438650017
2025-08-14,1768.868807126986,5614.519654881824,3.1740735278163346,173.86629304982313,174.0067440092621,292.12081855085495
2025-08-15,1775.348096594898,5626.7960066029755,3.1694043649215162,170.40847743696852,235.6599318354439,359.9693945077563
2025-08-16,1773.7282742279199,5624.478950988179,3.1709924415770163,156.03414850239454,180.989641738113,269.0932842065638
2025-08-17,1772.108451860942,5615.279869661457,3.168699897438382,159.2672151055422,178.62745321074277,271.241571069304
2025-08-18,1770.4886294939638,5616.032067244433,3.17202379822659,169.9397955935789,128.98509347305284,266.0499927429975
2025-08-19,1768.868807126986,5623.683480883772,3.179254141531171,157.0858317241211,121.61899225355741,209.14048058183292
2025-08-20,1767.2489847600077,5617.498287182892,3.1786682779991797,159.7754314237807,211.31538348889106,300.59173370528123
2025-08-21,1773.7282742279199,5648.561211515693,3.184569639887167,139.4274783885421,138.607592517542,229.16136136808205
2025-08-22,1772.108451860942,5635.686508566514,3.1802153545672205,162.54462698289774,139.00762477347746,254.74082935785816
2025-08-23,1770.4886294939638,5642.606536612167,3.1870334791276917,138.2109117917951,138.68827851363747,235.31754920480228
2025-08-24,1776.0991166129447,5664.2841642069625,3.189171207409225,163.41664714842625,177.62776833637386,297.6453181870116
2025-08-25,1775.348096594898,5660.021759830737,3.188119428908961,133.07054950862178,197.6695315112771,273.5940266786249
2025-08-26,1773.7282742279199,5652.889876331094,3.1870100727755046,155.2895221279175,126.37685470447695,215.51733859427162
2025-08-27,1772.108451860942,5636.070822312977,3.1804322226409885,131.25538248933086,140.79679147836987,206.28158519515975
2025-08-28,1770.4886294939638,5636.472460767951,3.1835688560049955,181.96480508100427,181.75154263023856,323.64408351387283
2025-08-29,1776.0991166129447,5664.6920086341415,3.189400836726285,154.29865051972178,185.42873198153274,287.7272766007101
2025-08-30,1775.348096594898,5651.779127216771,3.1834766027331955,161.10667788958952,261.37893021621363,374.6293321109121
2025-08-31,1773.7282742279199,5644.286410234687,3.1821595744092024,154.17915995656958,132.55311580773756,243.58622654797486
2025-09-01,1772.108451860942,5658.031858474322,3.192824825440373,517.5586928007617,174.9257339958486,664.256797356103
2025-09-02,1770.4886294939638,5634.779552451682,3.1826126745937926,277.69768302273985,129.37708747612578,361.6576097481093
2025-09-03,1768.868807126986,5630.380870562569,3.183040397273718,229.43614792414414,157.6936916950099,255.39362501372247
2025-09-04,1767.2489847600077,5627.414771486692,3.184279532773869,236.03094716818157,170.84786891808918,309.5330492149532
2025-09-05,1764.9706942868463,5638.91670592622,3.1949067053516598,245.63205329081848,131.57662519033025,347.00887592295214
2025-09-06,1762.6924038136851,5623.174547230577,3.1901053950561766,248.3166282321769,241.15880504762603,480.24657314039337
2025-09-07,1760.4141133405235,5642.849251647089,3.205410141219182,280.2455221015386,111.18789672536022,373.9042980111737
2025-09-08,1768.868807126986,5694.165037412895,3.2190996949408666,505.5256802371493,194.1714043805356,614.8117022883912
2025-09-09,1775.348096594898,5763.182145785202,3.2462265607735943,309.4951237954496,168.66135963655265,328.8901158603864
2025-09-10,1778.3521766670851,5800.52335381541,3.2617405201969123,224.29146161652417,184.50788275450108,370.90824352530916
2025-09-11,1803.6701264284334,5841.70557901598,3.2387882315174386,158.3721515397056,281.9421307252017,358.6083943540961
2025-09-12,1795.4811498473325,5837.492364888845,3.2512133950196023,136.54885368436985,151.71668043248252,246.59265438177337
2025-09-13,1787.2921732662328,5855.637009734598,3.2762617647642713,176.57041352624728,138.211118249396,272.30666418948175
2025-09-14,1779.103196685132,5843.277504477288,3.284394921758684,162.50130013745783,96.17638718503126,226.22836039462703
2025-09-15,1811.8591030095329,5860.885990216874,3.2347360677669856,190.55556417472098,124.83878660947761,259.1376897261703
2025-09-16,1855.0369276902786,5876.375412037885,3.1677943033482396,140.03403095054338,83.17683789445755,184.42722127113595
2025-09-17,1843.3739783237295,5869.455830059625,3.184083045046025,111.35017183120951,151.48014368511298,205.6609282337471
2025-09-18,1831.711028957182,5873.781143096321,3.2067182269685546,124.61022820775644,119.27780641647385,195.7784583284057
2025-09-19,1878.362826423374,5874.344391761432,3.1273747058479016,120.82330292172895,107.25024652060443,190.0139957424467
2025-09-20,1932.0419413598706,5880.493893425913,3.043667824978436,139.30978590659413,142.5697942293716,246.31467514429485
2025-09-21,1946.131869270656,5896.1300972344,3.0296662781870323,130.18853662105948,166.92385355501145,274.08351925344544
2025-09-22,1945.9084862117686,5889.744005425375,3.0267322678114925,147.36422820049714,74.61630673924834,176.02463534075972
2025-09-23,1945.685103152881,5878.904051134519,3.0215084864493553,136.34428557275396,86.08395818193725,174.74197448900958
2025-09-24,1945.4617200939938,5868.389768813276,3.0164509063327896,133.63869450562186,141.76241348017334,237.13485256870757
2025-09-25,1932.0419413598706,5878.92311773641,3.0428548117327727,161.61559350045047,100.68342002473393,232.68307665752087
2025-09-26,1918.6221626257475,5869.784044114706,3.0593746692061354,120.40063594726442,107.94735899339307,184.90351492608355
2025-09-27,1905.2023838916223,5862.805903456854,3.0772614778495684,153.34726125568335,169.41989283603206,282.6519081703466
2025-09-28,1945.685103152881,5889.205359594986,3.026802924096934,127.88133449770976,102.80632675769154,191.9351904861652
2025-09-29,1945.4617200939938,5878.408249433556,3.021600573641482,148.7239314480138,96.69148886673506,189.45689720656108
2025-09-30,1932.0419413598706,5863.406790592513,3.0348237608473165,125.64032303535957,170.44971409478032,233.97138651894642
2025-10-01,1918.6221626257475,5872.4773532235895,3.0607784417473622,197.4397102221922,423.7048966581525,600.8169748409426
2025-10-02,1905.2023838916223,5850.9142333718755,3.0710197944538713,182.54670073631056,263.28019047475897,394.0074203670297
2025-10-03,1891.7826051574991,5833.5997071028105,3.0836522606767165,145.7303849695735,103.30691597185563,207.6536193616675
2025-10-04,1878.362826423374,5825.054149319238,3.1011336400916925,156.37427988107325,89.11052453362839,190.09795904521349
2025-10-05,1866.6998770568264,5814.168596608445,3.1146777626489603,155.26194858625027,165.62685404227074,230.96650617144508
2025-10-06,1855.0369276902786,5797.961050028931,3.1255232515764626,138.89725750862135,141.4927427294806,257.8527597895288
2025-10-07,1905.2023838916223,5827.529034956811,3.0587454037577517,144.91167838265116,93.52258653055223,216.61127789928074
2025-10-08,1945.685103152881,5832.436770205027,2.9976262658093376,168.618487004057,120.42038510346057,246.87724161110248
2025-10-09,1946.5786353884307,5864.5699330893185,3.0127577825383205,133.85398830298,152.33930777635112,225.51115423213196
2025-10-10,1946.3552523295434,5856.75512269295,3.009088456839083,119.93180880872154,180.669996163757,251.18844001437063
2025-10-11,1946.131869270656,5847.026755339666,3.0044350270729256,102.12095617339833,110.43553296507004,171.43301160013775
2025-10-12,1945.9084862117686,5852.861390369818,3.0077783368754294,110.48193077889528,94.96476520432634,184.47893513227123
2025-10-13,1945.685103152881,5857.524894692347,3.01052050262426,106.15688598540022,121.4735226150463,201.75433507016177
2025-10-14,1945.4617200939938,5838.510522623038,3.001092471940776,100.72028715453081,118.59095789449086,182.30718287676714
2025-10-15,1932.0419413598706,5831.785316406507,3.018456893488449,112.62179177474711,100.5077581304248,138.47266518540243
2025-10-16,1918.6221626257475,5818.431945040914,3.032609577009184,106.221839371187,122.78791457486983,171.36695443929682
2025-10-17,1905.2023838916223,5815.518891488054,3.0524415362157504,114.44647001575903,131.35280657008647,175.29438182778068
2025-10-18,1891.7826051574991,5820.670346707419,3.0768177753821897,107.50632913527963,75.4930712564646,155.610470302235
2025-10-19,1878.362826423374,5808.37183617523,3.0922523351013393,113.19067832692878,100.29352150111208,172.02654990370976
2025-10-20,1873.3495245838515,5794.2478645725905,3.092988141580111,108.4838691102551,123.64698520553424,176.21947035494702
2025-10-21,1868.3362227443288,5783.645825371267,3.095612960324608,93.92355678456319,114.5663165161236,172.8453714522006
2025-10-22,1863.3229209048056,5780.64748646445,3.1023326239433806,112.23008696718041,124.25547510448331,208.23898349132185
2025-10-23,1858.309619065283,5786.610658889078,3.1139109433226224,107.94229281835425,213.82114072574007,303.2647617260981
2025-10-24,1853.2963172257598,5774.945030127508,3.1160397700310285,108.12968575304343,98.82278005106315,178.44414462226686
2025-10-25,1846.6466696987347,5762.331462655051,3.120429889056756,116.20986144616212,106.30671911577348,168.04158320363572
2025-10-26,1839.9970221717097,5753.065014979719,3.1266708291677006,107.50082382504631,99.46139066550941,179.3489967254638
2025-10-27,1833.3473746446837,5742.496708412502,3.132246942304341,104.12925400467788,143.29570769403983,214.1260930090492
2025-10-28,1826.6977271176586,5733.718948395083,3.1388438619466084,111.34171489605136,101.11782614764155,167.21029048106305
2025-10-29,1820.0480795906326,5731.850820368039,3.149285386821899,94.30709366372304,114.52345313376125,185.4789681276617
2025-10-30,1818.3112864954305,5738.909162142811,3.1561752955974036,117.08329471404275,74.44233274366862,166.02504330614462
2025-10-31,1816.5744934002284,5719.839978059241,3.148695524923372,101.5155066874286,104.96198647406368,153.9286989169354
2025-11-01,1814.8377003050261,5713.863820567656,3.148415871902654,109.27614263134431,63.00274060349196,139.31965818197625
2025-11-02,1813.100907209824,5698.377984131535,3.1428907025923634,103.8381642876628,105.08576379485028,162.2453730916199
2025-11-03,1811.3641141146218,5685.260642315134,3.1386625129724606,94.41368753252628,79.60183992929004,144.7769765799188
2025-11-04,1804.9119306287241,5673.015981123361,3.143098499629962,132.39301690317726,96.83650636333407,177.89202575239278
2025-11-05,1798.4597471428265,5665.523421862938,3.1502086331727086,111.90865555938863,82.69912966767757,174.44766630768513
2025-11-06,1792.0075636569281,5652.480389521439,3.154272618128068,112.50833516323809,127.08123341407534,204.61828024310182
2025-11-07,1813.100907209824,5669.490229690813,3.126957913454236,109.38304499022101,118.4140656908942,194.46633519450586
2025-11-08,1811.3641141146218,5653.598957497707,3.1211830429030742,102.98358063358293,80.34194684367728,165.57583044879584
2025-11-09,1804.9119306287241,5639.651987368027,3.12461339063979,118.98763084200647,83.60592299241493,181.42743327452942
2025-11-10,1798.4597471428265,5635.24379533116,3.1333722115736804,110.69471019884766,105.87556673114123,187.81319508798217
2025-11-11,1814.8377003050261,5645.080163577462,3.1105151510951496,106.09199406481252,85.48555480263919,142.51513697553426
2025-11-12,1813.100907209824,5636.658571732165,3.108849898711045,102.14600185810981,99.22739940916414,160.66269512447874
2025-11-13,1811.3641141146218,5625.042517049269,3.1054178854585173,116.21074062333699,152.29600542631644,230.53927592110378
2025-11-14,1804.9119306287241,5631.371865740589,3.120025841803236,93.6947081082017,98.76874812094249,157.22829048074396
2025-11-15,1816.5744934002284,5632.564476472279,3.1006515267806916,103.21354155623185,67.46584854511379,149.6666622387373
2025-11-16,1814.8377003050261,5626.1550031832085,3.1000871329913418,121.30641818049288,73.73832889621502,166.02632894061605
2025-11-17,1813.100907209824,5622.8934105643,3.1012578440641536,122.514135343019,76.38524584520984,156.327022655825
2025-11-18,1811.3641141146218,5609.4049912828195,3.0967848747653064,112.37124801131606,97.50055465420154,181.33651848679887
2025-11-19,1818.3112864954305,5612.994722196742,3.086927284609828,111.0108827562568,90.51261176062329,161.4684397658212
2025-11-20,1839.9970221717097,5618.174143096437,3.053360454064988,101.84555095999998,88.15327407865912,163.00182315272716
2025-11-21,1833.3473746446846,5619.732558924743,3.065285191800537,104.19881942030786,81.36953821626973,152.78591224912165
2025-11-22,1826.6977271176577,5614.755419896437,3.0737189500727893,105.00336843230716,65.98923831025132,133.87197383356624
2025-11-23,1820.0480795906326,5601.943768076906,3.0779097711181906,97.97770531553637,126.16216346018366,188.13759095390415
2025-11-24,1818.3112864954305,5603.272737508001,3.081580573757321,104.78696354410486,92.4054159241253,165.32663241825938
2025-11-25,1816.5744934002284,5599.365944372876,3.0823761781946484,105.18481754993212,66.07025426442662,131.75816176260818
2025-11-26,1814.8377003050264,5591.012364716354,3.08072306618749,113.00434497312658,60.337161504887604,151.60689199715821
2025-11-27,1813.1009072098238,5579.76188217629,3.0774690255728627,90.70837362046291,71.65373413932349,138.07181855211599
2025-11-28,1811.3641141146218,5570.982809885603,3.075573136552199,112.36176193354079,64.67667266303803,147.1930322030892
2025-11-29,1804.9119306287241,5572.698628479004,3.0875183070776235,109.96554266537997,93.44739201265945,163.25292483602118
2025-11-30,1798.4597471428265,5573.560898347176,3.099074587130332,113.33252774844833,86.62647214101293,169.2799335624312
2025-12-01,1792.007563656929,5576.03338541196,3.1116126396436705,325.95532471728217,100.20918370569291,304.48963433180893
2025-12-02,1813.1009072098238,5594.314737181479,3.0854955258891548,255.81557937075073,57.535830667032556,266.42446725741
2025-12-03,1820.0480795906326,5610.313210209072,3.082508244216796,150.86682990542243,108.62828640475527,217.95262886446665
2025-12-04,1818.3112864954305,5614.2254675154345,3.087604146337428,155.42855611780044,110.64876562974665,251.08996980387525
2025-12-05,1816.5744934002284,5607.987175554212,3.087122050831668,155.4654363255232,64.84943513371489,178.12853354710558
2025-12-06,1814.8377003050264,5606.091743081375,3.0890320066302013,156.82047552017875,73.36751594259916,199.1829954905328
2025-12-07,1826.6977271176577,5614.197060943564,3.073413284310696,154.34489546656832,97.99600858694168,221.44931956782358
2025-12-08,1820.0480795906326,5601.599245901781,3.077720478220388,321.5597338424896,100.52936779369769,365.6905775603043
2025-12-09,1818.3112864954305,5584.919144808107,3.071486816524329,243.80054588399446,103.39996369155627,315.331041885647
2025-12-10,1816.5744934002284,5568.239043714433,3.065241235052196,163.48127274701204,101.30579865398734,199.1774363655522
2025-12-11,1814.8377003050264,5560.803639565946,3.064077652029887,154.9800815043905,83.74185708440137,209.60916147795774
2025-12-12,1813.1009072098238,5545.7263751703995,3.0586970383819967,131.71278695277584,88.03477224637471,171.8139884686955
2025-12-13,1811.3641141146218,5541.66582499136,3.0593881052457945,111.28844370210663,76.00273592682346,171.50100983524555
2025-12-14,1804.9119306287241,5538.445667215732,3.0685406712816543,127.84513130380846,77.1739146630724,173.55308225548993
2025-12-15,1816.5744934002284,5540.807591944311,3.050140587173574,129.31677727209626,104.47395912908848,184.6121142403405
2025-12-16,1814.8377003050264,5540.775360166755,3.053041800506732,115.48840315832987,75.36192777228315,159.50343434263465
2025-12-17,1813.1009072098238,5533.090483076599,3.051727822248712,122.97594013850077,73.71527408763998,162.34042532126387
2025-12-18,1811.3641141146218,5526.635040649751,3.051090058362518,129.68363191178594,73.04556904879483,158.27483752084663
2025-12-19,1804.9119306287241,5524.812608116638,3.060987361412211,129.10190594975262,96.62917352234965,175.32256426701417
2025-12-20,1798.4597471428265,5526.573735947026,3.0729482518176856,112.93422303261954,47.34442780993592,120.87810276619848
2025-12-21,1792.007563656929,5515.974083242792,3.078097545518395,131.12112572999507,83.81429174100256,171.62319827398755
2025-12-22,1785.5553801710296,5515.0062811595435,3.0886783699933678,121.49413610855648,64.4744851089352,140.12703984099485
2025-12-23,1779.103196685132,5509.92944609193,3.097026331220226,108.91132920356634,61.113930472143956,144.99952580185743
2025-12-24,1778.3521766670851,5495.518706110237,3.090230820539559,109.27214843026468,63.03222901392272,142.84503792613333
2025-12-25,1777.6011566490383,5490.04711770126,3.0884583401433905,128.20450629643136,99.30682650159912,191.07142041277498
2025-12-26,1792.007563656929,5495.441164393474,3.066639491843991,110.33044387550368,87.12215120762811,158.05474586737938
2025-12-27,1787.8452834914967,5495.479446421094,3.0738003434441095,128.08663376195307,71.88559667941885,157.33600492213134
2025-12-28,1781.965575835716,5492.223787448547,3.08211553686876,130.98167225015882,79.21789329144728,184.7632886784719
2025-12-29,1781.3931000055993,5485.292444396331,3.0792150505012565,114.20701422696675,84.04651368151195,153.30368040222504
2025-12-30,1780.8206241754824,5482.985999884427,3.0789097596076203,109.23108532048383,96.88474495637485,173.24668512791487
2025-12-31,1780.2481483453657,5477.160430714227,3.076627511622422,136.2280821136102,76.34483114310738,183.11708378690366
