t,channel,mean_error_kw,q05_error_kw,q25_error_kw,q50_error_kw,q75_error_kw,q95_error_kw,samples
1,load,-15.7026002421,-303.323238535,-129.522025839,-15.7113658703,109.345658489,249.385006173,334
1,pv,0,0,0,0,0,0,334
1,net,-15.7026002421,-303.323238535,-129.522025839,-15.7113658703,109.345658489,249.385006173,334
2,load,-13.3575874335,-328.253579684,-115.982974325,-12.7200858398,97.9933094058,309.109896139,334
2,pv,0,0,0,0,0,0,334
2,net,-13.3575874335,-328.253579684,-115.982974325,-12.7200858398,97.9933094058,309.109896139,334
3,load,-12.1371716497,-355.504837641,-134.314443248,-7.3313292583,104.745806938,288.593241229,334
3,pv,0,0,0,0,0,0,334
3,net,-12.1371716497,-355.504837641,-134.314443248,-7.3313292583,104.745806938,288.593241229,334
4,load,-11.7065297452,-270.46876408,-106.999130987,-14.4617073307,90.380941769,244.789220067,334
4,pv,0,0,0,0,0,0,334
4,net,-11.7065297452,-270.46876408,-106.999130987,-14.4617073307,90.380941769,244.789220067,334
5,load,-12.0791565062,-305.455297341,-122.299829426,-2.99163871314,95.0027251982,257.684956298,334
5,pv,0,0,0,0,0,0,334
5,net,-12.0791565062,-305.455297341,-122.299829426,-2.99163871314,95.0027251982,257.684956298,334
6,load,-14.6767351434,-369.708617086,-129.799587013,-20.9011580319,117.654757238,327.239845349,334
6,pv,0,0,0,0,0,0,334
6,net,-14.6767351434,-369.708617086,-129.799587013,-20.9011580319,117.654757238,327.239845349,334
7,load,-11.9892600365,-323.43525028,-123.718158323,-8.11368882082,96.1260889713,287.243037505,334
7,pv,0,0,0,0,0,0,334
7,net,-11.9892600365,-323.43525028,-123.718158323,-8.11368882082,96.1260889713,287.243037505,334
8,load,-11.0738762336,-330.154138774,-117.213323287,-10.1787430765,101.731455479,265.114585585,334
8,pv,0,0,0,0,0,0,334
8,net,-11.0738762336,-330.154138774,-117.213323287,-10.1787430765,101.731455479,265.114585585,334
9,load,-10.8307870623,-345.476774854,-130.180585084,-8.19451606387,103.976963215,291.907159343,334
9,pv,0,0,0,0,0,0,334
9,net,-10.8307870623,-345.476774854,-130.180585084,-8.19451606387,103.976963215,291.907159343,334
10,load,-10.3108326559,-277.211986292,-126.13238728,-6.60789071403,89.7073124201,286.114674154,334
10,pv,0,0,0,0,0,0,334
10,net,-10.3108326559,-277.211986292,-126.13238728,-6.60789071403,89.7073124201,286.114674154,334
11,load,-9.17160915286,-285.908304486,-126.276102291,-0.733651467225,94.0111293673,281.470980781,334
11,pv,0,0,0,0,0,0,334
11,net,-9.17160915286,-285.908304486,-126.276102291,-0.733651467225,94.0111293673,281.470980781,334
12,load,-10.2924722444,-333.665609965,-134.104095629,-15.6204057005,113.729107369,309.863167886,334
12,pv,0,0,0,0,0,0,334
12,net,-10.2924722444,-333.665609965,-134.104095629,-15.6204057005,113.729107369,309.863167886,334
13,load,-7.17073283593,-311.118130006,-126.176774849,10.2076362997,109.530841047,266.182445494,334
13,pv,0,0,0,0,0,0,334
13,net,-7.17073283593,-311.118130006,-126.176774849,10.2076362997,109.530841047,266.182445494,334
14,load,-6.48496018947,-299.991807871,-117.143544002,-3.38567112596,100.508557533,291.485582071,334
14,pv,0,0,0,0,0,0,334
14,net,-6.48496018947,-299.991807871,-117.143544002,-3.38567112596,100.508557533,291.485582071,334
15,load,-12.2039785785,-304.447022521,-113.531662967,-5.88858743474,83.6706821775,286.807594931,334
15,pv,0,0,0,0,0,0,334
15,net,-12.2039785785,-304.447022521,-113.531662967,-5.88858743474,83.6706821775,286.807594931,334
16,load,-10.2615504091,-297.215414802,-113.368141707,-2.48122182075,100.842076416,237.794464098,334
16,pv,0,0,0,0,0,0,334
16,net,-10.2615504091,-297.215414802,-113.368141707,-2.48122182075,100.842076416,237.794464098,334
17,load,-11.2551928636,-279.376459427,-115.917405627,-5.50154234197,89.7439571582,262.507112077,334
17,pv,0,0,0,0,0,0,334
17,net,-11.2551928636,-279.376459427,-115.917405627,-5.50154234197,89.7439571582,262.507112077,334
18,load,-15.4782300132,-331.637511144,-127.845464485,-25.534377957,109.564695017,292.07492151,334
18,pv,0,0,0,0,0,0,334
18,net,-15.4782300132,-331.637511144,-127.845464485,-25.534377957,109.564695017,292.07492151,334
19,load,-11.7288345965,-298.767084138,-117.350242149,-13.4884845948,91.5870495967,273.780668765,334
19,pv,0.000191616766467,0,0,0,0,0.001535,334
19,net,-11.7290262133,-298.767084138,-117.350542149,-13.4884845948,91.5870495967,273.780668765,334
20,load,-9.22286607153,-296.631220072,-100.898648854,-17.9933584801,99.6875742785,246.607031098,334
20,pv,4.34131736527e-05,0,0,0,0,0,334
20,net,-9.2229094847,-296.631220072,-100.898648854,-17.9933584801,99.6875742785,246.607031098,334
21,load,-9.32266757394,-290.140816175,-115.406065525,-15.2391930008,105.255145009,263.228124711,334
21,pv,0,0,0,0,0,0,334
21,net,-9.32266757394,-290.140816175,-115.406065525,-15.2391930008,105.255145009,263.228124711,334
22,load,-8.57134387628,-290.615981201,-125.342867314,-6.91947487171,105.533697489,295.999804817,334
22,pv,0.00334071856287,0,0,0,0.0012,0.02144,334
22,net,-8.57468459484,-290.616436201,-125.361042314,-6.91947487171,105.533697489,295.994064817,334
23,load,-7.99313979862,-294.78501212,-98.6991770721,-12.5009532709,86.8080727402,278.261791544,334
23,pv,0.00128622754491,0,0,0,0,0.0114,334
23,net,-7.99442602617,-294.78501212,-98.7000020721,-12.5009532709,86.8080727402,278.261791544,334
24,load,-9.63400750268,-313.188320699,-132.060636334,0.0514107816621,117.691516385,253.38199183,334
24,pv,0,0,0,0,0,0,334
24,net,-9.63400750268,-313.188320699,-132.060636334,0.0514107816621,117.691516385,253.38199183,334
25,load,-10.3933334912,-271.361336388,-106.966700756,-5.02367803935,90.4090144839,242.858145874,334
25,pv,0.0469991017964,0,0,0,0.016775,0.298555,334
25,net,-10.440332593,-271.365116388,-106.966700756,-5.02367803935,90.2383144839,242.858145874,334
26,load,-12.5311431752,-274.678559027,-101.685821272,-8.2837773459,85.3490912891,231.765329182,334
26,pv,0.0183646706587,0,0,0,0.000825,0.159045,334
26,net,-12.5495078459,-274.818504027,-101.685821272,-8.2837773459,85.3490912891,231.765329182,334
27,load,-13.1477282369,-331.545856103,-125.960993434,-9.44069595881,97.6851931566,288.558485844,334
27,pv,0,0,0,0,0,0,334
27,net,-13.1477282369,-331.545856103,-125.960993434,-9.44069595881,97.6851931566,288.558485844,334
28,load,-9.37528134128,-280.403570464,-116.887220769,-7.95188558421,109.322767566,253.307077069,334
28,pv,0.65498502994,0,0,0,0.2337,4.158315,334
28,net,-10.0302663712,-280.415435464,-117.665681262,-8.00933650907,109.321142566,252.436627069,334
29,load,-6.93754866554,-269.609907237,-138.771071808,5.98161530789,101.786776152,274.405700171,334
29,pv,0.256255988024,0,0,0,0.0148,2.21528,334
29,net,-7.19380465357,-270.395728909,-138.771071808,4.89732706558,98.617876152,274.405700171,334
30,load,-7.99217154573,-327.179998652,-130.50873301,-15.6083810568,117.528378008,309.810806625,334
30,pv,-4.42905688932,-43.4190927424,0,0,0,0,334
30,net,-3.56311465641,-327.179998652,-124.705011073,-5.75256668185,120.943161296,310.907023497,334
31,load,-9.49220352593,-310.034450322,-127.784236239,2.46707962677,107.27792535,272.804597226,334
31,pv,-2.9801668649,-40.4428835905,0,0,0.12045,24.2488644924,334
31,net,-6.51203666103,-308.25039074,-124.742345475,2.39200748422,108.543390808,277.04671363,334
32,load,-9.79745958624,-265.686359367,-113.944193764,-20.6639449073,88.6709583084,252.006562955,334
32,pv,-3.05993703446,-61.618008864,0,0,0.2948,49.0674420394,334
32,net,-6.73752255178,-268.304332288,-113.497182782,-18.018130258,97.5483113057,263.878330197,334
33,load,-12.3572278327,-317.662537994,-111.31593921,0.305428633328,94.5928463539,267.692230589,334
33,pv,-5.07221954758,-82.5205784242,0,0,0,65.5672474774,334
33,net,-7.28500828513,-314.686640397,-114.717980929,0.0878133504637,109.020001857,272.14512573,334
34,load,-19.0169873331,-307.373081856,-122.507674909,-18.5099218664,89.0530910467,266.27008335,334
34,pv,-5.98139927097,-101.357318553,-3.05716144247,0,1.67785,77.1677684939,334
34,net,-13.0355880621,-311.214620068,-131.204711328,-7.09167778562,95.4756897315,271.851661008,334
35,load,-6.51413081671,-295.312436012,-122.432707462,-17.3296210463,92.0814095685,293.587688684,334
35,pv,-6.83545931321,-133.624321373,-10.6794984777,0,4.06265,94.2015632806,334
35,net,0.321328496492,-299.022165602,-119.472004644,-5.54917135077,103.668568892,317.681725498,334
36,load,-4.00964922241,-373.631112532,-130.008581796,-11.2180189765,139.442613886,329.225479438,334
36,pv,-6.65155853642,-155.176590287,-13.6123992705,0,0.550254716336,112.163866825,334
36,net,2.64190931401,-376.115383524,-141.846807153,-6.56469550063,151.08131235,353.578578589,334
37,load,-1.84912314685,-287.158213028,-124.049122273,-12.225144459,118.700600693,314.566262264,334
37,pv,-5.60485096093,-171.181353979,-17.2920407576,0.3033,18.3408098727,127.520414818,334
37,net,3.75572781407,-308.385374543,-125.885233737,-7.91268213541,125.893381385,348.462728428,334
38,load,-4.6414788554,-289.63731254,-120.310337397,-15.8198343937,113.842927693,310.488843179,334
38,pv,-6.08582777669,-197.404451411,-36.143701946,0,30.5678250009,164.690071527,334
38,net,1.4443489213,-341.901534753,-124.282717469,-10.7974167507,139.958402949,354.662773851,334
39,load,-6.47079453314,-305.457591696,-130.751821702,-11.8453890931,109.213539741,329.07930258,334
39,pv,-8.19455025443,-245.756949908,-48.3659891564,0,43.9861598878,200.389565278,334
39,net,1.72375572129,-404.374422764,-132.612313375,-17.1543247608,140.679173274,403.420439531,334
40,load,-11.6157043809,-298.314551072,-147.973024333,-23.8142476147,97.2730727769,321.338347654,334
40,pv,-7.9614180764,-299.282702925,-54.8771154871,0,51.0670309451,210.777591496,334
40,net,-3.65428630453,-388.881644891,-153.071155172,-13.5066614549,133.015446645,457.070438909,334
41,load,-1.34261923604,-335.750295319,-126.312861893,0.889110427175,112.280536811,347.206632341,334
41,pv,-7.63779001988,-304.115289183,-64.1965735983,0,63.9201604641,248.441238818,334
41,net,6.29517078384,-406.671105131,-141.456592969,-8.46335185355,165.773676398,435.462690346,334
42,load,-0.265858214967,-369.109968442,-125.921875259,3.37173147039,138.686410052,339.866575869,334
42,pv,-8.10527019681,-317.068460356,-80.5691641705,-4.70859312822,63.9646584968,297.254779412,334
42,net,7.83941198184,-486.869276302,-169.965611435,22.581103481,191.74906582,465.196326128,334
43,load,-4.67014090488,-319.458556522,-114.715836728,-3.52142487698,109.027712366,333.646066911,334
43,pv,-8.00511537888,-362.197762259,-89.0203051703,1.11164691353,74.9531335312,302.628783797,334
43,net,3.334974474,-435.38556606,-179.04074599,-16.4910009515,157.956762112,512.489079192,334
44,load,-6.0787892295,-333.279453224,-121.467316905,-17.3076275332,108.344297509,351.290362723,334
44,pv,-5.54685744645,-390.974737443,-110.300581707,5.69950688741,94.9678712475,350.829100464,334
44,net,-0.531931783048,-468.460198331,-176.013616194,-16.462918631,151.350636865,525.876350838,334
45,load,-4.64319309586,-369.501281086,-130.342716706,-6.88408220503,115.579875383,352.426914734,334
45,pv,-4.07084668906,-391.312484373,-148.003870514,2.27857174864,123.947140881,394.63446794,334
45,net,-0.572346406794,-553.348402787,-206.262892909,-3.23537191615,171.471851782,577.816048871,334
46,load,0.976710146678,-361.89385678,-118.686569646,3.56937956164,131.180343626,314.534269309,334
46,pv,-7.51794445962,-397.329393543,-156.641803733,-11.3320078142,119.621988358,438.046233958,334
46,net,8.4946546063,-552.076277327,-196.152061908,8.86143873326,208.763972121,607.110685074,334
47,load,-0.255246620951,-330.871027184,-119.748623859,5.39554364789,110.67096362,305.373402218,334
47,pv,-5.68007316462,-453.076257072,-146.572844838,-5.64939385213,135.331620806,468.840522155,334
47,net,5.42482654367,-509.095072233,-198.210091727,-4.34777029276,196.90881227,602.944767294,334
48,load,23.8827421024,-309.552284396,-95.9433830862,22.7659722451,151.395553441,349.909387083,334
48,pv,-5.6688080032,-453.35369456,-147.354894684,3.65356742558,143.643802269,492.450544366,334
48,net,29.5515501056,-521.3168032,-177.521600148,32.9420578477,211.40495188,641.868946286,334
49,load,44.0936518489,-251.217994337,-72.5999096031,51.3202420906,154.283407818,352.766172298,334
49,pv,-4.9063532179,-470.790711181,-174.223586692,-0.26601809884,166.874836845,495.274658233,334
49,net,49.0000050668,-509.018138684,-178.673495576,54.3337238277,261.647121984,629.280110464,334
50,load,21.7682219357,-322.183568495,-97.3190298374,31.3199367803,134.619000789,344.505272697,334
50,pv,-5.44837135282,-516.754146846,-195.265000617,-8.04173878543,175.252609469,446.831985645,334
50,net,27.2165932885,-562.580857307,-196.206324805,51.1707629924,232.296891991,636.156187457,334
51,load,24.6646877937,-330.637727905,-90.9330362773,25.7823456784,149.214200052,364.31329062,334
51,pv,-7.05333410088,-579.101861362,-213.848113579,-18.1183455855,203.954657034,504.344280738,334
51,net,31.7180218946,-598.659036247,-222.461476774,54.7099691884,275.364896947,766.90589676,334
52,load,25.6821871819,-262.758419858,-102.085114984,21.5503690845,126.666195633,376.333904329,334
52,pv,-3.76614177624,-592.805594916,-198.438341047,-10.3656389083,223.086328163,570.468517466,334
52,net,29.4483289581,-641.832099477,-227.723322409,27.3123752874,262.443157162,766.088332261,334
53,load,19.2160321448,-257.588714974,-84.4395296846,10.7906741674,117.997017217,360.902601605,334
53,pv,-4.92649370711,-676.821773611,-237.004601784,-5.9430609514,239.491305117,700.026483927,334
53,net,24.1425258519,-714.59796664,-232.445660783,19.5236812456,272.97128584,743.237869003,334
54,load,18.6480012193,-295.095529681,-105.80804527,13.9501178942,129.420428089,347.395713544,334
54,pv,-5.77185850185,-730.654336762,-287.345144956,-15.2994581878,268.159265151,679.211904319,334
54,net,24.4198597211,-724.757281454,-282.881612366,39.401797491,329.858899904,845.887274592,334
55,load,16.7283016271,-288.871284884,-104.76735674,11.3325081812,130.804931423,305.223806554,334
55,pv,-7.38770956972,-744.472529988,-282.190757514,-29.7417163683,271.817327787,773.89015477,334
55,net,24.1160111968,-706.244570831,-267.269689737,40.7082431365,309.142884304,756.034791966,334
56,load,16.7991751383,-293.410124395,-103.704064916,13.4058691499,132.1713351,309.515078435,334
56,pv,-6.95109918267,-739.688045304,-266.444983601,-14.6555144922,254.496072248,769.87396419,334
56,net,23.750274321,-769.34704811,-284.309825774,33.7905907412,318.285057159,799.683219785,334
57,load,13.6323841986,-303.434597327,-112.806124166,22.4804809771,124.656816957,345.149590417,334
57,pv,-8.03589225064,-736.544669237,-299.142160007,6.40876532076,267.192645767,751.566993303,334
57,net,21.6682764492,-766.204954144,-264.032704658,37.5565170334,309.008168104,752.164746929,334
58,load,11.6200634867,-272.110601845,-102.796795367,11.2471238642,112.785098867,316.898065327,334
58,pv,-7.30144594803,-769.424778663,-335.552754882,-13.4771994602,287.348027088,788.234389086,334
58,net,18.9215094347,-761.249623429,-327.761091211,21.8592802937,386.832931294,805.887212465,334
59,load,11.640694526,-295.425356668,-105.674730659,7.11492086575,122.608674342,341.96574345,334
59,pv,-6.54986742502,-824.152636141,-322.491931548,-6.64475998064,286.250832361,810.326176034,334
59,net,18.190561951,-800.552444605,-311.01091231,14.8683221278,386.228615321,875.954930246,334
60,load,13.7908751024,-313.975324503,-107.078825395,6.56982030188,130.53153634,296.462824952,334
60,pv,-6.28993988531,-868.492384842,-305.927312741,3.90041130602,321.933144205,831.244969794,334
60,net,20.0808149877,-857.420680818,-339.033495171,38.7508265085,339.709548756,903.059867742,334
61,load,15.2929381237,-284.083397303,-93.6497441155,8.83377175358,101.292481055,336.538165439,334
61,pv,-9.75648944105,-907.370424185,-354.006522279,-17.9939126798,329.812410253,879.280146374,334
61,net,25.0494275648,-899.256885582,-360.147202614,89.1077926488,386.284242494,956.747722874,334
62,load,12.5051095388,-261.866664466,-97.3394853175,0.822004654062,116.035770807,338.24919691,334
62,pv,-11.9583897599,-941.499627578,-344.155401398,-32.1222612718,354.554355256,882.265460312,334
62,net,24.4634992987,-832.54268821,-390.045406991,46.6015537239,361.45125908,989.52823272,334
63,load,7.70316469273,-314.16365198,-111.329620837,18.7509679712,130.293939256,323.742893511,334
63,pv,-8.94981899628,-881.195854618,-334.972294283,-6.25324467266,336.892147945,916.085176479,334
63,net,16.652983689,-898.831381345,-348.634681276,8.98952503826,346.579836352,1058.94858652,334
64,load,7.94936843485,-259.917071715,-96.3530342099,19.982858398,114.363335917,259.288704181,334
64,pv,-2.86571286051,-964.548057245,-361.727268094,30.2392185423,322.884594702,884.806307642,334
64,net,10.8150812954,-906.232325727,-361.808442655,-22.2641332016,379.795523134,1061.13815176,334
65,load,10.0662219961,-271.788233927,-96.588238983,1.17047015532,115.746469225,283.776584361,334
65,pv,4.98891891521,-939.210717524,-346.752914284,53.1176839787,344.009232416,860.567441224,334
65,net,5.07730308087,-868.270570227,-404.457213037,-24.4873368504,357.12919237,1080.33182263,334
66,load,9.6780722373,-285.577956489,-103.315611193,1.0031883707,127.782742861,309.456678413,334
66,pv,9.01560506931,-909.399427992,-330.161908132,22.1019760145,393.712778056,902.575717916,334
66,net,0.662467167991,-944.190859613,-372.055576269,-39.1723985416,339.712579617,1019.39689318,334
67,load,8.31614806202,-268.482848762,-117.359946597,16.0755258921,116.034767734,299.724958647,334
67,pv,9.90799287003,-938.917365204,-359.723954236,29.2178811443,345.444430744,916.94898622,334
67,net,-1.59184480801,-982.499767321,-385.547002092,-20.0064900342,412.38298571,1000.05475725,334
68,load,6.13599632232,-288.943439094,-113.155423831,6.11087956123,107.099888428,316.413746434,334
68,pv,9.62762252779,-929.414768847,-356.758200815,17.2646067977,353.830046832,979.888104225,334
68,net,-3.49162620547,-975.151064536,-360.232663803,-14.7977853685,366.909229568,1011.06280343,334
69,load,11.3159352112,-321.947782179,-107.732696761,8.76639682896,144.175556086,308.39017405,334
69,pv,11.1584169008,-975.494466782,-336.453348262,-1.07947085877,388.009185014,998.696561237,334
69,net,0.157518310384,-1038.42621998,-396.30104667,-7.69705868815,412.953300369,1029.00892188,334
70,load,15.3028535597,-300.679144144,-110.659106269,13.7483847165,117.683559254,301.258694716,334
70,pv,15.5713687767,-1066.75677437,-342.633313755,45.5539990116,369.968055376,1063.12950733,334
70,net,-0.268515217004,-1057.58617332,-377.221598964,-22.1144171711,371.450672465,1117.1147265,334
71,load,7.48647994976,-245.331498698,-84.3973251619,8.62888990552,97.1020051854,275.753434305,334
71,pv,18.8150678028,-1084.04543782,-371.337572278,34.4213631222,403.255200055,976.077053741,334
71,net,-11.3285878531,-1021.66003152,-435.666810541,-49.4927100658,398.162120546,1157.69180827,334
72,load,-8.26988153971,-358.528709652,-135.270964942,-4.52213965306,110.369996452,284.526716842,334
72,pv,21.0192817797,-1039.31274534,-368.813740444,59.8508416216,428.8973243,1000.30468776,334
72,net,-29.2891633194,-1005.18568258,-484.876544416,-35.6150948225,422.577412076,1096.38662805,334
73,load,-6.97866963815,-339.565394818,-130.913451224,-17.0790381116,117.68332677,319.323883885,334
73,pv,25.6244054843,-1054.44351143,-363.294713896,68.7788478975,448.834269953,978.366136311,334
73,net,-32.6030751224,-988.115190591,-516.746445835,-72.5979245145,387.733586699,1062.18224333,334
74,load,-1.18390487557,-294.596007354,-114.67587976,-11.8718836085,99.9288213389,310.542016345,334
74,pv,24.9920124372,-1034.61862861,-377.987648753,61.67035363,415.14750568,996.350086026,334
74,net,-26.1759173127,-1040.63206931,-440.990389988,-64.8094399062,409.162992163,1025.75297535,334
75,load,-2.58660157474,-321.096644847,-127.397860219,-5.51781755064,126.171341612,297.25720658,334
75,pv,16.250705818,-1013.54812195,-366.06025897,35.980913882,377.650274495,1037.58574183,334
75,net,-18.8373073928,-1078.05485305,-409.219586117,0.0245280517815,391.957812564,1019.58119328,334
76,load,-9.31418080453,-275.665295056,-129.419241676,-20.313539122,100.600909156,302.492950025,334
76,pv,3.49962665136,-1035.28139963,-358.357992805,17.8859263401,406.364731156,1038.60017379,334
76,net,-12.8138074559,-1038.46806331,-464.849650889,-37.7499697652,398.765151856,1086.58155197,334
77,load,-6.55146880485,-270.114894056,-133.652516117,-15.8118038107,105.76604081,297.901953819,334
77,pv,-1.87474863918,-1026.78611884,-372.268163982,-4.29355225366,394.782025636,961.973376423,334
77,net,-4.67672016567,-1028.47303174,-421.492904513,-24.2743107749,388.956515318,1066.21425741,334
78,load,8.81871065866,-282.641233072,-109.937707451,7.1484295468,124.456170344,321.802653884,334
78,pv,-2.12035135402,-1021.01948907,-363.071374167,-20.2460250845,387.071008068,1037.26231831,334
78,net,10.9390620127,-1079.03803293,-395.410288263,32.8448096013,373.162541258,1097.34121043,334
79,load,10.7731692414,-275.330866074,-107.463771137,17.223396626,126.13084807,293.627389879,334
79,pv,-7.34693815518,-1070.09549236,-317.798289333,-25.0228613267,366.07314273,960.566321092,334
79,net,18.1201073965,-1022.63181627,-349.020418671,31.5793512717,373.516183537,1157.17580502,334
80,load,9.86618466523,-264.160028508,-102.902351687,15.7596154827,112.527525922,286.413470608,334
80,pv,-14.0159508705,-1013.84223866,-365.743038348,-24.0261532888,311.420883858,900.142896414,334
80,net,23.8821355357,-1021.58829246,-366.857655993,13.1885726505,362.991769988,1029.27370513,334
81,load,11.6771104094,-310.408595739,-118.312803888,4.78467243559,129.661690991,337.689952741,334
81,pv,-18.5560175199,-936.507494452,-349.673760735,8.97931302813,298.921950614,927.932675391,334
81,net,30.2331279293,-874.663436624,-318.889739538,13.6863166548,395.786143289,992.523524684,334
82,load,11.7446987525,-265.940566063,-102.50436534,-5.21991636627,131.206184795,338.262997858,334
82,pv,-17.7373498024,-855.630857924,-327.484773196,-0.241076257211,290.821363614,835.038648312,334
82,net,29.4820485548,-856.280003202,-326.820539563,6.42633871137,354.729393319,973.477107143,334
83,load,10.5126943717,-282.95180932,-106.59062897,9.4821051514,119.490040437,316.107481124,334
83,pv,-16.6794289869,-868.406443788,-333.582982093,-4.18944333066,322.373742888,780.665891036,334
83,net,27.1921233586,-825.423048084,-324.000577874,8.23871758097,367.313012112,932.548941844,334
84,load,9.93665802338,-302.801316701,-99.5634078718,9.5234942152,137.612022888,297.111483358,334
84,pv,-17.4121571272,-892.631880229,-296.872395973,-4.3372208857,281.815480484,723.848325914,334
84,net,27.3488151506,-823.329294513,-313.053231252,5.80424769786,366.938644297,936.137437786,334
85,load,10.4607368402,-248.881533003,-104.654689369,-4.70950579455,100.700335499,270.835099344,334
85,pv,-16.9712765582,-823.098150647,-320.543835548,-6.35795185426,242.068348975,808.846151822,334
85,net,27.4320133984,-785.445419048,-285.379164257,25.3446629224,333.310749626,885.88939459,334
86,load,12.9227179238,-264.028616498,-111.223106812,1.830444792,121.739338067,299.082304822,334
86,pv,-17.78309091,-794.045768253,-276.851020308,-34.0253147273,221.267872064,806.934579512,334
86,net,30.7058088338,-806.008193295,-246.048183871,36.4671507961,346.587865884,814.810472548,334
87,load,13.2158050199,-323.645211357,-109.401886163,-4.83907671556,136.253112428,328.137599402,334
87,pv,-18.1135713608,-807.315064484,-314.922944491,-16.7249819721,282.452420069,738.058336272,334
87,net,31.3293763806,-751.766706644,-288.002169155,54.4177680079,352.215727332,864.079924019,334
88,load,8.65533195594,-246.81618839,-125.065389162,5.72163861415,110.207680865,309.262269371,334
88,pv,-18.1403061639,-793.898360926,-282.324078505,-38.5266162729,261.025170681,737.509290967,334
88,net,26.7956381199,-828.579698565,-282.652345162,25.2886923241,355.942180545,856.616664383,334
89,load,5.9035117775,-291.418520492,-102.121809593,-4.87027539194,121.203318905,297.294081726,334
89,pv,-14.3280557669,-756.354622212,-265.598452494,-27.7876987905,256.373001758,694.516264589,334
89,net,20.2315675444,-733.509096834,-277.4369555,28.1870874799,320.581077531,789.455210883,334
90,load,3.95386366109,-300.44445968,-135.412094641,4.41137916504,131.622834325,336.991552808,334
90,pv,-11.6597277033,-716.776140499,-239.473016118,-9.54107379535,267.919240251,656.946456989,334
90,net,15.6135913644,-748.358613631,-289.19249965,32.7032755753,311.027763956,797.350810612,334
91,load,4.87102636768,-258.470801445,-100.655879512,-10.1993029521,109.595669266,277.474829148,334
91,pv,-11.0207401783,-646.554456714,-274.114965067,-6.21458183409,240.006929143,633.465575643,334
91,net,15.891766546,-691.393785023,-255.392320898,10.0332423491,295.685526147,715.731547029,334
92,load,4.64558355203,-253.297815171,-101.959057404,-4.79033041689,121.265121501,260.618932641,334
92,pv,-13.0711881477,-610.861493879,-261.438988765,-5.68754674788,219.478925747,688.869746224,334
92,net,17.7167716997,-686.797398507,-253.956526538,4.34029200297,283.446345494,704.354231416,334
93,load,4.04449459631,-317.853521752,-116.754841374,-10.9283241078,111.35537952,360.862853034,334
93,pv,-12.6825456405,-594.628848681,-243.952322092,1.39518653151,195.656925303,592.208084677,334
93,net,16.7270402368,-706.249584841,-235.598986607,6.27492619088,267.449463313,697.489666974,334
94,load,6.41148400896,-309.589215835,-109.477303136,0.993665258959,106.62815801,327.0623856,334
94,pv,-13.4871392297,-573.570904213,-196.023371334,-19.2179157789,170.35961907,542.592570586,334
94,net,19.8986232386,-639.652023933,-208.40840457,21.3091004928,220.088046503,689.353416544,334
95,load,3.04102457374,-287.277653814,-122.862432388,13.0120733999,119.713280868,292.440098229,334
95,pv,-9.85235943612,-538.359099286,-186.881563679,0.593710639896,165.323790803,506.282956906,334
95,net,12.8933840099,-581.670180351,-217.114306973,15.3329049644,207.180744542,615.175035553,334
96,load,6.48634074277,-299.463357641,-113.601764114,6.24406613587,129.94939597,301.525912336,334
96,pv,-11.4420014167,-541.074669002,-164.478826839,-4.71696757877,164.980539316,471.262971465,334
96,net,17.9283421595,-534.895781239,-201.844444332,16.3552667922,209.831189821,548.324392886,334
97,load,4.80501384449,-282.323147405,-110.474583803,-6.96379669966,115.828680321,302.229792169,334
97,pv,-10.8240742784,-464.871133233,-161.486738097,-16.2120252926,152.184045563,471.242058685,334
97,net,15.6290881229,-549.298607095,-168.931563731,17.2533087172,213.82184385,529.88702391,334
98,load,3.1468973773,-287.44574812,-121.007337529,-5.85495806272,110.709128216,330.555625003,334
98,pv,-9.02702858318,-451.089747542,-146.467327742,-1.56445353237,135.400584945,377.02889067,334
98,net,12.1739259605,-499.946639235,-162.184640975,5.52283444239,194.933628059,513.046906895,334
99,load,1.16404032184,-307.191952322,-115.696739071,-3.43379755819,125.422003437,318.532938102,334
99,pv,-9.01623369154,-416.048568907,-136.65809464,1.10627646926,107.213641042,344.516120323,334
99,net,10.1802740134,-473.055448351,-176.877225856,-1.38414452643,176.719933137,519.84561826,334
100,load,3.66875605542,-313.774811842,-107.212811581,2.65488400947,102.20812422,318.782888633,334
100,pv,-6.7917414322,-363.964065095,-114.33970322,4.5974566068,108.773968548,340.196519052,334
100,net,10.4604974876,-500.978482884,-148.615572792,12.6244115587,163.286333975,440.487012972,334
101,load,9.35307749387,-306.271938212,-100.790029025,4.36028474443,112.326051133,316.397964123,334
101,pv,-8.22767387872,-305.498990874,-97.6657336985,-3.68863384003,83.0647532281,322.587093669,334
101,net,17.5807513726,-431.996448436,-154.335550057,23.4626215356,169.528806144,435.782754886,334
102,load,15.8805158722,-296.219070627,-117.227151821,4.93598525131,142.030728691,337.554275369,334
102,pv,-10.1092540545,-278.518993535,-93.4466258581,-4.50706427258,70.4631314288,294.196467744,334
102,net,25.9897699267,-375.119842345,-133.845522747,21.048232688,176.117327027,447.132328508,334
103,load,20.6972524023,-287.986553931,-110.088424118,7.30670112782,136.555312728,365.004158221,334
103,pv,-8.33402697551,-249.288102531,-82.8440555163,0,63.6349151414,242.799438169,334
103,net,29.0312793778,-359.423407219,-128.759567849,19.9959690706,161.622523755,442.304434984,334
104,load,18.8852619447,-304.943273728,-95.398437432,6.20588870623,141.011431869,358.083903679,334
104,pv,-9.01744848518,-257.069332411,-80.3091406884,0,55.242548863,210.850161384,334
104,net,27.9027104299,-340.849457057,-118.769583829,17.5940204842,159.441675913,447.735011424,334
105,load,20.4332234949,-334.283537989,-128.749964483,9.247671698,156.858580664,396.064948216,334
105,pv,-9.27828908627,-231.867574002,-58.3090282544,0,37.6046521998,166.376651282,334
105,net,29.7115125811,-350.35558828,-131.014654257,27.6445148883,176.92624476,477.271420516,334
106,load,42.3153278578,-325.290972232,-84.1036901914,47.99736307,164.990024374,393.762822832,334
106,pv,-7.12590070721,-204.005657333,-38.4801430934,0,24.5373758159,150.253509335,334
106,net,49.4412285651,-323.761925719,-82.3827657916,44.7778595776,168.702036374,458.580987662,334
107,load,1.27172779822,-342.221163262,-126.898149303,5.89782820307,121.535284647,318.465220491,334
107,pv,-6.31887948987,-149.446516443,-24.9582901255,0.165,16.7866186478,124.283484889,334
107,net,7.59060728809,-322.105388675,-92.3236787995,0.988874699551,118.118686447,353.589508694,334
108,load,-17.717332314,-327.626115096,-133.985200779,-14.7700233623,85.6866846298,363.676300524,334
108,pv,-6.91674985488,-114.216405846,-16.6591817474,0,0.115505057174,87.7206518811,334
108,net,-10.8005824592,-343.304182314,-136.209213727,-10.7582073573,85.0229452883,370.777375648,334
109,load,-20.2111184631,-334.39011752,-125.05374588,-20.8050358082,92.0950496473,277.418459736,334
109,pv,-6.98047336214,-103.85746432,-12.8804244155,0,2.4531,71.2419526272,334
109,net,-13.2306451009,-342.343182648,-124.436142819,-17.6446638129,98.4656540048,309.410459045,334
110,load,-15.8479193661,-346.013702686,-128.604419278,-0.271119003673,97.2193330009,304.944353297,334
110,pv,-5.77650604197,-92.8634721912,-6.4104740297,0,1.4248,72.6542596372,334
110,net,-10.0714133241,-341.398781889,-131.00922634,-1.85435883385,100.42097747,299.978114012,334
111,load,-15.856077621,-444.264386971,-141.202647484,-13.812822819,110.018661196,354.620945172,334
111,pv,-4.82862037515,-70.8007409706,0,0,0,54.8983686464,334
111,net,-11.0274572458,-443.459607102,-141.202647484,-7.20283128953,114.412100441,356.531808099,334
112,load,-15.9686125304,-386.396669816,-138.008656343,-1.86962478119,100.869162684,300.948980187,334
112,pv,-2.89516933839,-57.9254460198,0,0,0.34675,43.5352864994,334
112,net,-13.0734431921,-365.597493479,-131.97734525,-2.03297478119,101.746414429,323.855699574,334
113,load,-15.9810465456,-351.809206004,-132.353944371,-20.5727186472,119.643888205,309.540729487,334
113,pv,-2.63675619867,-38.1971076644,0,0,0.201475,22.0646535091,334
113,net,-13.3442903469,-351.606969947,-132.605128895,-18.0161131803,118.76110495,309.174419487,334
114,load,-16.4968549472,-383.18641834,-134.227227865,-13.5333505435,109.922318704,319.809697709,334
114,pv,-4.25086755042,-41.4474782692,0,0,0,0,334
114,net,-12.2459873968,-378.816903131,-129.96047061,-8.20273277766,113.330073602,325.538675166,334
115,load,-18.5290917672,-331.882154573,-139.432762972,-9.82747019933,104.217306744,290.169416013,334
115,pv,0.250868263473,0,0,0,0.01615,2.16957,334
115,net,-18.7799600306,-332.276314573,-139.484285313,-10.3553701993,103.658310538,290.169416013,334
116,load,-15.2752089183,-332.945775991,-118.457929682,-12.607526133,114.098726611,314.650451613,334
116,pv,0.656498203593,0,0,0,0.21925,3.88806,334
116,net,-15.9317071219,-332.945775991,-121.611006867,-13.253176133,113.310354954,312.007701613,334
117,load,-8.66952483268,-368.945763637,-156.103508233,0.163354135374,108.876005346,364.573551052,334
117,pv,0,0,0,0,0,0,334
117,net,-8.66952483268,-368.945763637,-156.103508233,0.163354135374,108.876005346,364.573551052,334
118,load,-8.55177534326,-300.026884624,-135.908335206,-10.3671074306,105.773065981,311.270124343,334
118,pv,0.0179766467066,0,0,0,0.001175,0.155765,334
118,net,-8.56975198997,-300.099334624,-135.908335206,-10.3671074306,105.771940981,311.264734343,334
119,load,-11.5978496196,-325.172282304,-116.735350312,-6.94900979869,89.0984379845,303.123278218,334
119,pv,0.0471050898204,0,0,0,0.0157,0.27913,334
119,net,-11.6449547095,-325.173062304,-116.735350312,-6.95570979869,89.0984379845,303.021603218,334
120,load,-9.16757943674,-393.889706973,-129.952181454,2.38450950742,127.166694486,321.674923525,334
120,pv,0,0,0,0,0,0,334
120,net,-9.16757943674,-393.889706973,-129.952181454,2.38450950742,127.166694486,321.674923525,334
121,load,-5.76361584917,-365.715177154,-115.608181179,10.0570110553,122.097523706,289.905938508,334
121,pv,0.00125628742515,0,0,0,0,0.011155,334
121,net,-5.7648721366,-365.715177154,-115.608181179,10.0570110553,122.097523706,289.905223508,334
122,load,-5.08241716215,-326.049052266,-121.142924353,1.13692339654,124.090079969,308.652655431,334
122,pv,0.00335389221557,0,0,0,0.0011,0.020015,334
122,net,-5.08577105436,-326.059582266,-121.142924353,1.13692339654,124.090079969,308.652655431,334
123,load,-5.42664472182,-385.438132464,-124.219768276,-10.515856781,115.218294364,377.082464534,334
123,pv,0,0,0,0,0,0,334
123,net,-5.42664472182,-385.438132464,-124.219768276,-10.515856781,115.218294364,377.082464534,334
124,load,-6.60015022389,-323.8287471,-112.833997232,1.63396656798,124.850073836,309.3223172,334
124,pv,4.46107784431e-05,0,0,0,0,0,334
124,net,-6.60019483467,-323.8287471,-112.833997232,1.63396656798,124.850073836,309.3223172,334
125,load,-6.60856469298,-359.60658731,-108.933289535,5.52924604009,119.2401068,310.30341861,334
125,pv,0.000198502994012,0,0,0,0,0.001435,334
125,net,-6.60876319597,-359.60658731,-108.933289535,5.52794604009,119.2397818,310.30341861,334
126,load,-6.19233098183,-357.195845741,-147.740646387,-7.32887822181,125.468333782,345.747391916,334
126,pv,0,0,0,0,0,0,334
126,net,-6.19233098183,-357.195845741,-147.740646387,-7.32887822181,125.468333782,345.747391916,334
127,load,-3.22662479936,-387.288988628,-118.870661445,8.19305858068,123.022545899,357.620071118,334
127,pv,0,0,0,0,0,0,334
127,net,-3.22662479936,-387.288988628,-118.870661445,8.19305858068,123.022545899,357.620071118,334
128,load,-1.88835996726,-422.354527783,-125.009275577,3.02756625785,131.888423133,354.847038038,334
128,pv,0,0,0,0,0,0,334
128,net,-1.88835996726,-422.354527783,-125.009275577,3.02756625785,131.888423133,354.847038038,334
129,load,1.35330528997,-391.687850239,-109.875131035,8.62932180651,131.999446372,319.813777347,334
129,pv,0,0,0,0,0,0,334
129,net,1.35330528997,-391.687850239,-109.875131035,8.62932180651,131.999446372,319.813777347,334
130,load,6.19568144054,-379.389713141,-92.0837175429,17.8237846954,132.754681555,274.012597628,334
130,pv,0,0,0,0,0,0,334
130,net,6.19568144054,-379.389713141,-92.0837175429,17.8237846954,132.754681555,274.012597628,334
131,load,-14.2033020918,-320.472292819,-128.442389335,-3.0562391,104.539789607,266.121052708,334
131,pv,0,0,0,0,0,0,334
131,net,-14.2033020918,-320.472292819,-128.442389335,-3.0562391,104.539789607,266.121052708,334
132,load,-30.8061516717,-351.099683153,-157.098511803,-28.5328809053,79.3785398444,304.916867478,334
132,pv,0,0,0,0,0,0,334
132,net,-30.8061516717,-351.099683153,-157.098511803,-28.5328809053,79.3785398444,304.916867478,334
133,load,-32.007064231,-383.098911233,-154.51915685,-28.3996440234,88.8196531625,312.253368073,334
133,pv,0,0,0,0,0,0,334
133,net,-32.007064231,-383.098911233,-154.51915685,-28.3996440234,88.8196531625,312.253368073,334
134,load,-23.7859310125,-324.686347734,-144.168594947,-32.3705817788,101.368684218,270.582622447,334
134,pv,0,0,0,0,0,0,334
134,net,-23.7859310125,-324.686347734,-144.168594947,-32.3705817788,101.368684218,270.582622447,334
135,load,-23.9298722918,-344.799203974,-169.197992713,-20.7309271958,117.33931634,339.664770087,334
135,pv,0,0,0,0,0,0,334
135,net,-23.9298722918,-344.799203974,-169.197992713,-20.7309271958,117.33931634,339.664770087,334
136,load,-22.1790976565,-341.514669942,-134.756191959,-11.6479647804,92.4171578996,294.072953743,334
136,pv,0,0,0,0,0,0,334
136,net,-22.1790976565,-341.514669942,-134.756191959,-11.6479647804,92.4171578996,294.072953743,334
137,load,-20.5423839885,-340.644097359,-132.843691857,-7.3448869936,91.4229812481,279.248004622,334
137,pv,0,0,0,0,0,0,334
137,net,-20.5423839885,-340.644097359,-132.843691857,-7.3448869936,91.4229812481,279.248004622,334
138,load,-20.7148351948,-362.255181791,-145.92194697,-18.2506126162,120.088601449,293.676978788,334
138,pv,0,0,0,0,0,0,334
138,net,-20.7148351948,-362.255181791,-145.92194697,-18.2506126162,120.088601449,293.676978788,334
139,load,-20.6061570595,-285.932396952,-125.706468203,-31.5509461015,95.7923827066,238.665119168,334
139,pv,0,0,0,0,0,0,334
139,net,-20.6061570595,-285.932396952,-125.706468203,-31.5509461015,95.7923827066,238.665119168,334
140,load,-18.760576473,-316.241633615,-137.711435524,-28.9708861433,107.050024963,249.270978012,334
140,pv,0,0,0,0,0,0,334
140,net,-18.760576473,-316.241633615,-137.711435524,-28.9708861433,107.050024963,249.270978012,334
141,load,-19.3554331734,-359.328471809,-141.180173134,-13.1767294496,109.179738411,291.487636484,334
141,pv,0,0,0,0,0,0,334
141,net,-19.3554331734,-359.328471809,-141.180173134,-13.1767294496,109.179738411,291.487636484,334
142,load,-19.999469967,-362.999658882,-141.845334724,-18.6832476933,94.6057528331,285.233167286,334
142,pv,0,0,0,0,0,0,334
142,net,-19.999469967,-362.999658882,-141.845334724,-18.6832476933,94.6057528331,285.233167286,334
143,load,-11.5733619118,-308.864694314,-134.021051103,-22.8784371329,122.707430532,289.656868617,334
143,pv,0,0,0,0,0,0,334
143,net,-11.5733619118,-308.864694314,-134.021051103,-22.8784371329,122.707430532,289.656868617,334
144,load,-13.8712565293,-354.279080801,-145.667331514,-22.7600485905,109.714117245,371.594016219,334
144,pv,0,0,0,0,0,0,334
144,net,-13.8712565293,-354.279080801,-145.667331514,-22.7600485905,109.714117245,371.594016219,334
